cause	type	doc_id	category	trick	checksum	residual	text
case	ADDRESS	agency_0003__m2718_case	adversarial	mut:case		LEAK	новосибирск  мира 18
case	ADDRESS	agency_0008__m2718_case	adversarial	mut:case		LEAK	ростов-на-дону  садовая 33
case	ADDRESS	agency_0009__m2718_case	adversarial	mut:case		LEAK	МОСКВА ЛЕНИНА 47/3 КВ 67
case	ADDRESS	agency_0009__m2718_case	adversarial	mut:case		LEAK	новосибирск лесная 34/4 кв 83
case	ADDRESS	agency_0009__m2718_case	adversarial	mut:case		LEAK	самара победы 82/4 кв 79
case	ADDRESS	labor_0006__m1337_case	adversarial	mut:case		LEAK	ПЕРМЬ, ПРОФСОЮЗНАЯ 24
case	ADDRESS	labor_0006__m1337_case	adversarial	mut:case		LEAK	тВеРь, ПоЛеВаЯ 21
case	ADDRESS	loan_0009__m2718_case	adversarial	mut:case		LEAK	нОвОсИбИрСк  ПуШкИнА 37
case	ADDRESS	sale_0005__m2718_case	adversarial	mut:case		LEAK	КРАСНОГОРСК  ТВЕРСКАЯ 24
case	ADDRESS	services_0012__m2718_case	adversarial	mut:case		LEAK	ТВЕРЬ, ГАГАРИНА 25
case	ADDRESS	works_0009__m2718_case	adversarial	mut:case		LEAK	красногорск  гагарина 74
case	ADDRESS	works_0012__m1337_case	adversarial	mut:case		LEAK	САМАРА ЗАРЕЧНАЯ 34/3 КВ 2
case	ORG	agency_0003__m2718_case	adversarial	mut:case		LEAK	ооо ромашка-плюс
case	ORG	cession_0005__m2718_case	adversarial	mut:case		LEAK	ао «завод им. в.а. дегтярёва»
case	ORG	labor_0006__m1337_case	adversarial	mut:case		LEAK	ооо "ромашка"
case	ORG	labor_0009__m2718_case	adversarial	mut:case		LEAK	ооо «соколов»
case	ORG	labor_0009__m2718_case	adversarial	mut:case		LEAK	ооо «соколов»
case	ORG	lease_0003__m2718_case	adversarial	mut:case		LEAK	пао «ромашка-плюс»
case	ORG	lease_0009__m2718_case	adversarial	mut:case		LEAK	ооо «стройинвест»
case	ORG	loan_0003__m2718_case	adversarial	mut:case		LEAK	ооо «северный ветер»
case	ORG	loan_0009__m2718_case	adversarial	mut:case		LEAK	ооо «меридиан»
case	ORG	loan_0009__m2718_case	adversarial	mut:case		LEAK	ооо меридиан
case	ORG	sale_0005__m2718_case	adversarial	mut:case		LEAK	оОо гРаНиТ
case	ORG	sale_0011__m2718_case	adversarial	mut:case		LEAK	ооо «медведев»
case	ORG	sale_0011__m2718_case	adversarial	mut:case		LEAK	ооо «медведев»
case	ORG	services_0003__m2718_case	adversarial	mut:case		LEAK	пао «вектор»
case	ORG	services_0003__m2718_case	adversarial	mut:case		LEAK	пао «ромашка-плюс»
case	ORG	supply_0007__m2718_case	adversarial	mut:case		LEAK	ао «гефест»
case	ORG	supply_0013__m2718_case	adversarial	mut:case		LEAK	ао «аргус»
case	ORG	supply_0013__m2718_case	adversarial	mut:case		LEAK	ао «северный ветер»
case	ORG	supply_0013__m2718_case	adversarial	mut:case		LEAK	ао «северный ветер»
case	ORG	works_0003__m2718_case	adversarial	mut:case		LEAK	ооо «смирнов»
case	ORG	works_0009__m2718_case	adversarial	mut:case		LEAK	ооо медведев
case	PER	agency_0003	adversarial	lowercase		LEAK	кузнецовой марией дмитриевной
case	PER	agency_0003__m2718_case	adversarial	lowercase		LEAK	кузнецовой марией дмитриевной
case	PER	agency_0003__m2718_case	adversarial	mut:case		LEAK	ВИНОГРАДОВ П. Ю.
case	PER	agency_0003__m2718_case	adversarial	mut:case		LEAK	КУЗНЕЦОВА МАРИЯ ДМИТРИЕВНА
case	PER	agency_0003__m2718_case	adversarial	mut:case		LEAK	виноградова павла юрьевича
case	PER	agency_0003__m2718_case	adversarial	mut:case		LEAK	кУзНеЦоВа мАрИя дМиТрИеВнА
case	PER	agency_0003__m2718_case	adversarial	mut:case		LEAK	кузнецова м. д.
case	PER	agency_0003__m2718_case	adversarial	mut:case		LEAK	кузнецовой марии дмитриевне
case	PER	agency_0003__m2718_case	adversarial	mut:case		LEAK	п. ю. виноградов
case	PER	agency_0004	adversarial	uppercase		LEAK	ПЕТРОВА ОЛЬГА ИВАНОВНА
case	PER	agency_0004__m1337_digit_spaces	adversarial	uppercase		LEAK	ПЕТРОВА ОЛЬГА ИВАНОВНА
case	PER	agency_0008__m2718_case	adversarial	mut:case		LEAK	КИСЕЛЁВ М. О.
case	PER	agency_0008__m2718_case	adversarial	mut:case		LEAK	ЛЕБЕДЕВ Е. А.
case	PER	agency_0008__m2718_case	adversarial	mut:case		LEAK	ЛЕБЕДЕВУ ЕГОРУ АЛЕКСЕЕВИЧУ
case	PER	agency_0008__m2718_case	adversarial	mut:case		LEAK	м.о.киселёв
case	PER	agency_0008__m2718_case	adversarial	mut:case		hidden	лЕбЕдЕв еГоР АлЕкСеЕвИч
case	PER	agency_0008__m2718_case	adversarial	mut:case		hidden	сЕмЁнОв сЕрГеЙ ЕгОрОвИч
case	PER	agency_0009__m2718_case	adversarial	mut:case		LEAK	ЕРШОВА ТАТЬЯНА ДМИТРИЕВНА
case	PER	agency_0009__m2718_case	adversarial	mut:case		LEAK	ЕРШОВА ТА​ТЬЯНА ДМИ ТРИЕВНА
case	PER	agency_0009__m2718_case	adversarial	mut:case		LEAK	ершова т. д.
case	PER	agency_0009__m2718_case	adversarial	mut:case		LEAK	ершова татьяна дмитриевна
case	PER	agency_0009__m2718_case	adversarial	mut:case		LEAK	ершовой татьяне дмитриевне
case	PER	agency_0009__m2718_case	adversarial	mut:case		LEAK	н. н. павлов
case	PER	agency_0009__m2718_case	adversarial	mut:case		LEAK	павлов н. н.
case	PER	agency_0009__m2718_case	adversarial	mut:case		hidden	ПАВЛОВА НИКОЛАЯ НИКОЛАЕВИЧА
case	PER	agency_0010	adversarial	lowercase		LEAK	поповым олегом олеговичем
case	PER	agency_0010__m1337_case	adversarial	lowercase		LEAK	поповым олегом олеговичем
case	PER	agency_0010__m1337_case	adversarial	mut:case		LEAK	МОРОЗОВА ЕКАТЕРИНА ОЛЕГОВНА
case	PER	agency_0010__m1337_case	adversarial	mut:case		LEAK	МОРОЗОВА ЕКАТЕРИНА ОЛЕГОВНА
case	PER	agency_0010__m1337_case	adversarial	mut:case		LEAK	ПОПОВУ ОЛЕГУ ОЛЕГОВИЧУ
case	PER	agency_0010__m1337_case	adversarial	mut:case		LEAK	мОрОзОвА Е. о.
case	PER	agency_0010__m1337_case	adversarial	mut:case		LEAK	морозова е. о.
case	PER	agency_0010__m1337_case	adversarial	mut:case		LEAK	морозова е. о.
case	PER	agency_0010__m1337_case	adversarial	mut:case		LEAK	пОпОв оЛеГ ОлЕгОвИч
case	PER	agency_0010__m1337_case	adversarial	mut:case		LEAK	пОпОвУ ОлЕгУ ОлЕгОвИчУ
case	PER	agency_0010__m1337_case	adversarial	mut:case		LEAK	попов о. о.
case	PER	agency_0010__m1337_case	adversarial	mut:case		LEAK	попов олег олегович
case	PER	agency_0010__m1337_case	adversarial	mut:case		hidden	ПОПОВ О. О.
case	PER	agency_0010__m1337_case	adversarial	mut:case		hidden	ПОПОВЫМ ОЛЕГОМ ОЛЕГОВИЧЕМ
case	PER	cession_0005__m2718_case	adversarial	mut:case		LEAK	НИКИТИНА Е. П.
case	PER	cession_0005__m2718_case	adversarial	mut:case		LEAK	никитина екатерина павловна
case	PER	cession_0005__m2718_case	adversarial	mut:case		LEAK	никитина екатерина павловна
case	PER	cession_0005__m2718_case	adversarial	mut:case		LEAK	никитина екатерина павловна
case	PER	cession_0005__m2718_case	adversarial	mut:case		LEAK	никитин а ек⁠атерина павловна
case	PER	cession_0006	adversarial	lowercase		LEAK	павловым владимиром егоровичем
case	PER	cession_0006__m2718_digit_spaces	adversarial	lowercase		LEAK	павловым владимиром егоровичем
case	PER	cession_0007	adversarial	uppercase		LEAK	ТЕР-ПЕТРОСЯН АРТУР АШОТОВИЧ
case	PER	cession_0007__m1337_digit_spaces	adversarial	uppercase		LEAK	ТЕР-ПЕТРОСЯН АРТУР АШОТОВИЧ
case	PER	cession_0008	adversarial	alternating_case		LEAK	иВаНоВа Мария
case	PER	cession_0008__m1337_digit_spaces	adversarial	alternating_case		LEAK	иВаНоВа Мария
case	PER	labor_0001	adversarial	uppercase		hidden	МАКАРОВ ВЛАДИМИР ВЛАДИМИРОВИЧ
case	PER	labor_0003__m2718_case	adversarial	mut:case		LEAK	ВОРОБЬЁВ ПАВЕЛ ЮРЬЕВИЧ
case	PER	labor_0003__m2718_case	adversarial	mut:case		LEAK	ВОРОБЬЁВ ПАВЕЛ ЮРЬЕВИЧ
case	PER	labor_0003__m2718_case	adversarial	mut:case		LEAK	ЛEБЕДЕВА ЕKAТЕРИНА ПAВЛОВНА
case	PER	labor_0003__m2718_case	adversarial	mut:case		LEAK	ЛЕБЕДЕВА Е. П.
case	PER	labor_0003__m2718_case	adversarial	mut:case		LEAK	ЛЕБЕДЕВОЙ ЕКАТЕРИНЫ ПАВЛОВНЫ
case	PER	labor_0003__m2718_case	adversarial	mut:case		LEAK	воробьёв п. ю.
case	PER	labor_0003__m2718_case	adversarial	mut:case		LEAK	воробьёву павлу юрьевичу
case	PER	labor_0003__m2718_case	adversarial	mut:case		LEAK	лебедева екатерина павловна
case	PER	labor_0004__m2718_case	adversarial	mut:case		LEAK	БЕЛЯЕВ ВЛАДИМИР ОЛЕГОВИЧ
case	PER	labor_0004__m2718_case	adversarial	mut:case		LEAK	БЕЛЯЕВ ВЛАДИМИР ОЛЕГОВИЧ
case	PER	labor_0004__m2718_case	adversarial	mut:case		LEAK	БЕЛЯЕВ\nВЛАДИМИР ОЛЕГОВИЧ
case	PER	labor_0004__m2718_case	adversarial	mut:case		LEAK	БЕЛЯ​ЕВ  ВЛАДИМИР ОЛЕГОВИЧ
case	PER	labor_0004__m2718_case	adversarial	mut:case		LEAK	СМИРНОВА М. Н.
case	PER	labor_0004__m2718_case	adversarial	mut:case		LEAK	бЕлЯеВу вЛаДиМиРу оЛеГоВиЧу
case	PER	labor_0004__m2718_case	adversarial	mut:case		LEAK	беляев в. о.
case	PER	labor_0004__m2718_case	adversarial	mut:case		LEAK	кузнецова татьяна алексеевна
case	PER	labor_0004__m2718_case	adversarial	mut:case		LEAK	смирнова м. н.
case	PER	labor_0005	adversarial	lowercase		LEAK	фёдоровым владимиром михайловичем
case	PER	labor_0005__m1337_digit_spaces	adversarial	lowercase		LEAK	фёдоровым владимиром михайловичем
case	PER	labor_0006	adversarial	uppercase		hidden	ИВАНОВ ЕГОР ОЛЕГОВИЧ
case	PER	labor_0006__m1337_case	adversarial	mut:case		LEAK	ОРЛОВ АЛЕКСЕЙ ЮРЬЕВИЧ
case	PER	labor_0006__m1337_case	adversarial	mut:case		LEAK	ОРЛОВ АЛЕКСЕЙ ЮРЬЕВИЧ
case	PER	labor_0006__m1337_case	adversarial	mut:case		LEAK	е. о. иванов
case	PER	labor_0006__m1337_case	adversarial	mut:case		LEAK	иВаНоВ Е. о.
case	PER	labor_0006__m1337_case	adversarial	mut:case		LEAK	иванов егор олегович
case	PER	labor_0006__m1337_case	adversarial	mut:case		LEAK	иванова егора олеговича
case	PER	labor_0006__m1337_case	adversarial	mut:case		hidden	орлов а. ю.
case	PER	labor_0009__m2718_case	adversarial	mut:case		LEAK	ДЕ‍ ВРИС ЙОХАН
case	PER	labor_0009__m2718_case	adversarial	mut:case		LEAK	Й. ДЕ ВРИС
case	PER	labor_0009__m2718_case	adversarial	mut:case		LEAK	ЛИ В.
case	PER	labor_0009__m2718_case	adversarial	mut:case		LEAK	ЛИ ВЭЙ
case	PER	labor_0009__m2718_case	adversarial	mut:case		LEAK	ЛИ\nВЭЙ
case	PER	labor_0009__m2718_case	adversarial	mut:case		LEAK	дЕ ВрИс й.
case	PER	labor_0009__m2718_case	adversarial	mut:case		LEAK	де вриса йохана
case	PER	labor_0009__m2718_case	adversarial	mut:case		LEAK	лИ ВэЙ
case	PER	labor_0009__m2718_case	adversarial	mut:case		LEAK	лИ ВэЮ
case	PER	labor_0012	adversarial	lowercase		LEAK	ивановой ириной юрьевной
case	PER	labor_0012__m2718_digit_spaces	adversarial	lowercase		LEAK	ивановой ириной юрьевной
case	PER	lease_0003__m2718_case	adversarial	mut:case		LEAK	ГУСЕВА ЛЮДМИЛА МИХАЙЛОВНА
case	PER	lease_0003__m2718_case	adversarial	mut:case		LEAK	гУсЕвА Л. м.
case	PER	lease_0003__m2718_case	adversarial	mut:case		LEAK	гУсЕвА ЛюДмИлА МиХаЙлОвНа
case	PER	lease_0003__m2718_case	adversarial	mut:case		LEAK	гусевой людмиле михайловне
case	PER	lease_0003__m2718_case	adversarial	mut:case		LEAK	соколовой ирины алексеевны
case	PER	lease_0006__m2718_case	adversarial	mut:case		LEAK	кУзНеЦоВа т. С.
case	PER	lease_0006__m2718_case	adversarial	mut:case		LEAK	кУзНеЦоВа тАтЬяНа сЕрГеЕвНа
case	PER	lease_0006__m2718_case	adversarial	mut:case		LEAK	кузнецова татьяна сергеевна
case	PER	lease_0006__m2718_case	adversarial	mut:case		LEAK	мАкАрОв р. Д.
case	PER	lease_0006__m2718_case	adversarial	mut:case		LEAK	мАкАрОв рОмАн дМиТрИеВиЧ
case	PER	lease_0006__m2718_case	adversarial	mut:case		LEAK	мАкАрОвУ РоМаНу дМиТрИеВиЧу
case	PER	lease_0006__m2718_case	adversarial	mut:case		LEAK	макаров роман дмитриевич
case	PER	lease_0006__m2718_case	adversarial	mut:case		hidden	КУЗНЕЦОВА ТАТЬЯНА СЕРГЕЕВНА
case	PER	lease_0006__m2718_case	adversarial	mut:case		hidden	ПЕТРОВА НАТАЛЬЯ ИВАНОВНА
case	PER	lease_0009__m2718_case	adversarial	mut:case		LEAK	НОВИКОВ АНДРЕЙ ВЛАДИМИРОВИЧ
case	PER	lease_0009__m2718_case	adversarial	mut:case		LEAK	НОВИКОВ АНДРЕЙ ВЛАДИМИРОВИЧ
case	PER	lease_0009__m2718_case	adversarial	mut:case		LEAK	белка а. м.
case	PER	lease_0009__m2718_case	adversarial	mut:case		LEAK	белкы анны михайловны
case	PER	lease_0009__m2718_case	adversarial	mut:case		LEAK	новиков а. в.
case	PER	lease_0009__m2718_case	adversarial	mut:case		LEAK	новикову андрею владимировичу
case	PER	loan_0003__m2718_case	adversarial	mut:case		LEAK	МОРОЗОВ СЕРГЕЙ АНДРЕЕВИЧ
case	PER	loan_0003__m2718_case	adversarial	mut:case		LEAK	зАйЦеВ М. о.
case	PER	loan_0003__m2718_case	adversarial	mut:case		LEAK	м. о. зайцев
case	PER	loan_0003__m2718_case	adversarial	mut:case		LEAK	мОрО​ЗоВ СеРгЕй аН ДрЕеВиЧ
case	PER	loan_0003__m2718_case	adversarial	mut:case		LEAK	морозов сергей андреевич
case	PER	loan_0003__m2718_case	adversarial	mut:case		LEAK	морозову сергею андреевичу
case	PER	loan_0003__m2718_case	adversarial	mut:case		hidden	ЗАЙЦЕВА МИХАИЛА ОЛЕГОВИЧА
case	PER	loan_0005	adversarial	uppercase		LEAK	КИСЕЛЬ ЕГОР ПЕТРОВИЧ
case	PER	loan_0005__m1337_digit_spaces	adversarial	uppercase		LEAK	КИСЕЛЬ ЕГОР ПЕТРОВИЧ
case	PER	loan_0006	adversarial	alternating_case		LEAK	иВаНоВ Владимир
case	PER	loan_0008__m2718_case	adversarial	mut:case		LEAK	ВОР­ОБЬЁВ РО МАН ПАВЛОВИЧ
case	PER	loan_0008__m2718_case	adversarial	mut:case		LEAK	ВОРОБЬЁВ РОМАН ПАВЛОВИЧ
case	PER	loan_0008__m2718_case	adversarial	mut:case		LEAK	ВОРОБЬЁВ РОМАН ПАВЛОВИЧ
case	PER	loan_0008__m2718_case	adversarial	mut:case		LEAK	ПАВЛОВ Н. В.
case	PER	loan_0008__m2718_case	adversarial	mut:case		LEAK	вОрОбЬёВ Р. п.
case	PER	loan_0008__m2718_case	adversarial	mut:case		LEAK	воробьёв р. п.
case	PER	loan_0008__m2718_case	adversarial	mut:case		LEAK	воробьёву роману павловичу
case	PER	loan_0008__m2718_case	adversarial	mut:case		LEAK	н. в. павлов
case	PER	loan_0008__m2718_case	adversarial	mut:case		LEAK	павлова николая владимировича
case	PER	loan_0008__m2718_case	adversarial	mut:case		hidden	тИтОвА НаТаЛьЯ ОлЕгОвНа
case	PER	loan_0009	adversarial	lowercase		LEAK	кузнецовой дарьей владимировной
case	PER	loan_0009__m2718_case	adversarial	mut:case		LEAK	МАКАРОВА ПАВЛА ИВАНОВИЧА
case	PER	loan_0009__m2718_case	adversarial	mut:case		LEAK	кУзНеЦоВа д. В.
case	PER	loan_0009__m2718_case	adversarial	mut:case		LEAK	кузнецова дарья владимировна
case	PER	loan_0009__m2718_case	adversarial	mut:case		LEAK	макаров п. и.
case	PER	sale_0001	adversarial	uppercase		LEAK	МАКСИМОВА АННА МИХАЙЛОВНА
case	PER	sale_0001__m1337_digit_spaces	adversarial	uppercase		LEAK	МАКСИМОВА АННА МИХАЙЛОВНА
case	PER	sale_0002	adversarial	alternating_case		hidden	тИтОвА Анна
case	PER	sale_0002__m2718_cell_split	adversarial	alternating_case		hidden	тИтОвА Анна
case	PER	sale_0005	adversarial	lowercase		LEAK	ивановой юлией сергеевной
case	PER	sale_0005__m2718_case	adversarial	lowercase		LEAK	ивановой юлией сергеевной
case	PER	sale_0005__m2718_case	adversarial	mut:case		LEAK	ИВАНОВА ЮЛИЯ СЕРГЕЕВНА
case	PER	sale_0005__m2718_case	adversarial	mut:case		LEAK	ИВАНОВОЙ ЮЛИИ СЕРГЕЕВНЕ
case	PER	sale_0005__m2718_case	adversarial	mut:case		LEAK	ЛЕБЕДЕВА ВЕРА ПЕТРОВНА
case	PER	sale_0005__m2718_case	adversarial	mut:case		LEAK	в. п. лебедева
case	PER	sale_0005__m2718_case	adversarial	mut:case		LEAK	лЕбЕдЕвОй вЕрЫ ПеТрОвНы
case	PER	sale_0005__m2718_case	adversarial	mut:case		LEAK	лебедева в. п.
case	PER	sale_0006	adversarial	uppercase		hidden	ЛЕБЕДЕВА ОЛЬГА ПАВЛОВНА
case	PER	sale_0006__m2718_digit_spaces	adversarial	uppercase		hidden	ЛЕБЕДЕВА ОЛЬГА ПАВЛОВНА
case	PER	sale_0011__m2718_case	adversarial	mut:case		LEAK	ВОРОБЬЁВ П. А.
case	PER	sale_0011__m2718_case	adversarial	mut:case		LEAK	ВОРОБЬЁВ ПЁТР АЛЕКСЕЕВИЧ
case	PER	sale_0011__m2718_case	adversarial	mut:case		LEAK	вОрОбЬёВ ПёТр аЛеКсЕеВиЧ
case	PER	sale_0011__m2718_case	adversarial	mut:case		LEAK	вОрОбЬёВ ПёТр аЛеКсЕеВиЧ
case	PER	sale_0011__m2718_case	adversarial	mut:case		LEAK	воробьёву петру алексеевичу
case	PER	sale_0011__m2718_case	adversarial	mut:case		LEAK	е. н. новиков
case	PER	sale_0011__m2718_case	adversarial	mut:case		LEAK	новиков е. н.
case	PER	sale_0011__m2718_case	adversarial	mut:case		hidden	НОВИКОВА ЕГОРА НИКОЛАЕВИЧА
case	PER	sale_0012	adversarial	lowercase		LEAK	смирновым иваном павловичем
case	PER	sale_0012__m2718_case	adversarial	lowercase		LEAK	смирновым иваном павловичем
case	PER	sale_0012__m2718_case	adversarial	mut:case		LEAK	СМИРНОВ И. П.
case	PER	sale_0012__m2718_case	adversarial	mut:case		LEAK	СМИРНОВ ИВАН ПАВЛОВИЧ
case	PER	sale_0012__m2718_case	adversarial	mut:case		LEAK	СМИРНОВА ИВАНА ПАВЛОВИЧА
case	PER	sale_0012__m2718_case	adversarial	mut:case		LEAK	СМИРНОВУ ИВАНУ ПАВЛОВИЧУ
case	PER	sale_0012__m2718_case	adversarial	mut:case		LEAK	сМиРнОв и. П.
case	PER	sale_0012__m2718_case	adversarial	mut:case		LEAK	смирнову ивану павловичу
case	PER	sale_0012__m2718_case	adversarial	mut:case		hidden	КОМАРОВ ПЁТР ЕГОРОВИЧ
case	PER	sale_0012__m2718_case	adversarial	mut:case		hidden	СИДОРОВ Д. В.
case	PER	sale_0012__m2718_case	adversarial	mut:case		hidden	СИДОРОВ Д. В.
case	PER	sale_0012__m2718_case	adversarial	mut:case		hidden	сИдОрОв дМиТрИй вЛаДиМиРоВиЧ
case	PER	sale_0013	adversarial	uppercase		LEAK	ЕРШОВА ИРИНА ИВАНОВНА
case	PER	sale_0013__m1337_digit_spaces	adversarial	uppercase		LEAK	ЕРШОВА ИРИНА ИВАНОВНА
case	PER	sale_0014	adversarial	alternating_case		LEAK	пЕтРоВа Мария
case	PER	sale_0014__m1337_case	adversarial	mut:case		LEAK	пЕтРоВа мАрИя дМиТрИеВнА
case	PER	sale_0014__m1337_case	adversarial	mut:case		LEAK	петрова мария
case	PER	sale_0014__m1337_case	adversarial	mut:case		LEAK	петрова мария дмитриевна
case	PER	sale_0014__m1337_case	adversarial	mut:case		LEAK	петровой марии дмитриевне
case	PER	sale_0014__m1337_case	adversarial	mut:case		LEAK	сЕмЁнО­В‍ нИкОлАй юРьЕвИч
case	PER	sale_0014__m1337_case	adversarial	mut:case		LEAK	сЕмЁнОв нИкОлАй юРьЕвИч
case	PER	sale_0014__m1337_case	adversarial	mut:case		LEAK	семёнов н. ю.
case	PER	sale_0014__m1337_case	adversarial	mut:case		LEAK	семёнов николай юрьевич
case	PER	sale_0014__m1337_case	adversarial	mut:case		LEAK	семёнов николай юрьевич
case	PER	sale_0014__m1337_case	adversarial	mut:case		LEAK	семёнов николай юрьевич
case	PER	sale_0014__m1337_case	adversarial	mut:case		hidden	бЕлОв аРтЁм пАвЛоВиЧ
case	PER	services_0003__m2718_case	adversarial	mut:case		LEAK	КИСЕЛЁВ О. Н.
case	PER	services_0003__m2718_case	adversarial	mut:case		LEAK	КИСЕЛЯ АНДРЕЯ СЕРГЕЕВИЧА
case	PER	services_0003__m2718_case	adversarial	mut:case		LEAK	кИсЕлЯ АнДрЕя сЕрГеЕвИчА
case	PER	services_0003__m2718_case	adversarial	mut:case		LEAK	кисель а. с.
case	PER	services_0003__m2718_case	adversarial	mut:case		LEAK	о. н. киселёв
case	PER	services_0003__m2718_case	adversarial	mut:case		LEAK	сидорова дарья алексеевна
case	PER	services_0009__m2718_case	adversarial	mut:case		LEAK	СИНИЦА А. А.
case	PER	services_0009__m2718_case	adversarial	mut:case		LEAK	СИНИЦЫ АННЫ АЛЕКСЕЕВНЫ
case	PER	services_0009__m2718_case	adversarial	mut:case		LEAK	а. а. синица
case	PER	services_0009__m2718_case	adversarial	mut:case		LEAK	гУсЕвОй мАрИи мИхАйЛоВнЫ
case	PER	services_0009__m2718_case	adversarial	mut:case		LEAK	гусева м. м.
case	PER	services_0009__m2718_case	adversarial	mut:case		LEAK	м. м. гусева
case	PER	services_0009__m2718_case	adversarial	mut:case		LEAK	синицы анны алексеевны
case	PER	services_0012__m2718_case	adversarial	mut:case		LEAK	СЕМЁНОВ М. О.
case	PER	services_0012__m2718_case	adversarial	mut:case		LEAK	СЕМЁНОВ МИХАИЛ ОЛЕГОВИЧ
case	PER	services_0012__m2718_case	adversarial	mut:case		LEAK	сЕмЁнОв м. О.
case	PER	services_0012__m2718_case	adversarial	mut:case		LEAK	сЕмЁнОвУ МиХаИлУ ОлЕгОвИчУ
case	PER	services_0012__m2718_case	adversarial	mut:case		LEAK	смирнов юрий петрович
case	PER	services_0014__m1337_case	adversarial	mut:case		LEAK	ГУСЕВА ЕЛЕНА ЮРЬЕВНА
case	PER	services_0014__m1337_case	adversarial	mut:case		LEAK	ГУСЕВА ЕЛЕНА ЮРЬЕВНА
case	PER	services_0014__m1337_case	adversarial	mut:case		LEAK	вОрОбЬёВу юРиЮ ПаВлОвИчУ
case	PER	services_0014__m1337_case	adversarial	mut:case		LEAK	воробьёв ю. п.
case	PER	services_0014__m1337_case	adversarial	mut:case		LEAK	воробьёв юрий павлович
case	PER	services_0014__m1337_case	adversarial	mut:case		LEAK	гусева елена юрьевна
case	PER	supply_0001__m2718_case	adversarial	mut:case		LEAK	ЗАЙЦЕВОЙ МАРИИ МИХАЙЛОВНЫ
case	PER	supply_0001__m2718_case	adversarial	mut:case		LEAK	зайцева мария михайловна
case	PER	supply_0001__m2718_case	adversarial	mut:case		LEAK	лЕбЕдЕвА О. н.
case	PER	supply_0001__m2718_case	adversarial	mut:case		hidden	ЛЕБЕДЕВОЙ ОЛЬГИ НИКОЛАЕВНЫ
case	PER	supply_0001__m2718_case	adversarial	mut:case		hidden	ЛЕБЕДЕВОЙ ОЛЬГИ НИКОЛАЕВНЫ
case	PER	supply_0007__m2718_case	adversarial	mut:case		LEAK	ИВАНОВА О. О.
case	PER	supply_0007__m2718_case	adversarial	mut:case		LEAK	СМИРНОВА О. О.
case	PER	supply_0007__m2718_case	adversarial	mut:case		LEAK	СМИРНОВОЙ ОЛЬГИ ОЛЕГОВНЫ
case	PER	supply_0007__m2718_case	adversarial	mut:case		LEAK	смирновой ольги олеговны
case	PER	supply_0012__m2718_case	adversarial	mut:case		LEAK	СЕМЁНОВ АЛЕКСЕЙ ДМИТРИЕВИЧ
case	PER	supply_0012__m2718_case	adversarial	mut:case		LEAK	СЕМЁНОВУ АЛЕКСЕЮ ДМИТРИЕВИЧУ
case	PER	supply_0012__m2718_case	adversarial	mut:case		LEAK	новикова анна андреевна
case	PER	supply_0012__m2718_case	adversarial	mut:case		LEAK	новикова анна андреевна
case	PER	supply_0012__m2718_case	adversarial	mut:case		LEAK	семёнов а. д.
case	PER	supply_0013__m2718_case	adversarial	mut:case		LEAK	орлов с. е.
case	PER	supply_0013__m2718_case	adversarial	mut:case		LEAK	орлова сергея егоровича
case	PER	supply_0013__m2718_case	adversarial	mut:case		LEAK	пИрОгОвА Ю. и.
case	PER	supply_0013__m2718_case	adversarial	mut:case		LEAK	ю. и. пирогова
case	PER	supply_0013__m2718_case	adversarial	mut:case		hidden	пИрОгОвОй юЛиИ ИвАнОвНы
case	PER	supply_0014__m1337_case	adversarial	mut:case		LEAK	КРЫЛОВА Е. П.
case	PER	supply_0014__m1337_case	adversarial	mut:case		LEAK	КРЫЛОВОЙ ЕКАТЕРИНЕ ПЕТРОВНЕ
case	PER	supply_0014__m1337_case	adversarial	mut:case		LEAK	ПАВЛОВ Е. И.
case	PER	supply_0014__m1337_case	adversarial	mut:case		LEAK	кРыЛоВа е. П.
case	PER	supply_0014__m1337_case	adversarial	mut:case		LEAK	кРыЛоВа е. П.
case	PER	supply_0014__m1337_case	adversarial	mut:case		LEAK	крылова екатерина петровна
case	PER	supply_0014__m1337_case	adversarial	mut:case		hidden	пАвЛоВа еГоРа иВаНоВиЧа
case	PER	works_0003__m2718_case	adversarial	mut:case		LEAK	БЕЛКА Ю‍ЛИЯ⁠ ОЛЕГОВНА
case	PER	works_0003__m2718_case	adversarial	mut:case		LEAK	белка юлия олеговна
case	PER	works_0003__m2718_case	adversarial	mut:case		LEAK	белка юлия олеговна
case	PER	works_0003__m2718_case	adversarial	mut:case		LEAK	белке юлии олеговне
case	PER	works_0003__m2718_case	adversarial	mut:case		LEAK	о. ю. петрова
case	PER	works_0003__m2718_case	adversarial	mut:case		hidden	пЕтРоВоЙ ОлЬгИ ЮрЬеВнЫ
case	PER	works_0005	adversarial	uppercase		hidden	МАКСИМОВА МАРИЯ НИКОЛАЕВНА
case	PER	works_0005__m1337_digit_spaces	adversarial	uppercase		hidden	МАКСИМОВА МАРИЯ НИКОЛАЕВНА
case	PER	works_0009	adversarial	lowercase		LEAK	морозовой анной николаевной
case	PER	works_0009__m2718_case	adversarial	mut:case		LEAK	МОРОЗОВА АННА НИКОЛАЕВНА
case	PER	works_0009__m2718_case	adversarial	mut:case		hidden	МОРОЗОВОЙ АННЕ НИКОЛАЕВНЕ
case	PER	works_0009__m2718_case	adversarial	mut:case		hidden	ОГАНЕСЯН Г. А.
case	PER	works_0012__m1337_case	adversarial	mut:case		LEAK	ЗАЙЦЕВА ДАРЬЯ ПАВЛОВНА
case	PER	works_0012__m1337_case	adversarial	mut:case		LEAK	белов с. д.
case	PER	works_0012__m1337_case	adversarial	mut:case		LEAK	белов сергей дмитриевич
case	PER	works_0012__m1337_case	adversarial	mut:case		LEAK	белов сергей дмитриевич
case	PER	works_0012__m1337_case	adversarial	mut:case		LEAK	зайцева дарья павловна
case	PER	works_0012__m1337_case	adversarial	mut:case		LEAK	зайцева дарья павловна
case	PER	works_0012__m1337_case	adversarial	mut:case		hidden	СЕМЁНОВ ЮРИЙ МИХАЙЛОВИЧ
case	PER	works_0012__m1337_case	adversarial	mut:case		hidden	бЕлОвУ СеРгЕю дМиТрИеВиЧу
combo_homoglyph+invisible+case	ACCOUNT	agency_0001__m1337_combo	adversarial	mut:combo		LEAK	301018 І0400ОО0 0О022⁠5
combo_homoglyph+invisible+case	ACCOUNT	agency_0001__m1337_combo	adversarial	mut:combo		LEAK	З0‍1О181​02‍О0О00000700
combo_homoglyph+invisible+case	ACCOUNT	agency_0001__m1337_combo	adversarial	mut:combo		LEAK	Ч‍07О 2⁠81О 7​519 1б37 6892
combo_homoglyph+invisible+case	ACCOUNT	agency_0004__m2718_combo	adversarial	mut:combo	valid	hidden	40‍8‍028І0793О166091⁠68
combo_homoglyph+invisible+case	ACCOUNT	agency_0004__m2718_combo	adversarial	mut:combo	valid	hidden	Ч0802‍8ІОО926989​5 2351
combo_homoglyph+invisible+case	ACCOUNT	agency_0006__m1337_combo	adversarial	mut:combo		LEAK	4081 78⁠І0 О​590 3⁠3Ч9 867О
combo_homoglyph+invisible+case	ACCOUNT	agency_0007__m1337_combo	adversarial	mut:combo		LEAK	З01О181⁠09 О0000‍00079О
combo_homoglyph+invisible+case	ACCOUNT	agency_0007__m1337_combo	adversarial	mut:combo		LEAK	З0І0І81О7000 00000⁠18​7
combo_homoglyph+invisible+case	ACCOUNT	agency_0007__m1337_combo	adversarial	mut:combo		LEAK	Ч07028106\n 0084 9б5З12​0
combo_homoglyph+invisible+case	ACCOUNT	agency_0007__m1337_combo	adversarial	mut:combo	valid	LEAK	407⁠02810 5Ч5462939 494
combo_homoglyph+invisible+case	ACCOUNT	agency_0007__m1337_combo	adversarial	mut:combo	valid	LEAK	4О7 028106​О08 Ч965З120
combo_homoglyph+invisible+case	ACCOUNT	cession_0003__m1337_combo	adversarial	mut:combo		LEAK	30 10181⁠0Ч000ООО002 25
combo_homoglyph+invisible+case	ACCOUNT	cession_0003__m1337_combo	adversarial	mut:combo		LEAK	3‍О​І 018І09000О0000790
combo_homoglyph+invisible+case	ACCOUNT	cession_0003__m1337_combo	adversarial	mut:combo		LEAK	4О7­028⁠1ОО\nО991287362 7
combo_homoglyph+invisible+case	ACCOUNT	labor_0001__m1337_combo	adversarial	mut:combo	valid	hidden	4О8028І​О2О⁠394903610⁠1
combo_homoglyph+invisible+case	ACCOUNT	labor_0002__m1337_combo	adversarial	mut:combo		hidden	З­01⁠01‍810900О0000079О
combo_homoglyph+invisible+case	ACCOUNT	labor_0002__m1337_combo	adversarial	mut:combo	valid	LEAK	4‍О70 2810  1610 071⁠І Ч89б
combo_homoglyph+invisible+case	ACCOUNT	labor_0007__m1337_combo	adversarial	mut:combo	valid	LEAK	ЧО80281 07⁠812Ч­41602О5
combo_homoglyph+invisible+case	ACCOUNT	lease_0001__m1337_combo	adversarial	mut:combo		LEAK	3⁠01‍0181​О445250ОО0З60
combo_homoglyph+invisible+case	ACCOUNT	lease_0001__m1337_combo	adversarial	mut:combo		LEAK	ЗО1018106 00О000⁠0060​3
combo_homoglyph+invisible+case	ACCOUNT	lease_0001__m1337_combo	adversarial	mut:combo	valid	LEAK	4‍070281 ОЗ2 б59765б202
combo_homoglyph+invisible+case	ACCOUNT	lease_0001__m1337_combo	adversarial	mut:combo	valid	hidden	407028⁠І0О5946‍5725­З92
combo_homoglyph+invisible+case	ACCOUNT	lease_0002__m2718_combo	adversarial	mut:combo		LEAK	ЗО10І810150040 0‍0О‍763
combo_homoglyph+invisible+case	ACCOUNT	lease_0002__m2718_combo	adversarial	mut:combo	valid	LEAK	Ч0⁠702 8102962553­95750
combo_homoglyph+invisible+case	ACCOUNT	lease_0002__m2718_combo	adversarial	mut:combo	valid	LEAK	Ч‍0802810 723З⁠35432621
combo_homoglyph+invisible+case	ACCOUNT	lease_0007__m1337_combo	adversarial	mut:combo		LEAK	30​1ОІ8І О70000⁠0000187
combo_homoglyph+invisible+case	ACCOUNT	lease_0007__m1337_combo	adversarial	mut:combo		LEAK	З010181‍0І5ОО⁠400007​63
combo_homoglyph+invisible+case	ACCOUNT	lease_0007__m1337_combo	adversarial	mut:combo	valid	LEAK	407О  2810 825О ⁠0142 Ч55⁠8
combo_homoglyph+invisible+case	ACCOUNT	lease_0007__m1337_combo	adversarial	mut:combo	valid	LEAK	Ч070 ⁠2810 2113 77⁠бЗ 78⁠92
combo_homoglyph+invisible+case	ACCOUNT	loan_0001__m1337_combo	adversarial	mut:combo		LEAK	3ОІ018І⁠О20000000⁠05 93
combo_homoglyph+invisible+case	ACCOUNT	loan_0001__m1337_combo	adversarial	mut:combo		LEAK	407О281О‍9\n2 62б56⁠133З9
combo_homoglyph+invisible+case	ACCOUNT	loan_0001__m1337_combo	adversarial	mut:combo		LEAK	ЗО10І81О‍4000000002⁠2 5
combo_homoglyph+invisible+case	ACCOUNT	loan_0001__m1337_combo	adversarial	mut:combo	valid	LEAK	Ч07О 2­8ІО8757⁠46399124
combo_homoglyph+invisible+case	ACCOUNT	loan_0001__m1337_combo	adversarial	mut:combo	valid	LEAK	ЧО7О2810­92⁠62656І3 339
combo_homoglyph+invisible+case	ACCOUNT	loan_0004__m2718_combo	adversarial	mut:combo	valid	LEAK	4080​28‍10Ч24⁠5890275О3
combo_homoglyph+invisible+case	ACCOUNT	loan_0004__m2718_combo	adversarial	mut:combo	valid	LEAK	40 80­28105­З5896290777
combo_homoglyph+invisible+case	ACCOUNT	loan_0007__m1337_combo	adversarial	mut:combo		LEAK	4070 2­8ІО ЧЧ12  19 18 5095
combo_homoglyph+invisible+case	ACCOUNT	loan_0007__m1337_combo	adversarial	mut:combo		LEAK	З010⁠І8⁠І04⁠О0000000555
combo_homoglyph+invisible+case	ACCOUNT	loan_0007__m1337_combo	adversarial	mut:combo		hidden	3О1 О181О2О​000000059​3
combo_homoglyph+invisible+case	ACCOUNT	loan_0007__m1337_combo	adversarial	mut:combo	valid	LEAK	4‍0​7028107735З9​5б7425
combo_homoglyph+invisible+case	ACCOUNT	loan_0007__m1337_combo	adversarial	mut:combo	valid	LEAK	Ч0­7028104­412191­85095
combo_homoglyph+invisible+case	ACCOUNT	sale_0003__m1337_combo	adversarial	mut:combo		LEAK	301О⁠1​8І‍07ОО000000187
combo_homoglyph+invisible+case	ACCOUNT	sale_0003__m1337_combo	adversarial	mut:combo		LEAK	4О70 2⁠810  145 1 7937 7З42
combo_homoglyph+invisible+case	ACCOUNT	sale_0003__m1337_combo	adversarial	mut:combo		hidden	30‍10181ОЧ­4525 0ОО0360
combo_homoglyph+invisible+case	ACCOUNT	sale_0003__m1337_combo	adversarial	mut:combo	valid	LEAK	4​О70 28ІО І451 ­7937⁠ 7342
combo_homoglyph+invisible+case	ACCOUNT	sale_0003__m1337_combo	adversarial	mut:combo	valid	LEAK	Ч070​ 281О­ 9503 6682 77‍З6
combo_homoglyph+invisible+case	ACCOUNT	sale_0008__m2718_combo	adversarial	mut:combo		LEAK	Ч О8І 78І0 6331 014‍6 21 89
combo_homoglyph+invisible+case	ACCOUNT	sale_0009__m1337_combo	adversarial	mut:combo		LEAK	30‍101​81О60О0О00006­03
combo_homoglyph+invisible+case	ACCOUNT	sale_0009__m1337_combo	adversarial	mut:combo		LEAK	ЗО10181О 1Ч5⁠25000⁠0974
combo_homoglyph+invisible+case	ACCOUNT	sale_0009__m1337_combo	adversarial	mut:combo		LEAK	Ч0 7О28І07\nЧ541654­7­641
combo_homoglyph+invisible+case	ACCOUNT	sale_0009__m1337_combo	adversarial	mut:combo	valid	LEAK	407О281О 0398б709​582​8
combo_homoglyph+invisible+case	ACCOUNT	sale_0009__m1337_combo	adversarial	mut:combo	valid	LEAK	Ч07О28І07Ч5​41654‍7​641
combo_homoglyph+invisible+case	ACCOUNT	services_0001__m1337_combo	adversarial	mut:combo	valid	hidden	ЧО8О28​І005543­9540 723
combo_homoglyph+invisible+case	ACCOUNT	services_0007__m1337_combo	adversarial	mut:combo	valid	hidden	Ч­О80‍281О659‍277578791
combo_homoglyph+invisible+case	ACCOUNT	services_0010__m1337_combo	adversarial	mut:combo		hidden	З0­10І810Ч00О0⁠00 00225
combo_homoglyph+invisible+case	ACCOUNT	services_0010__m1337_combo	adversarial	mut:combo	valid	LEAK	4О7О28І‍0­9525б53502 69
combo_homoglyph+invisible+case	ACCOUNT	services_0010__m1337_combo	adversarial	mut:combo	valid	hidden	408028ІО5775­З52б8­67 6
combo_homoglyph+invisible+case	ACCOUNT	services_0013__m1337_combo	adversarial	mut:combo	valid	LEAK	Ч0802‍8107 ЧІ5б8 819270
combo_homoglyph+invisible+case	ACCOUNT	supply_0005__m1337_combo	adversarial	mut:combo	valid	hidden	4О80 281О­4бІ⁠704803064
combo_homoglyph+invisible+case	ACCOUNT	supply_0008__m2718_combo	adversarial	mut:combo		LEAK	З0⁠1ОІ 81О20000 0000593
combo_homoglyph+invisible+case	ACCOUNT	supply_0008__m2718_combo	adversarial	mut:combo	valid	LEAK	407О2810​4595⁠1З00­9717
combo_homoglyph+invisible+case	ACCOUNT	supply_0008__m2718_combo	adversarial	mut:combo	valid	hidden	Ч‍080 28ІО 438Ч14032593
combo_homoglyph+invisible+case	ACCOUNT	supply_0010__m1337_combo	adversarial	mut:combo	valid	LEAK	408О28І⁠О7188​5Ч26­8064
combo_homoglyph+invisible+case	ACCOUNT	supply_0010__m1337_combo	adversarial	mut:combo	valid	hidden	Ч08О⁠28І​О852273602 774
combo_homoglyph+invisible+case	ACCOUNT	supply_0011__m1337_combo	adversarial	mut:combo	valid	LEAK	4080281072 2 8203б1­О01
combo_homoglyph+invisible+case	ACCOUNT	works_0001__m1337_combo	adversarial	mut:combo		LEAK	301О18І 0150О4О­0007 63
combo_homoglyph+invisible+case	ACCOUNT	works_0001__m1337_combo	adversarial	mut:combo		LEAK	3⁠01018‍ІО1452500О09 7Ч
combo_homoglyph+invisible+case	ACCOUNT	works_0001__m1337_combo	adversarial	mut:combo		LEAK	40702⁠8ІО8\nЧ187Ч4‍596​86
combo_homoglyph+invisible+case	ACCOUNT	works_0001__m1337_combo	adversarial	mut:combo	valid	LEAK	407028​1О7 712​05986812
combo_homoglyph+invisible+case	ACCOUNT	works_0001__m1337_combo	adversarial	mut:combo	valid	LEAK	4​07028І08418 7⁠445968б
combo_homoglyph+invisible+case	ACCOUNT	works_0007__m1337_combo	adversarial	mut:combo		LEAK	4 07О 2810 92­7З 405­9 Ч1Ч1
combo_homoglyph+invisible+case	ACCOUNT	works_0007__m1337_combo	adversarial	mut:combo		LEAK	З01 О18І‍О2000­00000700
combo_homoglyph+invisible+case	ACCOUNT	works_0007__m1337_combo	adversarial	mut:combo		LEAK	ЗОІ0­18І​090000⁠0000790
combo_homoglyph+invisible+case	ACCOUNT	works_0007__m1337_combo	adversarial	mut:combo	valid	LEAK	4070281001⁠91​б472985 2
combo_homoglyph+invisible+case	ACCOUNT	works_0007__m1337_combo	adversarial	mut:combo	valid	LEAK	4­0 7028109273ЧО59Ч1‍Ч1
combo_homoglyph+invisible+case	ACCOUNT	works_0008__m1337_combo	adversarial	mut:combo		LEAK	Ч08 О281О7 \n1991З28204­8
combo_homoglyph+invisible+case	ACCOUNT	works_0008__m1337_combo	adversarial	mut:combo		hidden	30101 8 104ОО0⁠0ОО00555
combo_homoglyph+invisible+case	ACCOUNT	works_0008__m1337_combo	adversarial	mut:combo	valid	LEAK	Ч08О28107199І32⁠8​2 048
combo_homoglyph+invisible+case	ACCOUNT	works_0008__m1337_combo	adversarial	mut:combo	valid	hidden	4О70 ­28ІО б 31 5 9556 5011
combo_homoglyph+invisible+case	ADDRESS	agency_0001__m1337_combo	adversarial	mut:combo		LEAK	44з01О,​ Г­. СаМаPа, НaБ. сАд оВаЯ, д. 57, Кв. 140
combo_homoglyph+invisible+case	ADDRESS	agency_0006__m1337_combo	adversarial	mut:combo		LEAK	a/я​ 44, Г. нИжНиЙ­ hОв гOрОд, Б03000
combo_homoglyph+invisible+case	ADDRESS	agency_0006__m1337_combo	adversarial	mut:combo		LEAK	А/Я 27, Г. ОДИНЦO­ВО, ІЧ­30­О0
combo_homoglyph+invisible+case	ADDRESS	agency_0006__m1337_combo	adversarial	mut:combo		LEAK	а/я 1О,­ Г. оДи нЦоВо, 1430 00
combo_homoglyph+invisible+case	ADDRESS	agency_0006__m1337_combo	adversarial	mut:combo		LEAK	а /‍я 70, г. КрАсНoГоРсК‍, Іч340о
combo_homoglyph+invisible+case	ADDRESS	agency_0007__m1337_combo	adversarial	mut:combo		LEAK	620014, г. EкAтЕpИнБyРг, Ул. СоВеТсКаЯ,  Д. 20 , Кв. ​73
combo_homoglyph+invisible+case	ADDRESS	cession_0008__m2718_combo	adversarial	mut:combo		LEAK	А/Я 29‍,⁠ Г. НОВOС ИБИРCK, 63О099
combo_homoglyph+invisible+case	ADDRESS	cession_0008__m2718_combo	adversarial	mut:combo		LEAK	а/я  1‍2​, Г. xИмKи, 14І4О0
combo_homoglyph+invisible+case	ADDRESS	cession_0008__m2718_combo	adversarial	mut:combo		LEAK	ворон еж,  cтpoителeй  86
combo_homoglyph+invisible+case	ADDRESS	labor_0001__m1337_combo	adversarial	mut:combo		LEAK	на­б. стpоитeлeй,‍ д. 55, c. ивановское,  тверская обл.
combo_homoglyph+invisible+case	ADDRESS	lease_0001__m1337_combo	adversarial	mut:combo		LEAK	CВЕРДЛ ОВСКАЯ ОБЛ., ТЕP. СНT «­PОДНИК», УЧ. ⁠98
combo_homoglyph+invisible+case	ADDRESS	lease_0002__m2718_combo	adversarial	mut:combo		LEAK	A/Я 50, Г­. ⁠TВEРЬ, І7010‍0
combo_homoglyph+invisible+case	ADDRESS	lease_0002__m2718_combo	adversarial	mut:combo		LEAK	A‍/Я 18, Г.‍ КA‍ЗАНЬ, 42011І
combo_homoglyph+invisible+case	ADDRESS	lease_0002__m2718_combo	adversarial	mut:combo		LEAK	a/­я 72, г.​ сaнкт-пeтeрбург, 190 000
combo_homoglyph+invisible+case	ADDRESS	lease_0002__m2718_combo	adversarial	mut:combo		LEAK	А/Я 50, Г. ​ЕКАТЕРИНБУPГ , 62 0О14
combo_homoglyph+invisible+case	ADDRESS	lease_0002__m2718_combo	adversarial	mut:combo		LEAK	а/я 5і, г. bo pонеж, 3⁠9⁠4000
combo_homoglyph+invisible+case	ADDRESS	lease_0007__m1337_combo	adversarial	mut:combo		LEAK	тв‍ерcкая обл., дмитровский р-н, 29 kм aвтодoроги м-8 «дон», с­тр‍. 3
combo_homoglyph+invisible+case	ADDRESS	loan_0004__m2718_combo	adversarial	mut:combo		LEAK	А/Я І​9, Г. ВОРOНЕЖ,­ 3940О‍О
combo_homoglyph+invisible+case	ADDRESS	loan_0004__m2718_combo	adversarial	mut:combo		LEAK	а/я 6з​, г. химkи , і‍41ч00
combo_homoglyph+invisible+case	ADDRESS	loan_0007__m1337_combo	adversarial	mut:combo		LEAK	CЕPГИЕВ ПOСА‍Д,  СТРOИТ​ЕЛЕЙ 75
combo_homoglyph+invisible+case	ADDRESS	loan_0007__m1337_combo	adversarial	mut:combo		LEAK	ek атep инбург кутузовский 23/1 к⁠в 58
combo_homoglyph+invisible+case	ADDRESS	loan_0007__m1337_combo	adversarial	mut:combo		LEAK	В⁠OРОНЕЖ КИРОВ­A 41/3  КВ І6
combo_homoglyph+invisible+case	ADDRESS	loan_0007__m1337_combo	adversarial	mut:combo		LEAK	хИmКи tВeР С‍КаЯ 52/і  Кв 8
combo_homoglyph+invisible+case	ADDRESS	sale_0003__m1337_combo	adversarial	mut:combo		LEAK	CВEPДЛОВ­СКAЯ О⁠БЛ., ТЕ⁠Р. СНТ «РОДНИК», УЧ. 37
combo_homoglyph+invisible+case	ADDRESS	sale_0003__m1337_combo	adversarial	mut:combo		LEAK	РЕСПУБЛИ‍KA ТАТАP­СТАН, ТЕР. CНТ «РОДНИК» , УЧ. 145
combo_homoglyph+invisible+case	ADDRESS	sale_0003__m1337_combo	adversarial	mut:combo		LEAK	твeрскaя об⁠л., тeр. с‍нt «родни к», уч. 289
combo_homoglyph+invisible+case	ADDRESS	services_0001__m1337_combo	adversarial	mut:combo		LEAK	і43400, г­. к⁠рacнoгорск, наб. пушкина, д. 41, кв‍. 59
combo_homoglyph+invisible+case	ADDRESS	services_0008__m2718_combo	adversarial	mut:combo		LEAK	HОВОСИБ​ИPСКAЯ ОБЛ., ТЕР. CНТ «РО ДНИК», УЧ.⁠ 123
combo_homoglyph+invisible+case	ADDRESS	services_0010__m1337_combo	adversarial	mut:combo		LEAK	1ч1ч00, г. xи⁠mки, прос‍п. профсоюзная,  д. 20, кв. 140
combo_homoglyph+invisible+case	ADDRESS	supply_0008__m2718_combo	adversarial	mut:combo		LEAK	34ЧО02, Г. POСТОВ-НА-ДОНУ,⁠  БУЛ.  ПОБЕДЫ, Д. 34, КВ. 86
combo_homoglyph+invisible+case	ADDRESS	supply_0008__m2718_combo	adversarial	mut:combo		LEAK	62о014, г. EкАтЕрИнБyРг, На⁠б. OкТ⁠ЯбРьСкАя, Д.­ 55, Кв. 188
combo_homoglyph+invisible+case	ADDRESS	supply_0008__m2718_combo	adversarial	mut:combo		LEAK	з94о00, г. boр⁠онеж, бул. к ос монавтов, д. 63, кв. 67
combo_homoglyph+invisible+case	ADDRESS	supply_0010__m1337_combo	adversarial	mut:combo		LEAK	101000, Г . МОCKВА­, Б УЛ. CОВЕТСКAЯ, Д. 11, КВ. 117
combo_homoglyph+invisible+case	ADDRESS	supply_0011__m1337_combo	adversarial	mut:combo		LEAK	10100О, Г. M ОСKВА, ПРОЕЗ​Д KИРОВА, Д. ⁠28, КВ. 66
combo_homoglyph+invisible+case	ADDRESS	supply_0011__m1337_combo	adversarial	mut:combo		LEAK	6030оо, г. hижний новгоpод, пе р. пушкина, д. 34, кв.  1⁠27
combo_homoglyph+invisible+case	ADDRESS	works_0001__m1337_combo	adversarial	mut:combo		LEAK	пер.  победы, д⁠. 9, д. малыe в язёмы, твеpckая обл.
combo_homoglyph+invisible+case	ADDRESS	works_0006__m2718_combo	adversarial	mut:combo		LEAK	КAЗA⁠НЬ, КИPOВА‍ 78
combo_homoglyph+invisible+case	ADDRESS	works_0006__m2718_combo	adversarial	mut:combo		LEAK	вOрO​НeЖ, сOвЕ Т​СкАя 70
combo_homoglyph+invisible+case	ADDRESS	works_0006__m2718_combo	adversarial	mut:combo		LEAK	хим к­и, сaдoвая з1
combo_homoglyph+invisible+case	BIK	agency_0001__m1337_combo	adversarial	mut:combo		LEAK	О4452⁠5225
combo_homoglyph+invisible+case	BIK	agency_0001__m1337_combo	adversarial	mut:combo		LEAK	ОЧЧ525­225
combo_homoglyph+invisible+case	BIK	agency_0001__m1337_combo	adversarial	mut:combo		hidden	0‍445257ОО
combo_homoglyph+invisible+case	BIK	agency_0004__m2718_combo	adversarial	mut:combo		hidden	О 44525555
combo_homoglyph+invisible+case	BIK	agency_0004__m2718_combo	adversarial	mut:combo		hidden	О‍4Ч525974
combo_homoglyph+invisible+case	BIK	agency_0007__m1337_combo	adversarial	mut:combo		LEAK	04‍Ч03О79О
combo_homoglyph+invisible+case	BIK	agency_0007__m1337_combo	adversarial	mut:combo		LEAK	О44525 187
combo_homoglyph+invisible+case	BIK	cession_0003__m1337_combo	adversarial	mut:combo		LEAK	О44525‍225
combo_homoglyph+invisible+case	BIK	cession_0003__m1337_combo	adversarial	mut:combo		LEAK	О4⁠403О790
combo_homoglyph+invisible+case	BIK	labor_0001__m1337_combo	adversarial	mut:combo		LEAK	ОЧЧ52522‍5
combo_homoglyph+invisible+case	BIK	labor_0002__m1337_combo	adversarial	mut:combo		hidden	ОЧ 4О30790
combo_homoglyph+invisible+case	BIK	labor_0007__m1337_combo	adversarial	mut:combo		hidden	О‍44525593
combo_homoglyph+invisible+case	BIK	lease_0001__m1337_combo	adversarial	mut:combo		LEAK	04Ч52‍5ЗбО
combo_homoglyph+invisible+case	BIK	lease_0001__m1337_combo	adversarial	mut:combo		LEAK	0Ч9‍205603
combo_homoglyph+invisible+case	BIK	lease_0002__m2718_combo	adversarial	mut:combo		LEAK	045О0Ч7 63
combo_homoglyph+invisible+case	BIK	lease_0002__m2718_combo	adversarial	mut:combo		LEAK	0‍450ОЧ7б3
combo_homoglyph+invisible+case	BIK	lease_0007__m1337_combo	adversarial	mut:combo		LEAK	04500Ч­7бЗ
combo_homoglyph+invisible+case	BIK	lease_0007__m1337_combo	adversarial	mut:combo		LEAK	О4Ч52​5187
combo_homoglyph+invisible+case	BIK	loan_0001__m1337_combo	adversarial	mut:combo		LEAK	0445255 9З
combo_homoglyph+invisible+case	BIK	loan_0001__m1337_combo	adversarial	mut:combo		LEAK	04Ч5 25225
combo_homoglyph+invisible+case	BIK	loan_0004__m2718_combo	adversarial	mut:combo		LEAK	04Ч52555⁠5
combo_homoglyph+invisible+case	BIK	loan_0004__m2718_combo	adversarial	mut:combo		LEAK	0ЧЧ525​187
combo_homoglyph+invisible+case	BIK	loan_0007__m1337_combo	adversarial	mut:combo		LEAK	О4452‍5555
combo_homoglyph+invisible+case	BIK	loan_0007__m1337_combo	adversarial	mut:combo		LEAK	О44 525593
combo_homoglyph+invisible+case	BIK	loan_0007__m1337_combo	adversarial	mut:combo		LEAK	ОЧ45 2559З
combo_homoglyph+invisible+case	BIK	sale_0003__m1337_combo	adversarial	mut:combo		LEAK	О4452​5360
combo_homoglyph+invisible+case	BIK	sale_0003__m1337_combo	adversarial	mut:combo		LEAK	О4Ч525 ЗбО
combo_homoglyph+invisible+case	BIK	sale_0003__m1337_combo	adversarial	mut:combo		LEAK	О​44525187
combo_homoglyph+invisible+case	BIK	sale_0009__m1337_combo	adversarial	mut:combo		LEAK	0Ч92056​ОЗ
combo_homoglyph+invisible+case	BIK	sale_0009__m1337_combo	adversarial	mut:combo		LEAK	О⁠ЧЧ525974
combo_homoglyph+invisible+case	BIK	services_0001__m1337_combo	adversarial	mut:combo		LEAK	0Ч­452597Ч
combo_homoglyph+invisible+case	BIK	services_0007__m1337_combo	adversarial	mut:combo		LEAK	ОЧ50О‍Ч763
combo_homoglyph+invisible+case	BIK	services_0010__m1337_combo	adversarial	mut:combo		LEAK	04 5О047б3
combo_homoglyph+invisible+case	BIK	services_0010__m1337_combo	adversarial	mut:combo		hidden	О4452 5225
combo_homoglyph+invisible+case	BIK	services_0013__m1337_combo	adversarial	mut:combo		hidden	ОЧЧ52⁠5555
combo_homoglyph+invisible+case	BIK	supply_0005__m1337_combo	adversarial	mut:combo		LEAK	0 ЧЧ525974
combo_homoglyph+invisible+case	BIK	supply_0008__m2718_combo	adversarial	mut:combo		LEAK	0Ч4525 З6О
combo_homoglyph+invisible+case	BIK	supply_0008__m2718_combo	adversarial	mut:combo		LEAK	ОЧЧ52559⁠З
combo_homoglyph+invisible+case	BIK	supply_0010__m1337_combo	adversarial	mut:combo		LEAK	О45​0ОЧ763
combo_homoglyph+invisible+case	BIK	supply_0010__m1337_combo	adversarial	mut:combo		hidden	04​Ч525974
combo_homoglyph+invisible+case	BIK	supply_0011__m1337_combo	adversarial	mut:combo		LEAK	04Ч5253б⁠0
combo_homoglyph+invisible+case	BIK	works_0001__m1337_combo	adversarial	mut:combo		LEAK	0Ч 5О04763
combo_homoglyph+invisible+case	BIK	works_0001__m1337_combo	adversarial	mut:combo		LEAK	ОЧЧ52​5974
combo_homoglyph+invisible+case	BIK	works_0007__m1337_combo	adversarial	mut:combo		LEAK	О445257­0О
combo_homoglyph+invisible+case	BIK	works_0007__m1337_combo	adversarial	mut:combo		LEAK	О44525‍7ОО
combo_homoglyph+invisible+case	BIK	works_0007__m1337_combo	adversarial	mut:combo		LEAK	О44О⁠3О79О
combo_homoglyph+invisible+case	BIK	works_0008__m1337_combo	adversarial	mut:combo		LEAK	0ЧЧ52 5225
combo_homoglyph+invisible+case	BIK	works_0008__m1337_combo	adversarial	mut:combo		hidden	О4​Ч525555
combo_homoglyph+invisible+case	EMAIL	agency_0001__m1337_combo	adversarial	mut:combo		LEAK	novik оvа@y­ande​х.ru
combo_homoglyph+invisible+case	EMAIL	agency_0001__m1337_combo	adversarial	mut:combo		LEAK	z‍аyсev⁠@bk.ru
combo_homoglyph+invisible+case	EMAIL	agency_0004__m2718_combo	adversarial	mut:combo		LEAK	soкоlоva@yа​ndex‍. ru
combo_homoglyph+invisible+case	EMAIL	agency_0004__m2718_combo	adversarial	mut:combo		hidden	PET RОVA​@GMAIL.СOM
combo_homoglyph+invisible+case	EMAIL	agency_0006__m1337_combo	adversarial	mut:combo		LEAK	kIm@мA­Il.rU
combo_homoglyph+invisible+case	EMAIL	agency_0006__m1337_combo	adversarial	mut:combo		LEAK	vOlKoV@СoR⁠P-TeHn o.r u
combo_homoglyph+invisible+case	EMAIL	agency_0006__m1337_combo	adversarial	mut:combo		LEAK	volкov‍@уаn‍dex.ru
combo_homoglyph+invisible+case	EMAIL	agency_0007__m1337_combo	adversarial	mut:combo		LEAK	siniса@‍мail .ru
combo_homoglyph+invisible+case	EMAIL	agency_0007__m1337_combo	adversarial	mut:combo		hidden	pChЕlА@YaNdЕх . rU
combo_homoglyph+invisible+case	EMAIL	cession_0003__m1337_combo	adversarial	mut:combo		LEAK	GUSEV​А@SI BTRАNS.R‍U
combo_homoglyph+invisible+case	EMAIL	cession_0003__m1337_combo	adversarial	mut:combo		LEAK	SIDOROV@YАNDЕX‍.R­U
combo_homoglyph+invisible+case	EMAIL	cession_0008__m2718_combo	adversarial	mut:combo		LEAK	sinica@mail.‍r u
combo_homoglyph+invisible+case	EMAIL	cession_0008__m2718_combo	adversarial	mut:combo		hidden	iVаNo­vA@GmAiL.­сOм
combo_homoglyph+invisible+case	EMAIL	labor_0001__m1337_combo	adversarial	mut:combo		LEAK	MAKAROV@GМА‍IL.CO‍M
combo_homoglyph+invisible+case	EMAIL	labor_0001__m1337_combo	adversarial	mut:combo		LEAK	seмenov⁠@list.⁠ru
combo_homoglyph+invisible+case	EMAIL	labor_0002__m1337_combo	adversarial	mut:combo		LEAK	IVA N‍OV@RОMASHKА⁠.RU
combo_homoglyph+invisible+case	EMAIL	labor_0007__m1337_combo	adversarial	mut:combo		LEAK	vo‍lkоva@roмa s​hка.ru
combo_homoglyph+invisible+case	EMAIL	labor_0007__m1337_combo	adversarial	mut:combo		hidden	mAkS ImOvA @lIsT.Ru
combo_homoglyph+invisible+case	EMAIL	lease_0001__m1337_combo	adversarial	mut:combo		LEAK	PЕTROV@⁠BK‍.RU
combo_homoglyph+invisible+case	EMAIL	lease_0001__m1337_combo	adversarial	mut:combo		hidden	bElYa eV⁠@mAiL.Ru
combo_homoglyph+invisible+case	EMAIL	lease_0002__m2718_combo	adversarial	mut:combo		LEAK	ZAYСEVA­@S‍IBTRA NS.RU
combo_homoglyph+invisible+case	EMAIL	lease_0002__m2718_combo	adversarial	mut:combo		LEAK	pchelа@lis­t⁠.ru
combo_homoglyph+invisible+case	EMAIL	lease_0007__m1337_combo	adversarial	mut:combo		LEAK	petrоv@in bo х.ru
combo_homoglyph+invisible+case	EMAIL	lease_0007__m1337_combo	adversarial	mut:combo		hidden	tIt​oVa​@LiSt.rU
combo_homoglyph+invisible+case	EMAIL	loan_0001__m1337_combo	adversarial	mut:combo		LEAK	KRУ⁠LОVA@‍SIBT⁠RANS.RU
combo_homoglyph+invisible+case	EMAIL	loan_0001__m1337_combo	adversarial	mut:combo		LEAK	bеlov@corр-­te‍h nо.ru
combo_homoglyph+invisible+case	EMAIL	loan_0004__m2718_combo	adversarial	mut:combo		LEAK	oganesyаn@ sib­tr‍ans.ru
combo_homoglyph+invisible+case	EMAIL	loan_0004__m2718_combo	adversarial	mut:combo		hidden	SEMEN­OV@B­К.RU
combo_homoglyph+invisible+case	EMAIL	loan_0006__m1337_combo	adversarial	mut:combo		LEAK	SМIRNOV@LI­ST. RU
combo_homoglyph+invisible+case	EMAIL	loan_0006__m1337_combo	adversarial	mut:combo		LEAK	ivаnоv@rom‍ashkа.​r u
combo_homoglyph+invisible+case	EMAIL	loan_0007__m1337_combo	adversarial	mut:combo		LEAK	kIsEl­eV@­мАiL.Ru
combo_homoglyph+invisible+case	EMAIL	sale_0003__m1337_combo	adversarial	mut:combo		LEAK	NIKITINА@IN BОХ.­RU
combo_homoglyph+invisible+case	EMAIL	sale_0003__m1337_combo	adversarial	mut:combo		hidden	TITОVА@СОRP- TEH N⁠O.RU
combo_homoglyph+invisible+case	EMAIL	sale_0008__m2718_combo	adversarial	mut:combo		hidden	еRsH‍OvA@InBоX‍.rU
combo_homoglyph+invisible+case	EMAIL	sale_0009__m1337_combo	adversarial	mut:combo		LEAK	e⁠rshova@g mail.cом
combo_homoglyph+invisible+case	EMAIL	sale_0009__m1337_combo	adversarial	mut:combo		LEAK	tаra sov@inbох.‍ru
combo_homoglyph+invisible+case	EMAIL	services_0001__m1337_combo	adversarial	mut:combo		hidden	NIKITINA­@SI⁠B TRANS.RU
combo_homoglyph+invisible+case	EMAIL	services_0007__m1337_combo	adversarial	mut:combo		LEAK	sЕmEnOv@‍B К.Ru
combo_homoglyph+invisible+case	EMAIL	services_0007__m1337_combo	adversarial	mut:combo		hidden	TA RASOV@INBO⁠Х.RU
combo_homoglyph+invisible+case	EMAIL	services_0008__m2718_combo	adversarial	mut:combo		LEAK	LI@​SIBTRANS.⁠RU
combo_homoglyph+invisible+case	EMAIL	services_0010__m1337_combo	adversarial	mut:combo		LEAK	iVаNoV@УaN D Ex.rU
combo_homoglyph+invisible+case	EMAIL	services_0010__m1337_combo	adversarial	mut:combo		LEAK	zAу​cЕv @RоMаShKa.­Ru
combo_homoglyph+invisible+case	EMAIL	services_0013__m1337_combo	adversarial	mut:combo		hidden	TIT​OVA​@ROMASHKA. RU
combo_homoglyph+invisible+case	EMAIL	services_0013__m1337_combo	adversarial	mut:combo		hidden	nIk⁠i‍tInА@SiBtRa­nS.Ru
combo_homoglyph+invisible+case	EMAIL	supply_0005__m1337_combo	adversarial	mut:combo		LEAK	sMiRn⁠оVа@b­k.rU
combo_homoglyph+invisible+case	EMAIL	supply_0008__m2718_combo	adversarial	mut:combo		LEAK	soкоlо va@уandex. r­u
combo_homoglyph+invisible+case	EMAIL	supply_0010__m1337_combo	adversarial	mut:combo		LEAK	ivаnov@­ro⁠ma​shka.ru
combo_homoglyph+invisible+case	EMAIL	supply_0010__m1337_combo	adversarial	mut:combo		LEAK	nOvIkОv­а@rОмA‍ShK​A.Ru
combo_homoglyph+invisible+case	EMAIL	supply_0011__m1337_combo	adversarial	mut:combo		LEAK	vOrObЕv @​rOмAsH Kа.rU
combo_homoglyph+invisible+case	EMAIL	supply_0011__m1337_combo	adversarial	mut:combo		LEAK	мi­hауlov@si⁠btrа​ns.ru
combo_homoglyph+invisible+case	EMAIL	works_0001__m1337_combo	adversarial	mut:combo		hidden	gUsEvА@‍gMаIl⁠.CoМ
combo_homoglyph+invisible+case	EMAIL	works_0006__m2718_combo	adversarial	mut:combo		LEAK	no‍vikov@b​k.ru
combo_homoglyph+invisible+case	EMAIL	works_0007__m1337_combo	adversarial	mut:combo		LEAK	кrуlоva@gмa il⁠.com
combo_homoglyph+invisible+case	EMAIL	works_0007__m1337_combo	adversarial	mut:combo		hidden	pOpOv@rOmАs​h kA.Ru
combo_homoglyph+invisible+case	EMAIL	works_0008__m1337_combo	adversarial	mut:combo		LEAK	gusеvа@i nb ох.ru
combo_homoglyph+invisible+case	EMAIL	works_0008__m1337_combo	adversarial	mut:combo		LEAK	vоlkо va@​bk.ru
combo_homoglyph+invisible+case	INN	agency_0001__m1337_combo	adversarial	mut:combo		LEAK	І721​б99790
combo_homoglyph+invisible+case	INN	agency_0001__m1337_combo	adversarial	mut:combo		LEAK	І​72-‍Іб9-9790
combo_homoglyph+invisible+case	INN	agency_0004__m2718_combo	adversarial	mut:combo		hidden	39І2⁠3бІб02
combo_homoglyph+invisible+case	INN	agency_0004__m2718_combo	adversarial	mut:combo	valid	LEAK	045595 1031О 0
combo_homoglyph+invisible+case	INN	agency_0004__m2718_combo	adversarial	mut:combo	valid	LEAK	48‍925510‍729І
combo_homoglyph+invisible+case	INN	agency_0004__m2718_combo	adversarial	mut:combo	valid	LEAK	4⁠8925510729­І
combo_homoglyph+invisible+case	INN	agency_0004__m2718_combo	adversarial	mut:combo	valid	LEAK	ОЧ5 595І‍0310О
combo_homoglyph+invisible+case	INN	agency_0006__m1337_combo	adversarial	mut:combo		LEAK	5б9-​7‍Зб-7б1884
combo_homoglyph+invisible+case	INN	agency_0006__m1337_combo	adversarial	mut:combo		LEAK	5б9­7 3 67б188Ч
combo_homoglyph+invisible+case	INN	agency_0006__m1337_combo	adversarial	mut:combo	valid	LEAK	56​97 З676188Ч
combo_homoglyph+invisible+case	INN	agency_0006__m1337_combo	adversarial	mut:combo	valid	hidden	ЧЧ‍784206З56​І
combo_homoglyph+invisible+case	INN	agency_0007__m1337_combo	adversarial	mut:combo	valid	LEAK	3І6Ч51257 1
combo_homoglyph+invisible+case	INN	agency_0007__m1337_combo	adversarial	mut:combo	valid	hidden	Іб4336⁠Ч2І4
combo_homoglyph+invisible+case	INN	cession_0008__m2718_combo	adversarial	mut:combo	valid	LEAK	027О97­2292­38
combo_homoglyph+invisible+case	INN	cession_0008__m2718_combo	adversarial	mut:combo	valid	LEAK	7​1358944З‍954
combo_homoglyph+invisible+case	INN	labor_0001__m1337_combo	adversarial	mut:combo	valid	LEAK	5­Іб⁠4185ЧЗ998
combo_homoglyph+invisible+case	INN	labor_0001__m1337_combo	adversarial	mut:combo	valid	LEAK	74Ч0І7202 70 5
combo_homoglyph+invisible+case	INN	labor_0001__m1337_combo	adversarial	mut:combo	valid	LEAK	7​44ОІ720­27О5
combo_homoglyph+invisible+case	INN	labor_0002__m1337_combo	adversarial	mut:combo	valid	LEAK	1О15⁠5692З2​90
combo_homoglyph+invisible+case	INN	labor_0002__m1337_combo	adversarial	mut:combo	valid	hidden	З 23‍7 419 Ч6‍Ч
combo_homoglyph+invisible+case	INN	labor_0007__m1337_combo	adversarial	mut:combo	valid	LEAK	54558Ч­1­53208
combo_homoglyph+invisible+case	INN	labor_0007__m1337_combo	adversarial	mut:combo	valid	LEAK	5Ч5584​І53 208
combo_homoglyph+invisible+case	INN	labor_0007__m1337_combo	adversarial	mut:combo	valid	hidden	8 265598І2 077
combo_homoglyph+invisible+case	INN	lease_0001__m1337_combo	adversarial	mut:combo	valid	LEAK	б‍475Ч97265
combo_homoglyph+invisible+case	INN	lease_0001__m1337_combo	adversarial	mut:combo	valid	hidden	78­б1723094
combo_homoglyph+invisible+case	INN	lease_0002__m2718_combo	adversarial	mut:combo		LEAK	б7 50 72⁠О233
combo_homoglyph+invisible+case	INN	lease_0002__m2718_combo	adversarial	mut:combo	valid	LEAK	4133 87 9Ч8979
combo_homoglyph+invisible+case	INN	lease_0002__m2718_combo	adversarial	mut:combo	valid	LEAK	Ч133⁠8794897 9
combo_homoglyph+invisible+case	INN	lease_0002__m2718_combo	adversarial	mut:combo	valid	LEAK	б7­5О7202З3
combo_homoglyph+invisible+case	INN	lease_0007__m1337_combo	adversarial	mut:combo	valid	LEAK	7 2О5 ⁠591 ­981
combo_homoglyph+invisible+case	INN	lease_0007__m1337_combo	adversarial	mut:combo	valid	LEAK	З 425  003  243
combo_homoglyph+invisible+case	INN	loan_0001__m1337_combo	adversarial	mut:combo	valid	LEAK	49О3З­22567
combo_homoglyph+invisible+case	INN	loan_0001__m1337_combo	adversarial	mut:combo	valid	hidden	881289З8 50
combo_homoglyph+invisible+case	INN	loan_0004__m2718_combo	adversarial	mut:combo	valid	LEAK	39б‍Ч​05716712
combo_homoglyph+invisible+case	INN	loan_0004__m2718_combo	adversarial	mut:combo	valid	LEAK	8938144‍20О2​З
combo_homoglyph+invisible+case	INN	loan_0004__m2718_combo	adversarial	mut:combo	valid	LEAK	89З8І­4 42002З
combo_homoglyph+invisible+case	INN	loan_0004__m2718_combo	adversarial	mut:combo	valid	LEAK	З9‍б40⁠57167І2
combo_homoglyph+invisible+case	INN	loan_0006__m1337_combo	adversarial	mut:combo		LEAK	9О 64 І08О⁠98І1
combo_homoglyph+invisible+case	INN	loan_0007__m1337_combo	adversarial	mut:combo		LEAK	4158О5286­Ч
combo_homoglyph+invisible+case	INN	loan_0007__m1337_combo	adversarial	mut:combo		LEAK	4І⁠5-805-2⁠864
combo_homoglyph+invisible+case	INN	loan_0007__m1337_combo	adversarial	mut:combo	valid	LEAK	02‍І7012675
combo_homoglyph+invisible+case	INN	loan_0007__m1337_combo	adversarial	mut:combo	valid	LEAK	Ч1580 528б4
combo_homoglyph+invisible+case	INN	sale_0003__m1337_combo	adversarial	mut:combo		LEAK	406-82‍6-83⁠І5
combo_homoglyph+invisible+case	INN	sale_0003__m1337_combo	adversarial	mut:combo		LEAK	Ч0682б8З​І5
combo_homoglyph+invisible+case	INN	sale_0003__m1337_combo	adversarial	mut:combo	valid	LEAK	Ч  О​б8 2б8 315
combo_homoglyph+invisible+case	INN	sale_0003__m1337_combo	adversarial	mut:combo	valid	hidden	9 О⁠94⁠ 808 0Ч4
combo_homoglyph+invisible+case	INN	sale_0008__m2718_combo	adversarial	mut:combo		LEAK	228-296-23 ЧІ2​7
combo_homoglyph+invisible+case	INN	sale_0008__m2718_combo	adversarial	mut:combo	valid	LEAK	0074 58Ч 84Ч51
combo_homoglyph+invisible+case	INN	sale_0008__m2718_combo	adversarial	mut:combo	valid	LEAK	22829б23 4‍І27
combo_homoglyph+invisible+case	INN	sale_0009__m1337_combo	adversarial	mut:combo	valid	LEAK	42498⁠7Ч71О
combo_homoglyph+invisible+case	INN	sale_0009__m1337_combo	adversarial	mut:combo	valid	LEAK	445­З250648
combo_homoglyph+invisible+case	INN	services_0001__m1337_combo	adversarial	mut:combo	valid	LEAK	582455​6138­Ч1
combo_homoglyph+invisible+case	INN	services_0001__m1337_combo	adversarial	mut:combo	valid	hidden	2І5707​8798 77
combo_homoglyph+invisible+case	INN	services_0001__m1337_combo	adversarial	mut:combo	valid	hidden	2І 570787 9877
combo_homoglyph+invisible+case	INN	services_0007__m1337_combo	adversarial	mut:combo	valid	LEAK	16­8І5З6047⁠50
combo_homoglyph+invisible+case	INN	services_0007__m1337_combo	adversarial	mut:combo	valid	LEAK	1 68І5 360Ч750
combo_homoglyph+invisible+case	INN	services_0007__m1337_combo	adversarial	mut:combo	valid	LEAK	823­6І195 962б
combo_homoglyph+invisible+case	INN	services_0008__m2718_combo	adversarial	mut:combo		LEAK	26 4О 65556б3­0
combo_homoglyph+invisible+case	INN	services_0008__m2718_combo	adversarial	mut:combo	valid	LEAK	2б4 Об55566‍3О
combo_homoglyph+invisible+case	INN	services_0008__m2718_combo	adversarial	mut:combo	valid	LEAK	5303О­б9873​55
combo_homoglyph+invisible+case	INN	services_0010__m1337_combo	adversarial	mut:combo	valid	LEAK	36‍5752Ч1І9
combo_homoglyph+invisible+case	INN	services_0010__m1337_combo	adversarial	mut:combo	valid	LEAK	54943­З‍590299
combo_homoglyph+invisible+case	INN	services_0010__m1337_combo	adversarial	mut:combo	valid	LEAK	5Ч94 3З59­0299
combo_homoglyph+invisible+case	INN	services_0013__m1337_combo	adversarial	mut:combo	valid	LEAK	29​4272907⁠І09
combo_homoglyph+invisible+case	INN	services_0013__m1337_combo	adversarial	mut:combo	valid	LEAK	75863​00113⁠7Ч
combo_homoglyph+invisible+case	INN	services_0013__m1337_combo	adversarial	mut:combo	valid	LEAK	75 86300ІІ3‍74
combo_homoglyph+invisible+case	INN	supply_0005__m1337_combo	adversarial	mut:combo	valid	LEAK	76767 2З72­2О0
combo_homoglyph+invisible+case	INN	supply_0005__m1337_combo	adversarial	mut:combo	valid	LEAK	83​35О2951‍888
combo_homoglyph+invisible+case	INN	supply_0005__m1337_combo	adversarial	mut:combo	valid	LEAK	8 335О29​51888
combo_homoglyph+invisible+case	INN	supply_0008__m2718_combo	adversarial	mut:combo	valid	LEAK	2З087 79273​38
combo_homoglyph+invisible+case	INN	supply_0008__m2718_combo	adversarial	mut:combo	valid	LEAK	2З 08779273­38
combo_homoglyph+invisible+case	INN	supply_0008__m2718_combo	adversarial	mut:combo	valid	LEAK	О380794​9ОЗ
combo_homoglyph+invisible+case	INN	supply_0010__m1337_combo	adversarial	mut:combo	valid	LEAK	55078Ч532 22⁠5
combo_homoglyph+invisible+case	INN	supply_0010__m1337_combo	adversarial	mut:combo	valid	LEAK	5 5 078Ч532225
combo_homoglyph+invisible+case	INN	supply_0010__m1337_combo	adversarial	mut:combo	valid	LEAK	72833​41⁠0ЗЗ8б
combo_homoglyph+invisible+case	INN	supply_0010__m1337_combo	adversarial	mut:combo	valid	LEAK	728⁠3З410­338б
combo_homoglyph+invisible+case	INN	supply_0011__m1337_combo	adversarial	mut:combo	valid	LEAK	62263188 5Ч⁠85
combo_homoglyph+invisible+case	INN	supply_0011__m1337_combo	adversarial	mut:combo	valid	LEAK	О4З31349⁠4ЗІ​0
combo_homoglyph+invisible+case	INN	supply_0011__m1337_combo	adversarial	mut:combo	valid	LEAK	б22­6З‍1885Ч85
combo_homoglyph+invisible+case	INN	works_0001__m1337_combo	adversarial	mut:combo	valid	LEAK	7­б42772525
combo_homoglyph+invisible+case	INN	works_0001__m1337_combo	adversarial	mut:combo	valid	hidden	1307З08​397
combo_homoglyph+invisible+case	INN	works_0006__m2718_combo	adversarial	mut:combo	valid	LEAK	52б 444​92І95б
combo_homoglyph+invisible+case	INN	works_0006__m2718_combo	adversarial	mut:combo	valid	LEAK	67258​З‍211І25
combo_homoglyph+invisible+case	INN	works_0007__m1337_combo	adversarial	mut:combo		LEAK	143-б1‍7-б3І​8
combo_homoglyph+invisible+case	INN	works_0007__m1337_combo	adversarial	mut:combo		LEAK	1ЧЗбІ 7б3І8
combo_homoglyph+invisible+case	INN	works_0007__m1337_combo	adversarial	mut:combo	valid	LEAK	14З6⁠176318
combo_homoglyph+invisible+case	INN	works_0007__m1337_combo	adversarial	mut:combo	valid	hidden	537Ч0725І​4
combo_homoglyph+invisible+case	INN	works_0008__m1337_combo	adversarial	mut:combo		hidden	92О­0 І1Ч⁠ІЗ9
combo_homoglyph+invisible+case	INN	works_0008__m1337_combo	adversarial	mut:combo	valid	LEAK	4284З352 407‍3
combo_homoglyph+invisible+case	INN	works_0008__m1337_combo	adversarial	mut:combo	valid	LEAK	428Ч⁠3352Ч07 3
combo_homoglyph+invisible+case	INN	works_0008__m1337_combo	adversarial	mut:combo	valid	hidden	9 2О0 1­1Ч  І39
combo_homoglyph+invisible+case	KPP	agency_0001__m1337_combo	adversarial	mut:combo		LEAK	2Іб8 ІО421
combo_homoglyph+invisible+case	KPP	agency_0001__m1337_combo	adversarial	mut:combo		hidden	З382Ч‍126З
combo_homoglyph+invisible+case	KPP	agency_0007__m1337_combo	adversarial	mut:combo		LEAK	89757б6⁠91
combo_homoglyph+invisible+case	KPP	agency_0007__m1337_combo	adversarial	mut:combo		hidden	79 І93З477
combo_homoglyph+invisible+case	KPP	cession_0003__m1337_combo	adversarial	mut:combo		hidden	7б9‍095729
combo_homoglyph+invisible+case	KPP	cession_0003__m1337_combo	adversarial	mut:combo		hidden	б744­928І4
combo_homoglyph+invisible+case	KPP	labor_0002__m1337_combo	adversarial	mut:combo		hidden	9ІЧ‍88б47О
combo_homoglyph+invisible+case	KPP	lease_0001__m1337_combo	adversarial	mut:combo		LEAK	926 7О7Ч87
combo_homoglyph+invisible+case	KPP	lease_0001__m1337_combo	adversarial	mut:combo		hidden	ЗЧІ82І01 3
combo_homoglyph+invisible+case	KPP	lease_0002__m2718_combo	adversarial	mut:combo		LEAK	153О747 30
combo_homoglyph+invisible+case	KPP	lease_0007__m1337_combo	adversarial	mut:combo		LEAK	529 О62259
combo_homoglyph+invisible+case	KPP	lease_0007__m1337_combo	adversarial	mut:combo		LEAK	97О098​510
combo_homoglyph+invisible+case	KPP	loan_0001__m1337_combo	adversarial	mut:combo		LEAK	7387Ч40б­6
combo_homoglyph+invisible+case	KPP	loan_0001__m1337_combo	adversarial	mut:combo		hidden	96І19​6Ч52
combo_homoglyph+invisible+case	KPP	loan_0007__m1337_combo	adversarial	mut:combo		LEAK	45⁠65168Ч5
combo_homoglyph+invisible+case	KPP	loan_0007__m1337_combo	adversarial	mut:combo		LEAK	76‍7048ЧЧ3
combo_homoglyph+invisible+case	KPP	sale_0003__m1337_combo	adversarial	mut:combo		LEAK	2Чб56098⁠2
combo_homoglyph+invisible+case	KPP	sale_0003__m1337_combo	adversarial	mut:combo		hidden	І3 0331247
combo_homoglyph+invisible+case	KPP	sale_0009__m1337_combo	adversarial	mut:combo		LEAK	5⁠26Ч88120
combo_homoglyph+invisible+case	KPP	sale_0009__m1337_combo	adversarial	mut:combo		LEAK	98ЗОІ235­7
combo_homoglyph+invisible+case	KPP	services_0010__m1337_combo	adversarial	mut:combo		LEAK	б5467267​І
combo_homoglyph+invisible+case	KPP	supply_0008__m2718_combo	adversarial	mut:combo		LEAK	І5⁠595б852
combo_homoglyph+invisible+case	KPP	works_0001__m1337_combo	adversarial	mut:combo		LEAK	929​Ч63288
combo_homoglyph+invisible+case	KPP	works_0001__m1337_combo	adversarial	mut:combo		hidden	6І387 О291
combo_homoglyph+invisible+case	KPP	works_0007__m1337_combo	adversarial	mut:combo		hidden	772502​Ч22
combo_homoglyph+invisible+case	KPP	works_0007__m1337_combo	adversarial	mut:combo		hidden	7З74⁠6З9О7
combo_homoglyph+invisible+case	KPP	works_0008__m1337_combo	adversarial	mut:combo		hidden	4Ч1⁠7О3З5б
combo_homoglyph+invisible+case	OGRN	agency_0004__m2718_combo	adversarial	mut:combo	valid	hidden	327Ч5З9 Об549​349
combo_homoglyph+invisible+case	OGRN	agency_0004__m2718_combo	adversarial	mut:combo	valid	hidden	3⁠775594О75 7ЗО21
combo_homoglyph+invisible+case	OGRN	agency_0007__m1337_combo	adversarial	mut:combo	valid	LEAK	1І509‍І51З1О4 7
combo_homoglyph+invisible+case	OGRN	agency_0007__m1337_combo	adversarial	mut:combo	valid	LEAK	І88З85​О2⁠28766
combo_homoglyph+invisible+case	OGRN	labor_0001__m1337_combo	adversarial	mut:combo	valid	LEAK	З8І74­5І129454‍52
combo_homoglyph+invisible+case	OGRN	labor_0002__m1337_combo	adversarial	mut:combo	valid	hidden	І  915 17З 3­72 1б7
combo_homoglyph+invisible+case	OGRN	labor_0007__m1337_combo	adversarial	mut:combo	valid	hidden	З1О457З­5⁠6277781
combo_homoglyph+invisible+case	OGRN	lease_0001__m1337_combo	adversarial	mut:combo	valid	LEAK	145 б4605⁠6ЗО20
combo_homoglyph+invisible+case	OGRN	lease_0001__m1337_combo	adversarial	mut:combo	valid	LEAK	1⁠09304О795⁠968
combo_homoglyph+invisible+case	OGRN	lease_0002__m2718_combo	adversarial	mut:combo	valid	LEAK	37729​2З25⁠55456О
combo_homoglyph+invisible+case	OGRN	lease_0002__m2718_combo	adversarial	mut:combo	valid	LEAK	ІЗО 95072819‍7З
combo_homoglyph+invisible+case	OGRN	lease_0007__m1337_combo	adversarial	mut:combo	valid	LEAK	І 2⁠92 ОІ2 453 ⁠Ч57
combo_homoglyph+invisible+case	OGRN	lease_0007__m1337_combo	adversarial	mut:combo	valid	hidden	1 563 950 66​О  525
combo_homoglyph+invisible+case	OGRN	loan_0001__m1337_combo	adversarial	mut:combo	valid	LEAK	1079З98 4777 51
combo_homoglyph+invisible+case	OGRN	loan_0001__m1337_combo	adversarial	mut:combo	valid	LEAK	І8З94 9З964 902
combo_homoglyph+invisible+case	OGRN	loan_0004__m2718_combo	adversarial	mut:combo	valid	LEAK	38888319О⁠82 2296
combo_homoglyph+invisible+case	OGRN	loan_0004__m2718_combo	adversarial	mut:combo	valid	hidden	389503 010­49І109
combo_homoglyph+invisible+case	OGRN	loan_0007__m1337_combo	adversarial	mut:combo	valid	LEAK	1­93О‍72б455890
combo_homoglyph+invisible+case	OGRN	loan_0007__m1337_combo	adversarial	mut:combo	valid	LEAK	І5⁠86І751З82​З0
combo_homoglyph+invisible+case	OGRN	sale_0003__m1337_combo	adversarial	mut:combo	valid	LEAK	1 373​ 1Ч1  90О 482
combo_homoglyph+invisible+case	OGRN	sale_0003__m1337_combo	adversarial	mut:combo	valid	hidden	1 3 55 862 236​ І90
combo_homoglyph+invisible+case	OGRN	sale_0009__m1337_combo	adversarial	mut:combo	valid	LEAK	1493­ІІ0О98 Ч36
combo_homoglyph+invisible+case	OGRN	sale_0009__m1337_combo	adversarial	mut:combo	valid	LEAK	І18824З25 043 6
combo_homoglyph+invisible+case	OGRN	services_0001__m1337_combo	adversarial	mut:combo	valid	hidden	3­692972І9Ч555‍5О
combo_homoglyph+invisible+case	OGRN	services_0007__m1337_combo	adversarial	mut:combo	valid	hidden	З4 65І26702 92О58
combo_homoglyph+invisible+case	OGRN	services_0010__m1337_combo	adversarial	mut:combo	valid	LEAK	139 4І1809­Ч006
combo_homoglyph+invisible+case	OGRN	services_0010__m1337_combo	adversarial	mut:combo	valid	hidden	348ЗЗО4І32 6790​5
combo_homoglyph+invisible+case	OGRN	services_0013__m1337_combo	adversarial	mut:combo	valid	LEAK	З9⁠І1‍І502596З828
combo_homoglyph+invisible+case	OGRN	supply_0005__m1337_combo	adversarial	mut:combo	valid	hidden	330 2022 І85б401О
combo_homoglyph+invisible+case	OGRN	supply_0008__m2718_combo	adversarial	mut:combo	valid	LEAK	13 З11О4644З О9
combo_homoglyph+invisible+case	OGRN	supply_0008__m2718_combo	adversarial	mut:combo	valid	LEAK	31З155 5‍О28249б2
combo_homoglyph+invisible+case	OGRN	supply_0010__m1337_combo	adversarial	mut:combo	valid	hidden	38­5510З76⁠43384б
combo_homoglyph+invisible+case	OGRN	supply_0010__m1337_combo	adversarial	mut:combo	valid	hidden	39І­7281957 08299
combo_homoglyph+invisible+case	OGRN	supply_0011__m1337_combo	adversarial	mut:combo	valid	LEAK	3926​7 958І08884І
combo_homoglyph+invisible+case	OGRN	works_0001__m1337_combo	adversarial	mut:combo	valid	LEAK	123 З73З20⁠72ЗЧ
combo_homoglyph+invisible+case	OGRN	works_0001__m1337_combo	adversarial	mut:combo	valid	LEAK	І­ОІ5Ч69­783339
combo_homoglyph+invisible+case	OGRN	works_0007__m1337_combo	adversarial	mut:combo	valid	LEAK	І22734­О‍І07169
combo_homoglyph+invisible+case	OGRN	works_0007__m1337_combo	adversarial	mut:combo	valid	LEAK	І­91б2881‍0б238
combo_homoglyph+invisible+case	OGRN	works_0008__m1337_combo	adversarial	mut:combo	valid	LEAK	35ІО38979ІЗ​775​2
combo_homoglyph+invisible+case	OGRN	works_0008__m1337_combo	adversarial	mut:combo	valid	hidden	1 699 9О5 8‍81 ​872
combo_homoglyph+invisible+case	ORG	agency_0001__m1337_combo	adversarial	mut:combo		LEAK	пAо «‍пРoМсН Аб»
combo_homoglyph+invisible+case	ORG	agency_0001__m1337_combo	adversarial	mut:combo		LEAK	пaо «t‍итaн»
combo_homoglyph+invisible+case	ORG	agency_0001__m1337_combo	adversarial	mut:combo		LEAK	п­aо «титaн»
combo_homoglyph+invisible+case	ORG	agency_0001__m1337_combo	adversarial	mut:combo		LEAK	п​а­о «ПpОmСнAб»
combo_homoglyph+invisible+case	ORG	agency_0007__m1337_combo	adversarial	mut:combo		LEAK	АO  «PОМАШ KA-ПЛЮС»
combo_homoglyph+invisible+case	ORG	agency_0007__m1337_combo	adversarial	mut:combo		LEAK	О ОО «Л ОГИСТИК Г PУПП»
combo_homoglyph+invisible+case	ORG	agency_0007__m1337_combo	adversarial	mut:combo		LEAK	аo  «роmашк­a-плюс»
combo_homoglyph+invisible+case	ORG	cession_0003__m1337_combo	adversarial	mut:combo		LEAK	oо о «севeрны­й вeт ер»
combo_homoglyph+invisible+case	ORG	cession_0003__m1337_combo	adversarial	mut:combo		LEAK	О⁠OО «СЕВЕРНЫЙ  ВЕ‍ТЕP»
combo_homoglyph+invisible+case	ORG	cession_0003__m1337_combo	adversarial	mut:combo		LEAK	п aо «3аря»
combo_homoglyph+invisible+case	ORG	cession_0003__m1337_combo	adversarial	mut:combo		LEAK	паo «за ря»
combo_homoglyph+invisible+case	ORG	labor_0002__m1337_combo	adversarial	mut:combo		LEAK	оoо «воc⁠ход⁠»
combo_homoglyph+invisible+case	ORG	labor_0002__m1337_combo	adversarial	mut:combo		LEAK	о⁠oO «⁠ВоCxОд»
combo_homoglyph+invisible+case	ORG	lease_0001__m1337_combo	adversarial	mut:combo		LEAK	OОО «ИВ⁠AН OВ»
combo_homoglyph+invisible+case	ORG	lease_0001__m1337_combo	adversarial	mut:combo		LEAK	ООО­ «ИВАНOВ­»
combo_homoglyph+invisible+case	ORG	lease_0001__m1337_combo	adversarial	mut:combo		LEAK	ооо  «ив­анoв»
combo_homoglyph+invisible+case	ORG	lease_0002__m2718_combo	adversarial	mut:combo		LEAK	oОо «ВaСи­л ёК»
combo_homoglyph+invisible+case	ORG	lease_0007__m1337_combo	adversarial	mut:combo		LEAK	О OО «CЕВEРНЫЙ ⁠ВЕТЕР⁠»
combo_homoglyph+invisible+case	ORG	lease_0007__m1337_combo	adversarial	mut:combo		LEAK	пaо «ат​лан⁠т»
combo_homoglyph+invisible+case	ORG	loan_0001__m1337_combo	adversarial	mut:combo		LEAK	ООO⁠ "3АРЯ"
combo_homoglyph+invisible+case	ORG	loan_0001__m1337_combo	adversarial	mut:combo		LEAK	ПEТРО­В КО НСАЛТИНГ
combo_homoglyph+invisible+case	ORG	loan_0001__m1337_combo	adversarial	mut:combo		LEAK	ПЕ ТPOВ KOНС​АЛТИНГ
combo_homoglyph+invisible+case	ORG	loan_0001__m1337_combo	adversarial	mut:combo		LEAK	ооo "зaря​"
combo_homoglyph+invisible+case	ORG	loan_0007__m1337_combo	adversarial	mut:combo		LEAK	OОO  "AKВИ ЛОН"
combo_homoglyph+invisible+case	ORG	sale_0003__m1337_combo	adversarial	mut:combo		LEAK	п­аO «т­eХнОпPоМ»
combo_homoglyph+invisible+case	ORG	sale_0003__m1337_combo	adversarial	mut:combo		LEAK	пА О «т eXнOпРoМ»
combo_homoglyph+invisible+case	ORG	sale_0009__m1337_combo	adversarial	mut:combo		LEAK	AO­ «Л⁠OГИCТИК​ ГРУПП»
combo_homoglyph+invisible+case	ORG	sale_0009__m1337_combo	adversarial	mut:combo		LEAK	ooo «t​е хнопром»
combo_homoglyph+invisible+case	ORG	sale_0009__m1337_combo	adversarial	mut:combo		LEAK	o​oО «‍TеХнОпРоM»
combo_homoglyph+invisible+case	ORG	sale_0009__m1337_combo	adversarial	mut:combo		LEAK	аО​ «ЛoГиC Т⁠Ик гPуПп»
combo_homoglyph+invisible+case	ORG	services_0010__m1337_combo	adversarial	mut:combo		LEAK	oОо ­«bAcИлЁ​К»
combo_homoglyph+invisible+case	ORG	services_0010__m1337_combo	adversarial	mut:combo		LEAK	о о о «вaсилёk»
combo_homoglyph+invisible+case	ORG	supply_0008__m2718_combo	adversarial	mut:combo		LEAK	ООО­ «AК​ВИЛОН»
combo_homoglyph+invisible+case	ORG	works_0001__m1337_combo	adversarial	mut:combo		LEAK	oоо «‍bаси­лёk»
combo_homoglyph+invisible+case	ORG	works_0001__m1337_combo	adversarial	mut:combo		LEAK	ООO «ЛОГИ­СТИК ‍ГРУПП »
combo_homoglyph+invisible+case	ORG	works_0007__m1337_combo	adversarial	mut:combo		LEAK	AО «HПO ИМ. ­C.​А. ЛАВО⁠ЧКИНА»
combo_homoglyph+invisible+case	ORG	works_0007__m1337_combo	adversarial	mut:combo		LEAK	аo «hп­о⁠ им. с.а‍. лавочkина»
combo_homoglyph+invisible+case	ORG	works_0007__m1337_combo	adversarial	mut:combo		LEAK	ооо «клиниkа дo⁠kтoра фёдор⁠о​ва»
combo_homoglyph+invisible+case	ORG	works_0008__m1337_combo	adversarial	mut:combo		LEAK	ПАO «‍B‍АСИЛЁК»
combo_homoglyph+invisible+case	ORG	works_0008__m1337_combo	adversarial	mut:combo		LEAK	па о «ва cилёк»
combo_homoglyph+invisible+case	PASSPORT	agency_0006__m1337_combo	adversarial	mut:combo		LEAK	08О-І2­4
combo_homoglyph+invisible+case	PASSPORT	agency_0006__m1337_combo	adversarial	mut:combo		LEAK	08О-І 24
combo_homoglyph+invisible+case	PASSPORT	agency_0006__m1337_combo	adversarial	mut:combo		LEAK	5О­ 2Ч 5816 44
combo_homoglyph+invisible+case	PASSPORT	agency_0006__m1337_combo	adversarial	mut:combo		LEAK	5 О 24 581 6ЧЧ
combo_homoglyph+invisible+case	PASSPORT	agency_0006__m1337_combo	adversarial	mut:combo		LEAK	О85-79­6
combo_homoglyph+invisible+case	PASSPORT	agency_0006__m1337_combo	adversarial	mut:combo		LEAK	О8‍ 09‍ 954502
combo_homoglyph+invisible+case	PASSPORT	agency_0006__m1337_combo	adversarial	mut:combo		LEAK	О‍8 09 9545​02
combo_homoglyph+invisible+case	PASSPORT	agency_0006__m1337_combo	adversarial	mut:combo		LEAK	О‍85-796
combo_homoglyph+invisible+case	PASSPORT	cession_0008__m2718_combo	adversarial	mut:combo		LEAK	08З-2І­8
combo_homoglyph+invisible+case	PASSPORT	cession_0008__m2718_combo	adversarial	mut:combo		LEAK	19 04 9Ч⁠9‍312
combo_homoglyph+invisible+case	PASSPORT	cession_0008__m2718_combo	adversarial	mut:combo		LEAK	19 ​04­ 9Ч9312
combo_homoglyph+invisible+case	PASSPORT	cession_0008__m2718_combo	adversarial	mut:combo		LEAK	36​ 09 09 818І
combo_homoglyph+invisible+case	PASSPORT	cession_0008__m2718_combo	adversarial	mut:combo		LEAK	68І-2​87
combo_homoglyph+invisible+case	PASSPORT	cession_0008__m2718_combo	adversarial	mut:combo		LEAK	Зб 09 О981 8 1
combo_homoglyph+invisible+case	PASSPORT	cession_0008__m2718_combo	adversarial	mut:combo		LEAK	О8 З-218
combo_homoglyph+invisible+case	PASSPORT	cession_0008__m2718_combo	adversarial	mut:combo		LEAK	б8 1-287
combo_homoglyph+invisible+case	PASSPORT	labor_0001__m1337_combo	adversarial	mut:combo		LEAK	28  2І 212­825
combo_homoglyph+invisible+case	PASSPORT	labor_0001__m1337_combo	adversarial	mut:combo		LEAK	2­8 2І ‍212825
combo_homoglyph+invisible+case	PASSPORT	labor_0001__m1337_combo	adversarial	mut:combo		LEAK	622-5І⁠3
combo_homoglyph+invisible+case	PASSPORT	labor_0001__m1337_combo	adversarial	mut:combo		LEAK	6 22-5І3
combo_homoglyph+invisible+case	PASSPORT	labor_0002__m1337_combo	adversarial	mut:combo		LEAK	71 2 0 З25­868
combo_homoglyph+invisible+case	PASSPORT	labor_0002__m1337_combo	adversarial	mut:combo		LEAK	7І  20 32‍5868
combo_homoglyph+invisible+case	PASSPORT	labor_0002__m1337_combo	adversarial	mut:combo		hidden	З06- 27З
combo_homoglyph+invisible+case	PASSPORT	labor_0002__m1337_combo	adversarial	mut:combo		hidden	З⁠06-273
combo_homoglyph+invisible+case	PASSPORT	labor_0007__m1337_combo	adversarial	mut:combo		LEAK	1 0 ​25 34482б
combo_homoglyph+invisible+case	PASSPORT	labor_0007__m1337_combo	adversarial	mut:combo		LEAK	1 О 25 3 Ч4826
combo_homoglyph+invisible+case	PASSPORT	labor_0007__m1337_combo	adversarial	mut:combo		LEAK	282-­227
combo_homoglyph+invisible+case	PASSPORT	labor_0007__m1337_combo	adversarial	mut:combo		LEAK	282-​227
combo_homoglyph+invisible+case	PASSPORT	loan_0006__m1337_combo	adversarial	mut:combo		LEAK	37І-97 0
combo_homoglyph+invisible+case	PASSPORT	loan_0006__m1337_combo	adversarial	mut:combo		LEAK	3І 02  79 8707
combo_homoglyph+invisible+case	PASSPORT	loan_0006__m1337_combo	adversarial	mut:combo		LEAK	7б 18  7 41821
combo_homoglyph+invisible+case	PASSPORT	loan_0006__m1337_combo	adversarial	mut:combo		LEAK	7⁠б 18 741 821
combo_homoglyph+invisible+case	PASSPORT	loan_0006__m1337_combo	adversarial	mut:combo		LEAK	95 З-175
combo_homoglyph+invisible+case	PASSPORT	loan_0006__m1337_combo	adversarial	mut:combo		LEAK	95­З-175
combo_homoglyph+invisible+case	PASSPORT	loan_0006__m1337_combo	adversarial	mut:combo		LEAK	ЗІ 02  7987О­7
combo_homoglyph+invisible+case	PASSPORT	loan_0006__m1337_combo	adversarial	mut:combo		LEAK	З 71-970
combo_homoglyph+invisible+case	PASSPORT	sale_0008__m2718_combo	adversarial	mut:combo		LEAK	4⁠О 02 55362 4
combo_homoglyph+invisible+case	PASSPORT	sale_0008__m2718_combo	adversarial	mut:combo		LEAK	587-8‍б2
combo_homoglyph+invisible+case	PASSPORT	sale_0008__m2718_combo	adversarial	mut:combo		LEAK	58­7-8б2
combo_homoglyph+invisible+case	PASSPORT	sale_0008__m2718_combo	adversarial	mut:combo		LEAK	6‍3І-бЗ2
combo_homoglyph+invisible+case	PASSPORT	sale_0008__m2718_combo	adversarial	mut:combo		LEAK	98 І7 З‍95 81Ч
combo_homoglyph+invisible+case	PASSPORT	sale_0008__m2718_combo	adversarial	mut:combo		LEAK	9⁠8 17 З9​58ІЧ
combo_homoglyph+invisible+case	PASSPORT	sale_0008__m2718_combo	adversarial	mut:combo		LEAK	Ч0 0⁠2 55362‍4
combo_homoglyph+invisible+case	PASSPORT	sale_0008__m2718_combo	adversarial	mut:combo		LEAK	бЗІ-6⁠З2
combo_homoglyph+invisible+case	PASSPORT	services_0001__m1337_combo	adversarial	mut:combo		LEAK	10 І0 99 5І1 7
combo_homoglyph+invisible+case	PASSPORT	services_0001__m1337_combo	adversarial	mut:combo		LEAK	812-4 0О
combo_homoglyph+invisible+case	PASSPORT	services_0001__m1337_combo	adversarial	mut:combo		LEAK	812-4⁠ОО
combo_homoglyph+invisible+case	PASSPORT	services_0001__m1337_combo	adversarial	mut:combo		LEAK	І0 10  995І‍17
combo_homoglyph+invisible+case	PASSPORT	services_0007__m1337_combo	adversarial	mut:combo		LEAK	44 І9 2‍22­524
combo_homoglyph+invisible+case	PASSPORT	services_0007__m1337_combo	adversarial	mut:combo		LEAK	4Ч 19‍ 22​252Ч
combo_homoglyph+invisible+case	PASSPORT	services_0007__m1337_combo	adversarial	mut:combo		LEAK	О9​9-218
combo_homoglyph+invisible+case	PASSPORT	services_0007__m1337_combo	adversarial	mut:combo		LEAK	О9 9-218
combo_homoglyph+invisible+case	PASSPORT	services_0008__m2718_combo	adversarial	mut:combo		LEAK	106- З52
combo_homoglyph+invisible+case	PASSPORT	services_0008__m2718_combo	adversarial	mut:combo		LEAK	1­З6-1І8
combo_homoglyph+invisible+case	PASSPORT	services_0008__m2718_combo	adversarial	mut:combo		LEAK	1З6-11 8
combo_homoglyph+invisible+case	PASSPORT	services_0008__m2718_combo	adversarial	mut:combo		LEAK	1О⁠б-352
combo_homoglyph+invisible+case	PASSPORT	services_0008__m2718_combo	adversarial	mut:combo		LEAK	65 22 ⁠2І‍Ч815
combo_homoglyph+invisible+case	PASSPORT	services_0008__m2718_combo	adversarial	mut:combo		LEAK	6 5 22​ 2ІЧ8І5
combo_homoglyph+invisible+case	PASSPORT	services_0008__m2718_combo	adversarial	mut:combo		hidden	9​9  О6 550262
combo_homoglyph+invisible+case	PASSPORT	services_0008__m2718_combo	adversarial	mut:combo		hidden	9‍9 Об ‍550262
combo_homoglyph+invisible+case	PASSPORT	services_0013__m1337_combo	adversarial	mut:combo		LEAK	9Ч0-2⁠19
combo_homoglyph+invisible+case	PASSPORT	services_0013__m1337_combo	adversarial	mut:combo		LEAK	9Ч О-2І9
combo_homoglyph+invisible+case	PASSPORT	services_0013__m1337_combo	adversarial	mut:combo		LEAK	З9 16 5­9658​6
combo_homoglyph+invisible+case	PASSPORT	services_0013__m1337_combo	adversarial	mut:combo		LEAK	З9 І6 5965­8⁠6
combo_homoglyph+invisible+case	PASSPORT	supply_0005__m1337_combo	adversarial	mut:combo		LEAK	04‍ 20­ 34І19З
combo_homoglyph+invisible+case	PASSPORT	supply_0005__m1337_combo	adversarial	mut:combo		LEAK	0 4 2О З4⁠119З
combo_homoglyph+invisible+case	PASSPORT	supply_0005__m1337_combo	adversarial	mut:combo		LEAK	152-32​О
combo_homoglyph+invisible+case	PASSPORT	supply_0005__m1337_combo	adversarial	mut:combo		LEAK	І52-32​0
combo_homoglyph+invisible+case	PASSPORT	supply_0011__m1337_combo	adversarial	mut:combo		LEAK	078-⁠бЧ0
combo_homoglyph+invisible+case	PASSPORT	supply_0011__m1337_combo	adversarial	mut:combo		LEAK	О7­8-640
combo_homoglyph+invisible+case	PASSPORT	supply_0011__m1337_combo	adversarial	mut:combo		hidden	06  ​І2 188179
combo_homoglyph+invisible+case	PASSPORT	supply_0011__m1337_combo	adversarial	mut:combo		hidden	О6 ­12 1881 79
combo_homoglyph+invisible+case	PASSPORT	works_0006__m2718_combo	adversarial	mut:combo		LEAK	2О1-68 2
combo_homoglyph+invisible+case	PASSPORT	works_0006__m2718_combo	adversarial	mut:combo		LEAK	2О1-6⁠82
combo_homoglyph+invisible+case	PASSPORT	works_0006__m2718_combo	adversarial	mut:combo		LEAK	57 0 2 6З92 О1
combo_homoglyph+invisible+case	PASSPORT	works_0006__m2718_combo	adversarial	mut:combo		LEAK	57​ 02 бЗ92⁠О1
combo_homoglyph+invisible+case	PASSPORT	works_0006__m2718_combo	adversarial	mut:combo		LEAK	9З 04​ І951б⁠7
combo_homoglyph+invisible+case	PASSPORT	works_0006__m2718_combo	adversarial	mut:combo		LEAK	9⁠З ⁠О4 І95167
combo_homoglyph+invisible+case	PASSPORT	works_0006__m2718_combo	adversarial	mut:combo		LEAK	Ч72-55 5
combo_homoglyph+invisible+case	PASSPORT	works_0006__m2718_combo	adversarial	mut:combo		LEAK	Ч72-5­55
combo_homoglyph+invisible+case	PER	agency_0001__m1337_combo	adversarial	mut:combo		LEAK	3a‍йцeв c­. п.
combo_homoglyph+invisible+case	PER	agency_0001__m1337_combo	adversarial	mut:combo		LEAK	c. П‍. ЗаЙц­eВ
combo_homoglyph+invisible+case	PER	agency_0001__m1337_combo	adversarial	mut:combo		LEAK	hOвИkOв а oЛьГa е гОрОв​нА
combo_homoglyph+invisible+case	PER	agency_0001__m1337_combo	adversarial	mut:combo		LEAK	h оВиKоВоЙ ОлЬгИ Е​ГоРо⁠вНы
combo_homoglyph+invisible+case	PER	agency_0001__m1337_combo	adversarial	mut:combo		LEAK	зАйЦеВa сEрГеЯ­ пEтP­Ов​иЧа
combo_homoglyph+invisible+case	PER	agency_0001__m1337_combo	adversarial	mut:combo		LEAK	за й‍цевa сeрге я петровича
combo_homoglyph+invisible+case	PER	agency_0001__m1337_combo	adversarial	mut:combo		LEAK	новиковa⁠ o. ​е.
combo_homoglyph+invisible+case	PER	agency_0001__m1337_combo	adversarial	mut:combo		LEAK	о­.⁠ Е. нОвИkОвA
combo_homoglyph+invisible+case	PER	agency_0004__m2718_combo	adversarial	mut:combo		LEAK	coколова  о. м .
combo_homoglyph+invisible+case	PER	agency_0004__m2718_combo	adversarial	mut:combo		LEAK	СОКOЛОВА O­ЛЬ ГА MИ⁠ХAЙЛОВНА
combo_homoglyph+invisible+case	PER	agency_0004__m2718_combo	adversarial	mut:combo		LEAK	пEтРо⁠вА О.  И.
combo_homoglyph+invisible+case	PER	agency_0004__m2718_combo	adversarial	mut:combo		LEAK	пeтр​ова ольга​ ива​новна
combo_homoglyph+invisible+case	PER	agency_0004__m2718_combo	adversarial	mut:combo		LEAK	п eT РoBа о­лЬгА ИвАнОвНа
combo_homoglyph+invisible+case	PER	agency_0004__m2718_combo	adversarial	mut:combo		LEAK	пЕтРоВа оЛьГa и⁠в‍аНоВ­На
combo_homoglyph+invisible+case	PER	agency_0004__m2718_combo	adversarial	mut:combo		LEAK	сoкoлов а⁠ о. м.
combo_homoglyph+invisible+case	PER	agency_0004__m2718_combo	adversarial	mut:combo		LEAK	с окoловой oльге m иxай­ловне
combo_homoglyph+invisible+case	PER	agency_0004__m2718_combo	adversarial	mut:combo		LEAK	с­okоловa о­. m.
combo_homoglyph+invisible+case	PER	agency_0006__m1337_combo	adversarial	mut:combo		LEAK	K ИМ e‍н сY
combo_homoglyph+invisible+case	PER	agency_0006__m1337_combo	adversarial	mut:combo		LEAK	kИм  Е. с.
combo_homoglyph+invisible+case	PER	agency_0006__m1337_combo	adversarial	mut:combo		LEAK	kиm eн с​y
combo_homoglyph+invisible+case	PER	agency_0006__m1337_combo	adversarial	mut:combo		LEAK	kим е н су
combo_homoglyph+invisible+case	PER	agency_0006__m1337_combo	adversarial	mut:combo		LEAK	ВOЛКО‍В НИКO‍ЛAЙ MИХА ЙЛОВИЧ
combo_homoglyph+invisible+case	PER	agency_0006__m1337_combo	adversarial	mut:combo		LEAK	ВОЛKОВ   НИКОЛAЙ‍ МИXАЙЛОВИЧ
combo_homoglyph+invisible+case	PER	agency_0006__m1337_combo	adversarial	mut:combo		LEAK	вOлКоВ HиКоЛаЙ Mи хAй лОв иЧ
combo_homoglyph+invisible+case	PER	agency_0006__m1337_combo	adversarial	mut:combo		LEAK	вo​лkов ниkoлай мих⁠айлови​ч
combo_homoglyph+invisible+case	PER	agency_0006__m1337_combo	adversarial	mut:combo		LEAK	ким  ен сy
combo_homoglyph+invisible+case	PER	agency_0006__m1337_combo	adversarial	mut:combo		LEAK	ким⁠ ен сy
combo_homoglyph+invisible+case	PER	agency_0007__m1337_combo	adversarial	mut:combo		LEAK	ПЧ­EЛЫ ЕКАТEРИНЫ OЛЕГ​OВН Ы
combo_homoglyph+invisible+case	PER	agency_0007__m1337_combo	adversarial	mut:combo		LEAK	ПЧЕЛЫ ЕKAТЕ‍РИ‍НЫ ОЛ EГOВНЫ
combo_homoglyph+invisible+case	PER	agency_0007__m1337_combo	adversarial	mut:combo		LEAK	Т. ⁠М. СИН⁠ИЦA
combo_homoglyph+invisible+case	PER	agency_0007__m1337_combo	adversarial	mut:combo		LEAK	е. ‍o. пчелa
combo_homoglyph+invisible+case	PER	agency_0007__m1337_combo	adversarial	mut:combo		LEAK	пЧe​лА E. o.
combo_homoglyph+invisible+case	PER	agency_0007__m1337_combo	adversarial	mut:combo		LEAK	пчелa\nекатeринa ол​е​говн­a
combo_homoglyph+invisible+case	PER	agency_0007__m1337_combo	adversarial	mut:combo		LEAK	сИнИцА‍ tАтЬ ЯнА‍ mИxАйЛo­вН А
combo_homoglyph+invisible+case	PER	agency_0007__m1337_combo	adversarial	mut:combo		LEAK	с иНиЦa т.  м.
combo_homoglyph+invisible+case	PER	agency_0007__m1337_combo	adversarial	mut:combo		hidden	CИНИЦ­Ы ТАТЬ ЯНЫ MИХAЙЛOВН Ы
combo_homoglyph+invisible+case	PER	agency_0007__m1337_combo	adversarial	mut:combo		hidden	БЕЛ Я­ЕВ ПAВЕЛ АНДРEEВ​ИЧ
combo_homoglyph+invisible+case	PER	cession_0003__m1337_combo	adversarial	mut:combo		LEAK	e. Д‍. ГуСе вА
combo_homoglyph+invisible+case	PER	cession_0003__m1337_combo	adversarial	mut:combo		LEAK	e.д.гу​сева
combo_homoglyph+invisible+case	PER	cession_0003__m1337_combo	adversarial	mut:combo		LEAK	m. м.  сид­оров
combo_homoglyph+invisible+case	PER	cession_0003__m1337_combo	adversarial	mut:combo		LEAK	m.м.сидoр‍ов
combo_homoglyph+invisible+case	PER	cession_0003__m1337_combo	adversarial	mut:combo		LEAK	ГУ­С⁠EВА Е. Д.
combo_homoglyph+invisible+case	PER	cession_0003__m1337_combo	adversarial	mut:combo		LEAK	СИДОРОВ\nM​И‍Х­АИЛ МИХАЙЛOВИЧ
combo_homoglyph+invisible+case	PER	cession_0003__m1337_combo	adversarial	mut:combo		LEAK	СИДО РO​В М. М.
combo_homoglyph+invisible+case	PER	cession_0003__m1337_combo	adversarial	mut:combo		LEAK	гУсЕвА‍ eK­АтЕрИнА  ⁠ДmИтРиEвНа
combo_homoglyph+invisible+case	PER	cession_0008__m2718_combo	adversarial	mut:combo		LEAK	CИНИЦ­A ЮЛИ Я ПАВЛОВ­НA
combo_homoglyph+invisible+case	PER	cession_0008__m2718_combo	adversarial	mut:combo		LEAK	KУЗНЕЦОВA  ЮЛИ­Я EГОР­OВНА
combo_homoglyph+invisible+case	PER	cession_0008__m2718_combo	adversarial	mut:combo		LEAK	c­иНи­цA ЮлИя пАвЛо вНа
combo_homoglyph+invisible+case	PER	cession_0008__m2718_combo	adversarial	mut:combo		LEAK	cИнИцА‍  ЮлИ​Я ПаВлО⁠­вНа
combo_homoglyph+invisible+case	PER	cession_0008__m2718_combo	adversarial	mut:combo		LEAK	cиницa ю⁠.­ п.
combo_homoglyph+invisible+case	PER	cession_0008__m2718_combo	adversarial	mut:combo		LEAK	И­ВAНOВA МAРИЯ АЛЕК­СЕ­ЕВНА
combo_homoglyph+invisible+case	PER	cession_0008__m2718_combo	adversarial	mut:combo		LEAK	ИВAН­OВА МАРИЯ­ AЛEК​СЕЕВНА
combo_homoglyph+invisible+case	PER	cession_0008__m2718_combo	adversarial	mut:combo		LEAK	ИВАНOBА М‍АPИ Я
combo_homoglyph+invisible+case	PER	cession_0008__m2718_combo	adversarial	mut:combo		LEAK	ИВАН ОВА  М. A.
combo_homoglyph+invisible+case	PER	cession_0008__m2718_combo	adversarial	mut:combo		LEAK	ИВАНОВ OЙ МАPИ‍И AЛEКСЕЕВ⁠НЕ
combo_homoglyph+invisible+case	PER	cession_0008__m2718_combo	adversarial	mut:combo		LEAK	сИнИцA Юл⁠иЯ П АвЛо вНа
combo_homoglyph+invisible+case	PER	cession_0008__m2718_combo	adversarial	mut:combo		LEAK	син­ицa­ юлия павлoвн a
combo_homoglyph+invisible+case	PER	cession_0008__m2718_combo	adversarial	mut:combo		hidden	семёнов в лaдимир м⁠ихайлов ич
combo_homoglyph+invisible+case	PER	labor_0001__m1337_combo	adversarial	mut:combo		LEAK	CЕМ⁠ЁНОВ ДMИТ­РИЙ MИХАЙ ЛOВИЧ
combo_homoglyph+invisible+case	PER	labor_0001__m1337_combo	adversarial	mut:combo		LEAK	cEmЁнOв д​мИтРиЙ  м­иХаЙлОвИч
combo_homoglyph+invisible+case	PER	labor_0001__m1337_combo	adversarial	mut:combo		LEAK	cEмЁн‍оВу дМиТрИю  М​ИхАйЛоВиЧу
combo_homoglyph+invisible+case	PER	labor_0001__m1337_combo	adversarial	mut:combo		LEAK	mАкАp⁠оВ В­ЛаДиМиР BлAдИмИрОвИ​Ч
combo_homoglyph+invisible+case	PER	labor_0001__m1337_combo	adversarial	mut:combo		LEAK	МАКAРОВ В­. В­.
combo_homoglyph+invisible+case	PER	labor_0001__m1337_combo	adversarial	mut:combo		LEAK	СЕM ЁНOВ Д​MИТPИЙ МИХАЙЛОВИ Ч
combo_homoglyph+invisible+case	PER	labor_0001__m1337_combo	adversarial	mut:combo		LEAK	мАкAрОв ­Bл­аДиMиР ВлАдИм­иРоВиЧ
combo_homoglyph+invisible+case	PER	labor_0001__m1337_combo	adversarial	mut:combo		LEAK	мАкАp о­в в. В.
combo_homoglyph+invisible+case	PER	labor_0001__m1337_combo	adversarial	mut:combo		LEAK	макaр‍oв владимир влaди⁠миpови⁠ч
combo_homoglyph+invisible+case	PER	labor_0001__m1337_combo	adversarial	mut:combo		LEAK	с‍еmёнов д.⁠ м.
combo_homoglyph+invisible+case	PER	labor_0002__m1337_combo	adversarial	mut:combo		LEAK	oгaне⁠сян г.­ a.
combo_homoglyph+invisible+case	PER	labor_0002__m1337_combo	adversarial	mut:combo		LEAK	г. A.  ОгАнЕcЯ­Н
combo_homoglyph+invisible+case	PER	labor_0002__m1337_combo	adversarial	mut:combo		LEAK	иBаНоB Ap⁠т­ёМ
combo_homoglyph+invisible+case	PER	labor_0002__m1337_combo	adversarial	mut:combo		LEAK	иВаНо вУ АрТёМ⁠У AнДpЕeВ⁠ИчУ
combo_homoglyph+invisible+case	PER	labor_0002__m1337_combo	adversarial	mut:combo		LEAK	ивано​в артём aндp​ее вич
combo_homoglyph+invisible+case	PER	labor_0002__m1337_combo	adversarial	mut:combo		LEAK	огaнeся­н­ гуpгeн ашо тович
combo_homoglyph+invisible+case	PER	labor_0002__m1337_combo	adversarial	mut:combo		hidden	ОГАНЕС ЯН‍ Г‍УPГEН­ AШOТО­ВИЧ
combo_homoglyph+invisible+case	PER	labor_0002__m1337_combo	adversarial	mut:combo		hidden	иВa нO‍В А. а.
combo_homoglyph+invisible+case	PER	labor_0002__m1337_combo	adversarial	mut:combo		hidden	оГаНeСяНа​ ГуPгE­На аШоТ­ОвИчА
combo_homoglyph+invisible+case	PER	labor_0007__m1337_combo	adversarial	mut:combo		LEAK	b oлк​oва н. е.
combo_homoglyph+invisible+case	PER	labor_0007__m1337_combo	adversarial	mut:combo		LEAK	bолк​ова н. е⁠.
combo_homoglyph+invisible+case	PER	labor_0007__m1337_combo	adversarial	mut:combo		LEAK	maкc иm​овой татьяне никол‍аевне
combo_homoglyph+invisible+case	PER	labor_0007__m1337_combo	adversarial	mut:combo		LEAK	mАkС​ИмОвOй tА⁠ТьЯнОй нИкОлАе вНоЙ
combo_homoglyph+invisible+case	PER	labor_0007__m1337_combo	adversarial	mut:combo		LEAK	mАкCиМoВ⁠А ​т. H.
combo_homoglyph+invisible+case	PER	labor_0007__m1337_combo	adversarial	mut:combo		LEAK	В​О ЛKОВA H. Е.
combo_homoglyph+invisible+case	PER	labor_0007__m1337_combo	adversarial	mut:combo		LEAK	МAКСИMОВА ТAТЬЯН​А⁠ HИКОЛАЕВН​А
combo_homoglyph+invisible+case	PER	labor_0007__m1337_combo	adversarial	mut:combo		LEAK	МАK СИМО ВА T. H.
combo_homoglyph+invisible+case	PER	labor_0007__m1337_combo	adversarial	mut:combo		LEAK	волков­а нaта⁠лья егоровн‍а
combo_homoglyph+invisible+case	PER	labor_0007__m1337_combo	adversarial	mut:combo		LEAK	мAкCиМоВа тAт ь яН‍A НиКоЛаЕвНа
combo_homoglyph+invisible+case	PER	labor_0007__m1337_combo	adversarial	mut:combo		LEAK	мaкcимoв ой т атьян e николаевне
combo_homoglyph+invisible+case	PER	labor_0007__m1337_combo	adversarial	mut:combo		LEAK	мaкcимовa татьяна никол​a‍евн­а
combo_homoglyph+invisible+case	PER	labor_0007__m1337_combo	adversarial	mut:combo		LEAK	мaкси mobа тат⁠ьяна
combo_homoglyph+invisible+case	PER	labor_0007__m1337_combo	adversarial	mut:combo		hidden	мАкCиМоВoЙ⁠ tАт ьЯнЫ HиКоЛаЕ ВнЫ
combo_homoglyph+invisible+case	PER	lease_0001__m1337_combo	adversarial	mut:combo		LEAK	ПЕТP⁠ОВ­A НИКOЛAЯ ​ИВАНОВИЧА
combo_homoglyph+invisible+case	PER	lease_0001__m1337_combo	adversarial	mut:combo		LEAK	беля eв  е. а.
combo_homoglyph+invisible+case	PER	lease_0001__m1337_combo	adversarial	mut:combo		LEAK	е.​ а.  бЕлЯeВ
combo_homoglyph+invisible+case	PER	lease_0001__m1337_combo	adversarial	mut:combo		LEAK	н. и.  п​eтрoв
combo_homoglyph+invisible+case	PER	lease_0001__m1337_combo	adversarial	mut:combo		LEAK	пет pова ниkолaя­ и‍ванoвича
combo_homoglyph+invisible+case	PER	lease_0001__m1337_combo	adversarial	mut:combo		LEAK	п eТpОв н. И .
combo_homoglyph+invisible+case	PER	lease_0002__m2718_combo	adversarial	mut:combo		LEAK	3АЙЦЕ В А Е. А.
combo_homoglyph+invisible+case	PER	lease_0002__m2718_combo	adversarial	mut:combo		LEAK	3⁠aЙц‍еВа e. А.
combo_homoglyph+invisible+case	PER	lease_0002__m2718_combo	adversarial	mut:combo		LEAK	C­. E. ПЧЕЛA
combo_homoglyph+invisible+case	PER	lease_0002__m2718_combo	adversarial	mut:combo		LEAK	З AЙЦEВА EKАТЕ​РИ НА АЛЕКСЕЕВНА
combo_homoglyph+invisible+case	PER	lease_0002__m2718_combo	adversarial	mut:combo		LEAK	зАйЦеВ A еКа­тЕpИнA АлЕk​сЕeВн­а
combo_homoglyph+invisible+case	PER	lease_0002__m2718_combo	adversarial	mut:combo		LEAK	зайцевой eкатеpин е алeксеe вн е
combo_homoglyph+invisible+case	PER	lease_0002__m2718_combo	adversarial	mut:combo		LEAK	за⁠йцева⁠ е. a.
combo_homoglyph+invisible+case	PER	lease_0002__m2718_combo	adversarial	mut:combo		LEAK	пEтРоВ Aн дРeЙ СeРгЕеВ⁠И­Ч
combo_homoglyph+invisible+case	PER	lease_0002__m2718_combo	adversarial	mut:combo		LEAK	пчeла с⁠. е.
combo_homoglyph+invisible+case	PER	lease_0002__m2718_combo	adversarial	mut:combo		hidden	ПЧЕ ЛЫ⁠ СВЕТЛАНЫ EГOPO ВНЫ
combo_homoglyph+invisible+case	PER	lease_0007__m1337_combo	adversarial	mut:combo		LEAK	t итовoй юлии и​вановн‍ы
combo_homoglyph+invisible+case	PER	lease_0007__m1337_combo	adversarial	mut:combo		LEAK	ТИТОВOЙ ⁠ЮЛИИ ИВАН‍О ВНЫ
combo_homoglyph+invisible+case	PER	lease_0007__m1337_combo	adversarial	mut:combo		LEAK	п. ⁠н. пeт­pов
combo_homoglyph+invisible+case	PER	lease_0007__m1337_combo	adversarial	mut:combo		LEAK	пEтРоВа п⁠еТpA HиК​ОлАе вИчА
combo_homoglyph+invisible+case	PER	lease_0007__m1337_combo	adversarial	mut:combo		LEAK	пe тров п. н​.
combo_homoglyph+invisible+case	PER	lease_0007__m1337_combo	adversarial	mut:combo		LEAK	тИ⁠ТoВa ю. ‍и.
combo_homoglyph+invisible+case	PER	loan_0001__m1337_combo	adversarial	mut:combo		LEAK	KРЫЛОВA B.­ O​.
combo_homoglyph+invisible+case	PER	loan_0001__m1337_combo	adversarial	mut:combo		LEAK	БEЛОВ\nИВAН  EГOРОВ⁠И Ч
combo_homoglyph+invisible+case	PER	loan_0001__m1337_combo	adversarial	mut:combo		LEAK	бeлoва ива​н­а его ровича
combo_homoglyph+invisible+case	PER	loan_0001__m1337_combo	adversarial	mut:combo		LEAK	бeлов  и. е.
combo_homoglyph+invisible+case	PER	loan_0001__m1337_combo	adversarial	mut:combo		LEAK	бeлов­а⁠ ивa­нa eгоровича
combo_homoglyph+invisible+case	PER	loan_0001__m1337_combo	adversarial	mut:combo		LEAK	в⁠. o. КрЫлO­Ва
combo_homoglyph+invisible+case	PER	loan_0001__m1337_combo	adversarial	mut:combo		LEAK	и. Е. бE­ЛоВ
combo_homoglyph+invisible+case	PER	loan_0001__m1337_combo	adversarial	mut:combo		LEAK	кРыЛoВo‍й bЕрЫ  o­лЕгОвНы
combo_homoglyph+invisible+case	PER	loan_0001__m1337_combo	adversarial	mut:combo		LEAK	кРыЛо​­Вa‍  вЕрA ‍оЛеГоВнA
combo_homoglyph+invisible+case	PER	loan_0004__m2718_combo	adversarial	mut:combo		LEAK	OГАНEСЯН OМ Г­У‍РГEНОМ АШОТОВИЧЕМ
combo_homoglyph+invisible+case	PER	loan_0004__m2718_combo	adversarial	mut:combo		LEAK	oГ‍A​НеСяН ГуРг eН АшОтОвИч
combo_homoglyph+invisible+case	PER	loan_0004__m2718_combo	adversarial	mut:combo		LEAK	ОГAН­ECЯН ГУ​РГ⁠EН АШОТОВИЧ
combo_homoglyph+invisible+case	PER	loan_0004__m2718_combo	adversarial	mut:combo		LEAK	ОГAНЕ­СЯ Н Г. А.
combo_homoglyph+invisible+case	PER	loan_0004__m2718_combo	adversarial	mut:combo		LEAK	СЕМЁНОВ ‍НИKОЛAЙ ЕГ ОРO­ВИЧ
combo_homoglyph+invisible+case	PER	loan_0004__m2718_combo	adversarial	mut:combo		LEAK	СЕ⁠МЁНOВ НИK­OЛАЙ ‍ЕГОРОВИЧ
combo_homoglyph+invisible+case	PER	loan_0004__m2718_combo	adversarial	mut:combo		LEAK	оГa нЕcЯн​ Г. а.
combo_homoglyph+invisible+case	PER	loan_0004__m2718_combo	adversarial	mut:combo		LEAK	оГaНеC‍ЯнА ГуPгЕ На aШоТо вИчА
combo_homoglyph+invisible+case	PER	loan_0004__m2718_combo	adversarial	mut:combo		LEAK	оГаНеСя­н гУрГeН  aШоТo вИч
combo_homoglyph+invisible+case	PER	loan_0004__m2718_combo	adversarial	mut:combo		LEAK	оГа‍нЕс‍яНoМ ГyРгEнOм аШо тОвИчЕм
combo_homoglyph+invisible+case	PER	loan_0004__m2718_combo	adversarial	mut:combo		LEAK	огaнесяну гy pгенy аш‍ото⁠вичу
combo_homoglyph+invisible+case	PER	loan_0004__m2718_combo	adversarial	mut:combo		LEAK	сemён o в н. e.
combo_homoglyph+invisible+case	PER	loan_0004__m2718_combo	adversarial	mut:combo		LEAK	сЕmЁнО В HиKоЛаЙ Е​ГоРo⁠вИч
combo_homoglyph+invisible+case	PER	loan_0004__m2718_combo	adversarial	mut:combo		hidden	OГАНЕСЯНY ГУР­ГЕНY АШОТ⁠О​ВИЧУ
combo_homoglyph+invisible+case	PER	loan_0006__m1337_combo	adversarial	mut:combo		LEAK	CМИРНОВ ​ОЛЕ​Г ПЕТР ОВИЧ
combo_homoglyph+invisible+case	PER	loan_0006__m1337_combo	adversarial	mut:combo		LEAK	cмирн ов ол​ег петpови‍ч
combo_homoglyph+invisible+case	PER	loan_0006__m1337_combo	adversarial	mut:combo		LEAK	ИВAН­OВ ВЛAДИМИ​Р ДМИ ТРИEВИЧ
combo_homoglyph+invisible+case	PER	loan_0006__m1337_combo	adversarial	mut:combo		LEAK	ИВА⁠НОВ В ЛАДИМИP ‍ДМИТРИЕВИЧ
combo_homoglyph+invisible+case	PER	loan_0006__m1337_combo	adversarial	mut:combo		LEAK	ИВ АНOВУ  BЛАДИMИP‍У ДМИТРИЕВИЧУ
combo_homoglyph+invisible+case	PER	loan_0006__m1337_combo	adversarial	mut:combo		LEAK	и­вaнов вЛa­дИмИр дМ ИтРиE⁠ВиЧ
combo_homoglyph+invisible+case	PER	loan_0006__m1337_combo	adversarial	mut:combo		LEAK	иВaНоB‍ вЛаДиМи‍р
combo_homoglyph+invisible+case	PER	loan_0006__m1337_combo	adversarial	mut:combo		LEAK	иВ‍A НоВ В. д.
combo_homoglyph+invisible+case	PER	loan_0006__m1337_combo	adversarial	mut:combo		LEAK	сMиPнО­В‍ oЛе⁠г пЕтРоВ И­Ч
combo_homoglyph+invisible+case	PER	loan_0006__m1337_combo	adversarial	mut:combo		LEAK	сМиРнОв  О⁠ЛеГ‍ пЕтРoВиЧ
combo_homoglyph+invisible+case	PER	loan_0007__m1337_combo	adversarial	mut:combo		LEAK	MИХAЙЛOВ А ЮРИЯ​ ‍ЮPЬЕВИЧА
combo_homoglyph+invisible+case	PER	loan_0007__m1337_combo	adversarial	mut:combo		LEAK	kИсEлЁвA ⁠оЛеГa⁠ СеРгЕе­вИчА
combo_homoglyph+invisible+case	PER	loan_0007__m1337_combo	adversarial	mut:combo		LEAK	kис ел​ёв олeг⁠ сeргeевич
combo_homoglyph+invisible+case	PER	loan_0007__m1337_combo	adversarial	mut:combo		LEAK	mиxайлoв а юрия ю p‍ьевича
combo_homoglyph+invisible+case	PER	loan_0007__m1337_combo	adversarial	mut:combo		LEAK	mихайло⁠в ю.  ю.
combo_homoglyph+invisible+case	PER	loan_0007__m1337_combo	adversarial	mut:combo		LEAK	к⁠иCеЛёВ‍ o. С.
combo_homoglyph+invisible+case	PER	loan_0007__m1337_combo	adversarial	mut:combo		LEAK	о. c. к исe‍лёв
combo_homoglyph+invisible+case	PER	loan_0007__m1337_combo	adversarial	mut:combo		LEAK	ю. Ю. мИxАйЛ О⁠В
combo_homoglyph+invisible+case	PER	sale_0003__m1337_combo	adversarial	mut:combo		LEAK	TИТОВA  МАРИЯ ­ДМИТPИEВН А
combo_homoglyph+invisible+case	PER	sale_0003__m1337_combo	adversarial	mut:combo		LEAK	hИкИтИ​НоЙ‍ ‍МaРиИ ПaВлOвНы
combo_homoglyph+invisible+case	PER	sale_0003__m1337_combo	adversarial	mut:combo		LEAK	m. П­. НиКиТи нА
combo_homoglyph+invisible+case	PER	sale_0003__m1337_combo	adversarial	mut:combo		LEAK	tитовой ⁠ма​рии дmитp‍иeвны
combo_homoglyph+invisible+case	PER	sale_0003__m1337_combo	adversarial	mut:combo		LEAK	НИKИТИ Н‍ОЙ МA​РИИ ПАВЛОВНЫ
combo_homoglyph+invisible+case	PER	sale_0003__m1337_combo	adversarial	mut:combo		LEAK	НИКИТ ИНА  M. П.
combo_homoglyph+invisible+case	PER	sale_0003__m1337_combo	adversarial	mut:combo		LEAK	м. Д.  TиТоВ⁠А
combo_homoglyph+invisible+case	PER	sale_0003__m1337_combo	adversarial	mut:combo		LEAK	титова ­m.  д.
combo_homoglyph+invisible+case	PER	sale_0008__m2718_combo	adversarial	mut:combo		LEAK	E‍РШOВA И . А.
combo_homoglyph+invisible+case	PER	sale_0008__m2718_combo	adversarial	mut:combo		LEAK	KPЫЛOВОЙ СВЕТЛ А‍НE СЕРГЕЕ⁠ВНЕ
combo_homoglyph+invisible+case	PER	sale_0008__m2718_combo	adversarial	mut:combo		LEAK	kPыЛ Oв­a с. С.
combo_homoglyph+invisible+case	PER	sale_0008__m2718_combo	adversarial	mut:combo		LEAK	КPЫЛОВА СВЕТЛАНА С​ЕР ГЕE­ВНА
combo_homoglyph+invisible+case	PER	sale_0008__m2718_combo	adversarial	mut:combo		LEAK	еPшОвА Иp​и‍нА АлЕ­КсЕeВнА
combo_homoglyph+invisible+case	PER	sale_0008__m2718_combo	adversarial	mut:combo		LEAK	еpшова и pина але‍ксеe‍вна
combo_homoglyph+invisible+case	PER	sale_0008__m2718_combo	adversarial	mut:combo		LEAK	ерш oв a ирина ⁠алekсеевна
combo_homoglyph+invisible+case	PER	sale_0009__m1337_combo	adversarial	mut:combo		LEAK	TAPAСОВА П ЕТ‍РА  ЮРЬЕВИЧА
combo_homoglyph+invisible+case	PER	sale_0009__m1337_combo	adversarial	mut:combo		LEAK	e. а.‍ eрш​ова
combo_homoglyph+invisible+case	PER	sale_0009__m1337_combo	adversarial	mut:combo		LEAK	tа­рa⁠cов п. ю.
combo_homoglyph+invisible+case	PER	sale_0009__m1337_combo	adversarial	mut:combo		LEAK	tарaсов\nпёт­p юр⁠ье вич
combo_homoglyph+invisible+case	PER	sale_0009__m1337_combo	adversarial	mut:combo		LEAK	ЕРШ​ОВ­A Е. А.
combo_homoglyph+invisible+case	PER	sale_0009__m1337_combo	adversarial	mut:combo		LEAK	П. ‍Ю.­ TАPАCОВ
combo_homoglyph+invisible+case	PER	sale_0009__m1337_combo	adversarial	mut:combo		LEAK	еpшов ой ел‍ен​ы алеkceевны
combo_homoglyph+invisible+case	PER	sale_0009__m1337_combo	adversarial	mut:combo		LEAK	тapасoвa  петра ю⁠рьев‍ича
combo_homoglyph+invisible+case	PER	services_0001__m1337_combo	adversarial	mut:combo		LEAK	HОВИ К⁠ОВ­ OЛЕГ HИKОЛАЕВИЧ
combo_homoglyph+invisible+case	PER	services_0001__m1337_combo	adversarial	mut:combo		LEAK	HО ВИKОВ  OЛEГ НИКОЛ АЕВИЧ
combo_homoglyph+invisible+case	PER	services_0001__m1337_combo	adversarial	mut:combo		LEAK	hиkитинa  е­kатерина нико‍лаевна
combo_homoglyph+invisible+case	PER	services_0001__m1337_combo	adversarial	mut:combo		LEAK	h‍иkи‍тинa еkатерина ​николаевна
combo_homoglyph+invisible+case	PER	services_0001__m1337_combo	adversarial	mut:combo		LEAK	нOвИкОв o лЕг нИкОлAеВ И⁠Ч
combo_homoglyph+invisible+case	PER	services_0001__m1337_combo	adversarial	mut:combo		LEAK	нOвИкОвУ OлЕгY HиКоЛ Ае‍вИч у
combo_homoglyph+invisible+case	PER	services_0001__m1337_combo	adversarial	mut:combo		LEAK	н оВиK­Ов о. Н.
combo_homoglyph+invisible+case	PER	services_0001__m1337_combo	adversarial	mut:combo		LEAK	нИkИтИ­Нa  E. н.
combo_homoglyph+invisible+case	PER	services_0001__m1337_combo	adversarial	mut:combo		LEAK	нИ Ки тИнA Е. h.
combo_homoglyph+invisible+case	PER	services_0007__m1337_combo	adversarial	mut:combo		LEAK	CЕМ ЁН OВ ЮРИЙ OЛЕГОВ ИЧ
combo_homoglyph+invisible+case	PER	services_0007__m1337_combo	adversarial	mut:combo		LEAK	cЕмЁ⁠Н⁠Ов ю. О.
combo_homoglyph+invisible+case	PER	services_0007__m1337_combo	adversarial	mut:combo		LEAK	tA‍РaCоВ­ п. А.
combo_homoglyph+invisible+case	PER	services_0007__m1337_combo	adversarial	mut:combo		LEAK	СЕМЁНO​В ЮРИЙ O­ЛЕ­ГОВИЧ
combo_homoglyph+invisible+case	PER	services_0007__m1337_combo	adversarial	mut:combo		LEAK	тАpAсO В Пё‍тР АлЕk­сЕеВиЧ
combo_homoglyph+invisible+case	PER	services_0007__m1337_combo	adversarial	mut:combo		LEAK	тар​aсову петpy  алeксеевич⁠у
combo_homoglyph+invisible+case	PER	services_0007__m1337_combo	adversarial	mut:combo		LEAK	тар​асoв ​пётр алексеe вич
combo_homoglyph+invisible+case	PER	services_0008__m2718_combo	adversarial	mut:combo		LEAK	hУpМаГоМеДоВ А ХaДиЖаТ МaГо​мЕдОвН⁠А
combo_homoglyph+invisible+case	PER	services_0008__m2718_combo	adversarial	mut:combo		LEAK	hУрМaГоMeДоВоЙ Ха​дИж⁠аТ МаГ­ОмЕдОвНе
combo_homoglyph+invisible+case	PER	services_0008__m2718_combo	adversarial	mut:combo		LEAK	hУрМ AгО МeДoВа ХAДИЖА‍Т⁠ МAГOМ ЕДОВНA
combo_homoglyph+invisible+case	PER	services_0008__m2718_combo	adversarial	mut:combo		LEAK	hурm⁠агoмедова⁠ ​х. m.
combo_homoglyph+invisible+case	PER	services_0008__m2718_combo	adversarial	mut:combo		LEAK	ЛИ BЭ​Й
combo_homoglyph+invisible+case	PER	services_0008__m2718_combo	adversarial	mut:combo		LEAK	ЛИ B⁠ЭЙ
combo_homoglyph+invisible+case	PER	services_0008__m2718_combo	adversarial	mut:combo		LEAK	лИ Bэ‍й
combo_homoglyph+invisible+case	PER	services_0008__m2718_combo	adversarial	mut:combo		LEAK	л‍и b.
combo_homoglyph+invisible+case	PER	services_0008__m2718_combo	adversarial	mut:combo		LEAK	нуpmагом⁠едова­ хадижат магoмедoв⁠на
combo_homoglyph+invisible+case	PER	services_0008__m2718_combo	adversarial	mut:combo		LEAK	нурмагoмедовa ­хaдижат⁠  mагомедовна
combo_homoglyph+invisible+case	PER	services_0010__m1337_combo	adversarial	mut:combo		LEAK	а⁠. п. 3айц eв
combo_homoglyph+invisible+case	PER	services_0010__m1337_combo	adversarial	mut:combo		LEAK	зAйЦеВa аЛеКсE‍Я ​пАвЛoВ‍ИчА
combo_homoglyph+invisible+case	PER	services_0010__m1337_combo	adversarial	mut:combo		LEAK	зАйЦeВ А⁠.​ п.
combo_homoglyph+invisible+case	PER	services_0010__m1337_combo	adversarial	mut:combo		LEAK	иВaНoВ P ОmАн ‍АлЕ​КсЕеВиЧ
combo_homoglyph+invisible+case	PER	services_0010__m1337_combo	adversarial	mut:combo		LEAK	иВaНoВу рOmА‍Ну аЛ ЕкСеЕвИ Чу
combo_homoglyph+invisible+case	PER	services_0010__m1337_combo	adversarial	mut:combo		LEAK	иВаН Ов p.  а.
combo_homoglyph+invisible+case	PER	services_0010__m1337_combo	adversarial	mut:combo		LEAK	ивaн‍ов р⁠ом​ан aлekсеевич
combo_homoglyph+invisible+case	PER	services_0010__m1337_combo	adversarial	mut:combo		LEAK	иванoва а­нна ‍егo ровна
combo_homoglyph+invisible+case	PER	services_0010__m1337_combo	adversarial	mut:combo		LEAK	ив‍aн oв р. а.
combo_homoglyph+invisible+case	PER	services_0010__m1337_combo	adversarial	mut:combo		hidden	виногp адо⁠в с eргей петрович
combo_homoglyph+invisible+case	PER	services_0013__m1337_combo	adversarial	mut:combo		LEAK	h⁠иКиТ⁠ИнА ⁠дАpЬя дМиТpИеВнA
combo_homoglyph+invisible+case	PER	services_0013__m1337_combo	adversarial	mut:combo		LEAK	tИтOв​a лЮд­мИлА Пе⁠тРоВнA
combo_homoglyph+invisible+case	PER	services_0013__m1337_combo	adversarial	mut:combo		LEAK	tи‍тoва​ л. п.
combo_homoglyph+invisible+case	PER	services_0013__m1337_combo	adversarial	mut:combo		LEAK	НИKИТИН​А ДАPЬЯ ‍ДМИТ‍PИЕВНА
combo_homoglyph+invisible+case	PER	services_0013__m1337_combo	adversarial	mut:combo		LEAK	НИ​KИТИНА​ Д. Д.
combo_homoglyph+invisible+case	PER	services_0013__m1337_combo	adversarial	mut:combo		LEAK	нИ KиТ​ИнA Д. д.
combo_homoglyph+invisible+case	PER	services_0013__m1337_combo	adversarial	mut:combo		LEAK	никитин‍a д­аpья дмитри​евнa
combo_homoglyph+invisible+case	PER	services_0013__m1337_combo	adversarial	mut:combo		LEAK	тИтOвOй л­юДмИ⁠Ле пЕт​рOвНе
combo_homoglyph+invisible+case	PER	services_0013__m1337_combo	adversarial	mut:combo		LEAK	тИ ТоВа лЮдMиЛa п⁠e­тРоВнА
combo_homoglyph+invisible+case	PER	supply_0005__m1337_combo	adversarial	mut:combo		LEAK	cMиРнOвА­ л. О­.
combo_homoglyph+invisible+case	PER	supply_0005__m1337_combo	adversarial	mut:combo		LEAK	cmирновa‍ ⁠людmила олегов на
combo_homoglyph+invisible+case	PER	supply_0005__m1337_combo	adversarial	mut:combo		LEAK	ПЕТРО‍ВA Л ЮДМ­ИЛА ЕГОРOВНА
combo_homoglyph+invisible+case	PER	supply_0005__m1337_combo	adversarial	mut:combo		LEAK	СМИPНO­ВА Л.  O.
combo_homoglyph+invisible+case	PER	supply_0005__m1337_combo	adversarial	mut:combo		LEAK	пeтрoв а л. ​e.
combo_homoglyph+invisible+case	PER	supply_0005__m1337_combo	adversarial	mut:combo		LEAK	пЕтРоВа л­юДм иЛa еГоР­OвНа
combo_homoglyph+invisible+case	PER	supply_0005__m1337_combo	adversarial	mut:combo		LEAK	пЕтРоВа л⁠юДмИлА ЕгOp​o⁠вНа
combo_homoglyph+invisible+case	PER	supply_0005__m1337_combo	adversarial	mut:combo		LEAK	сМиРнО Вa ⁠Л. o.
combo_homoglyph+invisible+case	PER	supply_0005__m1337_combo	adversarial	mut:combo		hidden	пЕтPоВоЙ ЛюД​MиЛе eГ ОpОвН­Е
combo_homoglyph+invisible+case	PER	supply_0008__m2718_combo	adversarial	mut:combo		LEAK	cokoловой ольги  в⁠ладим ировны
combo_homoglyph+invisible+case	PER	supply_0008__m2718_combo	adversarial	mut:combo		LEAK	О.  B. СОK‍ОЛOВA
combo_homoglyph+invisible+case	PER	supply_0008__m2718_combo	adversarial	mut:combo		LEAK	ПEТPOВ А H.  Д.
combo_homoglyph+invisible+case	PER	supply_0008__m2718_combo	adversarial	mut:combo		LEAK	пe‍трова н⁠. д.
combo_homoglyph+invisible+case	PER	supply_0008__m2718_combo	adversarial	mut:combo		LEAK	петpов⁠a нaталья дмитpиев‍н­а
combo_homoglyph+invisible+case	PER	supply_0008__m2718_combo	adversarial	mut:combo		LEAK	пе⁠трoва  h. д.
combo_homoglyph+invisible+case	PER	supply_0008__m2718_combo	adversarial	mut:combo		LEAK	сОкO ЛоВa о. B­.
combo_homoglyph+invisible+case	PER	supply_0008__m2718_combo	adversarial	mut:combo		LEAK	сокол⁠овa ол‍ь га владимирoвнa
combo_homoglyph+invisible+case	PER	supply_0008__m2718_combo	adversarial	mut:combo		hidden	пЕтPоВо⁠й нАтAлЬe д­мИтРиЕв‍нЕ
combo_homoglyph+invisible+case	PER	supply_0010__m1337_combo	adversarial	mut:combo		LEAK	hо⁠виковa ольг­а андp‍еевна
combo_homoglyph+invisible+case	PER	supply_0010__m1337_combo	adversarial	mut:combo		LEAK	ИВАНО В MИXАИ Л  ПЕТPОВИЧ
combo_homoglyph+invisible+case	PER	supply_0010__m1337_combo	adversarial	mut:combo		LEAK	иВaНo‍в m. ⁠п.
combo_homoglyph+invisible+case	PER	supply_0010__m1337_combo	adversarial	mut:combo		LEAK	иВаН­Ов m‍и‍xAиЛ ПeТрОвИч
combo_homoglyph+invisible+case	PER	supply_0010__m1337_combo	adversarial	mut:combo		LEAK	нOв‍иКоВ⁠А О. а.
combo_homoglyph+invisible+case	PER	supply_0010__m1337_combo	adversarial	mut:combo		LEAK	новиkoвой⁠ ольгe анд­реев​не
combo_homoglyph+invisible+case	PER	supply_0010__m1337_combo	adversarial	mut:combo		LEAK	нов ик­oва o. a.
combo_homoglyph+invisible+case	PER	supply_0010__m1337_combo	adversarial	mut:combo		LEAK	н​oВиК OвA O. а.
combo_homoglyph+invisible+case	PER	supply_0011__m1337_combo	adversarial	mut:combo		LEAK	bОрОб ьЁв⁠ П. а.
combo_homoglyph+invisible+case	PER	supply_0011__m1337_combo	adversarial	mut:combo		LEAK	b⁠oРоБьЁв п. А‍.
combo_homoglyph+invisible+case	PER	supply_0011__m1337_combo	adversarial	mut:combo		LEAK	МИХАЙЛO­В  АРТЁ⁠M ОЛЕГОВИЧ
combo_homoglyph+invisible+case	PER	supply_0011__m1337_combo	adversarial	mut:combo		LEAK	воробьё в п. ⁠a.
combo_homoglyph+invisible+case	PER	supply_0011__m1337_combo	adversarial	mut:combo		LEAK	вороб⁠ьёв пёт‍p андpе⁠евич
combo_homoglyph+invisible+case	PER	supply_0011__m1337_combo	adversarial	mut:combo		LEAK	мИхAй⁠лОвУ AрТёMу o​лЕгОв иЧу
combo_homoglyph+invisible+case	PER	supply_0011__m1337_combo	adversarial	mut:combo		LEAK	мИхА⁠ЙлОв аРтЁм o‍лEгO ВиЧ
combo_homoglyph+invisible+case	PER	supply_0011__m1337_combo	adversarial	mut:combo		LEAK	миxайлов ар тё‍m oле гович
combo_homoglyph+invisible+case	PER	supply_0011__m1337_combo	adversarial	mut:combo		LEAK	ми⁠хайлoв ​a. o.
combo_homoglyph+invisible+case	PER	works_0001__m1337_combo	adversarial	mut:combo		LEAK	boлко­в ‍ юрий дmит pи­евич
combo_homoglyph+invisible+case	PER	works_0001__m1337_combo	adversarial	mut:combo		LEAK	ГYСЕВА ​Ю. А .
combo_homoglyph+invisible+case	PER	works_0001__m1337_combo	adversarial	mut:combo		LEAK	вoлк⁠ов юрий дми тpиеви ч
combo_homoglyph+invisible+case	PER	works_0001__m1337_combo	adversarial	mut:combo		LEAK	в oлкoв ю. ‍д.
combo_homoglyph+invisible+case	PER	works_0001__m1337_combo	adversarial	mut:combo		LEAK	волко⁠в‍a юрия‍ дмитриeвича
combo_homoglyph+invisible+case	PER	works_0001__m1337_combo	adversarial	mut:combo		LEAK	гY​СeВoЙ Юл​и​и аЛеКсЕеВнЫ
combo_homoglyph+invisible+case	PER	works_0001__m1337_combo	adversarial	mut:combo		LEAK	гусева\n⁠юлия а­лeксее​внa
combo_homoglyph+invisible+case	PER	works_0001__m1337_combo	adversarial	mut:combo		LEAK	ю. ​а. гyсe вa
combo_homoglyph+invisible+case	PER	works_0006__m2718_combo	adversarial	mut:combo		LEAK	HО­ВИК OВ‍ АНДPЕ‍Й ДMИТРИЕВИ‍Ч
combo_homoglyph+invisible+case	PER	works_0006__m2718_combo	adversarial	mut:combo		LEAK	НО ВИКОВ AНДРЕЙ ДМ­ИТР​ИEВИЧ
combo_homoglyph+invisible+case	PER	works_0006__m2718_combo	adversarial	mut:combo		LEAK	бEлЯeВ ‍аНдРеЙ​ иВаНo вИч
combo_homoglyph+invisible+case	PER	works_0006__m2718_combo	adversarial	mut:combo		LEAK	бEлЯеВу  АнДр‍еЮ ИвAнОв иЧу
combo_homoglyph+invisible+case	PER	works_0006__m2718_combo	adversarial	mut:combo		LEAK	бEл⁠яЕв­ А. и.
combo_homoglyph+invisible+case	PER	works_0006__m2718_combo	adversarial	mut:combo		LEAK	бЕлЯеВ‍ аНд‍рEй
combo_homoglyph+invisible+case	PER	works_0006__m2718_combo	adversarial	mut:combo		LEAK	бе­ляев андрей ⁠ив‍анoвич
combo_homoglyph+invisible+case	PER	works_0006__m2718_combo	adversarial	mut:combo		LEAK	нOвИкОв а н дPeЙ Дm⁠иТрИеВиЧ
combo_homoglyph+invisible+case	PER	works_0006__m2718_combo	adversarial	mut:combo		LEAK	нOвИкО В AнДpЕй дМ‍И⁠ТрИeВиЧ
combo_homoglyph+invisible+case	PER	works_0006__m2718_combo	adversarial	mut:combo		LEAK	н​оВиK‍Oв a. Д.
combo_homoglyph+invisible+case	PER	works_0007__m1337_combo	adversarial	mut:combo		LEAK	k­рыловой е‍катeри ны ивaновны
combo_homoglyph+invisible+case	PER	works_0007__m1337_combo	adversarial	mut:combo		LEAK	К­Р​ЫЛОВOЙ EКА​ТЕPИНЫ ИВAНОВНЫ
combo_homoglyph+invisible+case	PER	works_0007__m1337_combo	adversarial	mut:combo		LEAK	П­OПОВ И. П.
combo_homoglyph+invisible+case	PER	works_0007__m1337_combo	adversarial	mut:combo		LEAK	ПОПO В ИВАН ‍ПA​ВЛОВИЧ
combo_homoglyph+invisible+case	PER	works_0007__m1337_combo	adversarial	mut:combo		LEAK	кРыЛoВ­A Е. ​И.
combo_homoglyph+invisible+case	PER	works_0007__m1337_combo	adversarial	mut:combo		LEAK	п­oпoвa‍ ивана павлови⁠ча
combo_homoglyph+invisible+case	PER	works_0008__m1337_combo	adversarial	mut:combo		LEAK	BОЛKOВA ‍Е.  Д.
combo_homoglyph+invisible+case	PER	works_0008__m1337_combo	adversarial	mut:combo		LEAK	E. Д. ВО‍ЛKO ВА
combo_homoglyph+invisible+case	PER	works_0008__m1337_combo	adversarial	mut:combo		LEAK	ГYС⁠ЕВА иPиНа  ОлЕг оВнA
combo_homoglyph+invisible+case	PER	works_0008__m1337_combo	adversarial	mut:combo		LEAK	ГУCЕВA И РИНA OЛ ЕГ​ОВНА
combo_homoglyph+invisible+case	PER	works_0008__m1337_combo	adversarial	mut:combo		LEAK	ГУСЕ ВА\nИPИНА  ОЛEГOВ‍НА
combo_homoglyph+invisible+case	PER	works_0008__m1337_combo	adversarial	mut:combo		LEAK	гYсEв a ‍И­РиНа оЛ​Ег​оВнА
combo_homoglyph+invisible+case	PER	works_0008__m1337_combo	adversarial	mut:combo		LEAK	гY⁠CеВa⁠ И­РиНа оЛеГоВнА
combo_homoglyph+invisible+case	PER	works_0008__m1337_combo	adversarial	mut:combo		LEAK	гyсев а­ и. о.
combo_homoglyph+invisible+case	PER	works_0008__m1337_combo	adversarial	mut:combo		LEAK	гУсЕв­a и. О⁠.
combo_homoglyph+invisible+case	PER	works_0008__m1337_combo	adversarial	mut:combo		hidden	BОЛКОВА ЕКАТ⁠ЕPИНA⁠ ДМИТРИ EВНА
combo_homoglyph+invisible+case	PER	works_0008__m1337_combo	adversarial	mut:combo		hidden	Г​У⁠СЕВ OЙ ИРИНЕ ОЛEГОВНE
combo_homoglyph+invisible+case	PER	works_0008__m1337_combo	adversarial	mut:combo		hidden	вО⁠ЛкОвОй еKаТеPи​нЫ Д МиТрИеВнЫ
combo_homoglyph+invisible+case	PHONE	agency_0001__m1337_combo	adversarial	mut:combo		LEAK	8(383)22 1338​б
combo_homoglyph+invisible+case	PHONE	agency_0001__m1337_combo	adversarial	mut:combo		LEAK	8-383-Ч 04-‍8б-75
combo_homoglyph+invisible+case	PHONE	agency_0001__m1337_combo	adversarial	mut:combo		LEAK	84б 82б85 1Ч
combo_homoglyph+invisible+case	PHONE	agency_0004__m2718_combo	adversarial	mut:combo		LEAK	+7 (8Ч­3) 593- 7⁠Ч-88
combo_homoglyph+invisible+case	PHONE	agency_0004__m2718_combo	adversarial	mut:combo		LEAK	+7⁠  (Ч95) 399-19-⁠67
combo_homoglyph+invisible+case	PHONE	agency_0004__m2718_combo	adversarial	mut:combo		hidden	+7 (8Ч6)‍ 539-­27-‍51
combo_homoglyph+invisible+case	PHONE	agency_0006__m1337_combo	adversarial	mut:combo		LEAK	+7 (Ч99) ‍12­0-3 8-92
combo_homoglyph+invisible+case	PHONE	agency_0006__m1337_combo	adversarial	mut:combo		LEAK	+‍7 (8 43) 653 -8І-9З
combo_homoglyph+invisible+case	PHONE	agency_0006__m1337_combo	adversarial	mut:combo		hidden	+7 (З83) 948 -Ч 2­-76
combo_homoglyph+invisible+case	PHONE	agency_0006__m1337_combo	adversarial	mut:combo		hidden	+7  (812) ­794-5 8-бО
combo_homoglyph+invisible+case	PHONE	agency_0007__m1337_combo	adversarial	mut:combo		LEAK	+7 (4‍9 9) ⁠Ч98-48-І9
combo_homoglyph+invisible+case	PHONE	agency_0007__m1337_combo	adversarial	mut:combo		LEAK	+7 (З83) 795-​І0 - 21
combo_homoglyph+invisible+case	PHONE	agency_0007__m1337_combo	adversarial	mut:combo		LEAK	+7  (8Ч3) 2‍32-6­7-33
combo_homoglyph+invisible+case	PHONE	agency_0007__m1337_combo	adversarial	mut:combo		LEAK	+7⁠ (8Ч3) 53 3-89​-47
combo_homoglyph+invisible+case	PHONE	cession_0003__m1337_combo	adversarial	mut:combo		LEAK	+7 (8Ч3)  5⁠68-72-­1Ч
combo_homoglyph+invisible+case	PHONE	cession_0003__m1337_combo	adversarial	mut:combo		LEAK	+7 (8Чб) 5​8 2 -29-75
combo_homoglyph+invisible+case	PHONE	cession_0003__m1337_combo	adversarial	mut:combo		LEAK	+7  ​(812) І2О-42-⁠З1
combo_homoglyph+invisible+case	PHONE	cession_0008__m2718_combo	adversarial	mut:combo		LEAK	+7 (843) ­54‍9-5Ч⁠-84
combo_homoglyph+invisible+case	PHONE	cession_0008__m2718_combo	adversarial	mut:combo		LEAK	+7​ (Ч9‍5) 270-б7-‍65
combo_homoglyph+invisible+case	PHONE	cession_0008__m2718_combo	adversarial	mut:combo		LEAK	+ 7 (Ч9⁠9) 267‍-59-89
combo_homoglyph+invisible+case	PHONE	cession_0008__m2718_combo	adversarial	mut:combo		LEAK	+⁠7 (8ЧЗ) 32З⁠-­69-57
combo_homoglyph+invisible+case	PHONE	cession_0008__m2718_combo	adversarial	mut:combo		hidden	+7 (49​9) 58З-65-19 дo⁠б . 3Ч3
combo_homoglyph+invisible+case	PHONE	labor_0001__m1337_combo	adversarial	mut:combo		LEAK	+7 (⁠84⁠6) 692-2І-​ІІ
combo_homoglyph+invisible+case	PHONE	labor_0001__m1337_combo	adversarial	mut:combo		LEAK	+7 ­(499) 7­59-Ч 2-13
combo_homoglyph+invisible+case	PHONE	labor_0001__m1337_combo	adversarial	mut:combo		LEAK	+​7 ­(812) 988-61-­5З
combo_homoglyph+invisible+case	PHONE	labor_0002__m1337_combo	adversarial	mut:combo		LEAK	+7 (​8Ч3) 753-62‍-8 7
combo_homoglyph+invisible+case	PHONE	labor_0002__m1337_combo	adversarial	mut:combo		LEAK	+ 7 (Ч 99) 318-Ч9‍-86
combo_homoglyph+invisible+case	PHONE	labor_0002__m1337_combo	adversarial	mut:combo		LEAK	+‍7 (8І2⁠) ⁠837-20-61
combo_homoglyph+invisible+case	PHONE	labor_0007__m1337_combo	adversarial	mut:combo		LEAK	+7 (84​б) 8‍20-75­-2І
combo_homoglyph+invisible+case	PHONE	labor_0007__m1337_combo	adversarial	mut:combo		LEAK	+7 ­(499) ­271-6⁠7-Ч8
combo_homoglyph+invisible+case	PHONE	labor_0007__m1337_combo	adversarial	mut:combo		LEAK	+7​  (8Ч6)‍ 343-95-98
combo_homoglyph+invisible+case	PHONE	lease_0001__m1337_combo	adversarial	mut:combo		LEAK	+7 (499)  Ч15‍-27 -9З
combo_homoglyph+invisible+case	PHONE	lease_0001__m1337_combo	adversarial	mut:combo		LEAK	+7 (4​95) 451-1‍2-3⁠З
combo_homoglyph+invisible+case	PHONE	lease_0001__m1337_combo	adversarial	mut:combo		LEAK	+7‍  (84З‍) 608-73-ЧЧ
combo_homoglyph+invisible+case	PHONE	lease_0002__m2718_combo	adversarial	mut:combo		LEAK	+7 (8­Ч6) 500‍-15​-56
combo_homoglyph+invisible+case	PHONE	lease_0002__m2718_combo	adversarial	mut:combo		LEAK	+7 (8І​2) Ч­9­8-96-69
combo_homoglyph+invisible+case	PHONE	lease_0002__m2718_combo	adversarial	mut:combo		LEAK	+7  (8І2)​ 88‍5-18-86
combo_homoglyph+invisible+case	PHONE	lease_0002__m2718_combo	adversarial	mut:combo		LEAK	+7­ (Ч99) 337-1 3 -72
combo_homoglyph+invisible+case	PHONE	lease_0007__m1337_combo	adversarial	mut:combo		LEAK	+7 (4 9‍9) 534-5О- 72
combo_homoglyph+invisible+case	PHONE	lease_0007__m1337_combo	adversarial	mut:combo		LEAK	+7 (8⁠І 2) 24З-95⁠-44
combo_homoglyph+invisible+case	PHONE	lease_0007__m1337_combo	adversarial	mut:combo		LEAK	+‍7 (383­) І1⁠7-46-27
combo_homoglyph+invisible+case	PHONE	loan_0001__m1337_combo	adversarial	mut:combo		LEAK	+7 (495)­ 978-​9 4-1Ч
combo_homoglyph+invisible+case	PHONE	loan_0001__m1337_combo	adversarial	mut:combo		LEAK	+7 (З 83) 892-58 -​83
combo_homoglyph+invisible+case	PHONE	loan_0001__m1337_combo	adversarial	mut:combo		LEAK	+7­ (‍8І2) 258-41-2⁠9
combo_homoglyph+invisible+case	PHONE	loan_0004__m2718_combo	adversarial	mut:combo		LEAK	+7 (38 3 ) 4­27-99-З9
combo_homoglyph+invisible+case	PHONE	loan_0004__m2718_combo	adversarial	mut:combo		LEAK	+7 ‍(49 5) 2Ч2⁠-93-14
combo_homoglyph+invisible+case	PHONE	loan_0004__m2718_combo	adversarial	mut:combo		LEAK	+⁠7 (8 12) 169​-3б-77
combo_homoglyph+invisible+case	PHONE	loan_0006__m1337_combo	adversarial	mut:combo		LEAK	+7 495 815­ ­22 Ч8
combo_homoglyph+invisible+case	PHONE	loan_0006__m1337_combo	adversarial	mut:combo		LEAK	+7 499  ІО4 39 З‍5
combo_homoglyph+invisible+case	PHONE	loan_0006__m1337_combo	adversarial	mut:combo		LEAK	8-8 І­2-290-26-70
combo_homoglyph+invisible+case	PHONE	loan_0007__m1337_combo	adversarial	mut:combo		LEAK	+7 (81 2) 18­Ч​-27-5О
combo_homoglyph+invisible+case	PHONE	loan_0007__m1337_combo	adversarial	mut:combo		LEAK	+7 (­84‍б) 247 -37-73
combo_homoglyph+invisible+case	PHONE	loan_0007__m1337_combo	adversarial	mut:combo		LEAK	+7  (8 Ч6) 9­6б-45-68
combo_homoglyph+invisible+case	PHONE	sale_0003__m1337_combo	adversarial	mut:combo		LEAK	+7 (846) 9​86-9⁠Ч- 46
combo_homoglyph+invisible+case	PHONE	sale_0003__m1337_combo	adversarial	mut:combo		LEAK	+7 (8‍4б) 985-­52 -92
combo_homoglyph+invisible+case	PHONE	sale_0003__m1337_combo	adversarial	mut:combo		LEAK	+7  (38З)  213- б1-92
combo_homoglyph+invisible+case	PHONE	sale_0008__m2718_combo	adversarial	mut:combo		LEAK	+7 (8 4З) 571⁠-93‍-12
combo_homoglyph+invisible+case	PHONE	sale_0008__m2718_combo	adversarial	mut:combo		LEAK	+7 ( 4‍95) ­4І5-41-8І
combo_homoglyph+invisible+case	PHONE	sale_0008__m2718_combo	adversarial	mut:combo		LEAK	+​7 (8⁠4З)  Ч62-46-23
combo_homoglyph+invisible+case	PHONE	sale_0009__m1337_combo	adversarial	mut:combo		LEAK	+7 (495 )  315-8б-2⁠1
combo_homoglyph+invisible+case	PHONE	sale_0009__m1337_combo	adversarial	mut:combo		LEAK	+7 (8І2) 8 05​-31-1­4
combo_homoglyph+invisible+case	PHONE	sale_0009__m1337_combo	adversarial	mut:combo		LEAK	+7  (383 ) З3б-Ч2‍-2б
combo_homoglyph+invisible+case	PHONE	services_0001__m1337_combo	adversarial	mut:combo		LEAK	+7 (38З ) 6‍24 -86-84
combo_homoglyph+invisible+case	PHONE	services_0001__m1337_combo	adversarial	mut:combo		LEAK	+7 (8І­2) І 47-9‍8-72
combo_homoglyph+invisible+case	PHONE	services_0001__m1337_combo	adversarial	mut:combo		LEAK	+7  (Ч95 ) 2О2-6Ч -96
combo_homoglyph+invisible+case	PHONE	services_0007__m1337_combo	adversarial	mut:combo		LEAK	+7 ( 8Чб)​ 877⁠-Ч8-7Ч
combo_homoglyph+invisible+case	PHONE	services_0007__m1337_combo	adversarial	mut:combo		LEAK	+7  (495) Ч6­б-7З- 44
combo_homoglyph+invisible+case	PHONE	services_0007__m1337_combo	adversarial	mut:combo		LEAK	+7  (495) 270-47‍-2​З
combo_homoglyph+invisible+case	PHONE	services_0008__m2718_combo	adversarial	mut:combo		LEAK	+7 (​З83) 448-8З­-9 0
combo_homoglyph+invisible+case	PHONE	services_0008__m2718_combo	adversarial	mut:combo		LEAK	+­7 (495 ) 2б5-​97-б7
combo_homoglyph+invisible+case	PHONE	services_0008__m2718_combo	adversarial	mut:combo		LEAK	+‍7​ (499) ‍бб6-79-6І
combo_homoglyph+invisible+case	PHONE	services_0010__m1337_combo	adversarial	mut:combo		LEAK	8-8Ч3-72 3-52- 24
combo_homoglyph+invisible+case	PHONE	services_0010__m1337_combo	adversarial	mut:combo		LEAK	8 (Ч99)3397 1З9
combo_homoglyph+invisible+case	PHONE	services_0010__m1337_combo	adversarial	mut:combo		LEAK	8​-84З-8­б4-94-31
combo_homoglyph+invisible+case	PHONE	services_0010__m1337_combo	adversarial	mut:combo		hidden	+7 (Ч95) 90​5-88-​Ч4 д­об. 188
combo_homoglyph+invisible+case	PHONE	services_0010__m1337_combo	adversarial	mut:combo		hidden	+7  8Ч3 887 77 4​6
combo_homoglyph+invisible+case	PHONE	services_0013__m1337_combo	adversarial	mut:combo		LEAK	+7 (4‍99) 6Ч8 -55 -69
combo_homoglyph+invisible+case	PHONE	services_0013__m1337_combo	adversarial	mut:combo		LEAK	+7 ‍(8⁠12­) І21-34-72
combo_homoglyph+invisible+case	PHONE	services_0013__m1337_combo	adversarial	mut:combo		LEAK	+7 ⁠(­499) 95⁠І-З8-88
combo_homoglyph+invisible+case	PHONE	services_0013__m1337_combo	adversarial	mut:combo		LEAK	+⁠7 (З83) 5​43-І​9-27
combo_homoglyph+invisible+case	PHONE	supply_0005__m1337_combo	adversarial	mut:combo		LEAK	+7 (499)  9‍О6-98‍-5І
combo_homoglyph+invisible+case	PHONE	supply_0005__m1337_combo	adversarial	mut:combo		LEAK	+7 (­8Ч3) 8б7 -40- 96
combo_homoglyph+invisible+case	PHONE	supply_0005__m1337_combo	adversarial	mut:combo		LEAK	+7 (Ч95)​ 800- 5‍І-83
combo_homoglyph+invisible+case	PHONE	supply_0008__m2718_combo	adversarial	mut:combo		LEAK	+7 (499) 28 Ч-9‍8-8‍7
combo_homoglyph+invisible+case	PHONE	supply_0008__m2718_combo	adversarial	mut:combo		LEAK	+7 (8Ч6)  б29​-70-​97
combo_homoglyph+invisible+case	PHONE	supply_0008__m2718_combo	adversarial	mut:combo		LEAK	+7 (Ч95⁠) 667­-23‍-12
combo_homoglyph+invisible+case	PHONE	supply_0008__m2718_combo	adversarial	mut:combo		LEAK	+‍7 (­Ч 99) 228-Ч6-12
combo_homoglyph+invisible+case	PHONE	supply_0010__m1337_combo	adversarial	mut:combo		LEAK	+7 (38⁠З) 65​2-Іб- 78
combo_homoglyph+invisible+case	PHONE	supply_0010__m1337_combo	adversarial	mut:combo		LEAK	+7 (8Чб⁠) 755-8­8​-75
combo_homoglyph+invisible+case	PHONE	supply_0010__m1337_combo	adversarial	mut:combo		hidden	+7 ­(‍84б) 4З2-98-8​2
combo_homoglyph+invisible+case	PHONE	supply_0011__m1337_combo	adversarial	mut:combo		LEAK	+7 (49‍9‍) І1Ч-2⁠6-67
combo_homoglyph+invisible+case	PHONE	supply_0011__m1337_combo	adversarial	mut:combo		LEAK	+7  (‍846) 5ІО -50-89
combo_homoglyph+invisible+case	PHONE	supply_0011__m1337_combo	adversarial	mut:combo		LEAK	+‍7 (8Ч6)  273-І 2-40
combo_homoglyph+invisible+case	PHONE	works_0001__m1337_combo	adversarial	mut:combo		LEAK	+7 (4​95)  54⁠7-74-6З
combo_homoglyph+invisible+case	PHONE	works_0001__m1337_combo	adversarial	mut:combo		LEAK	+7 (З8 3) 255-14- 4⁠2
combo_homoglyph+invisible+case	PHONE	works_0001__m1337_combo	adversarial	mut:combo		LEAK	+7­ ​(‍8ЧЗ) 635-ІЗ-30
combo_homoglyph+invisible+case	PHONE	works_0001__m1337_combo	adversarial	mut:combo		LEAK	+ 7 (8Ч6) 399-53-‍9‍3
combo_homoglyph+invisible+case	PHONE	works_0006__m2718_combo	adversarial	mut:combo		LEAK	+7  (495) ‍68 8-43-бЧ
combo_homoglyph+invisible+case	PHONE	works_0006__m2718_combo	adversarial	mut:combo		LEAK	+7  (8Ч⁠З) 2І7 -18-62
combo_homoglyph+invisible+case	PHONE	works_0006__m2718_combo	adversarial	mut:combo		LEAK	+ 7  (З83)­ 837-47-98
combo_homoglyph+invisible+case	PHONE	works_0007__m1337_combo	adversarial	mut:combo		LEAK	+7 (8І2) ⁠2Ч 7- 80-92
combo_homoglyph+invisible+case	PHONE	works_0007__m1337_combo	adversarial	mut:combo		LEAK	+7­ (846) 29б⁠-80-­58
combo_homoglyph+invisible+case	PHONE	works_0007__m1337_combo	adversarial	mut:combo		LEAK	+7​ (8­Ч6)‍ 126-78-14
combo_homoglyph+invisible+case	PHONE	works_0008__m1337_combo	adversarial	mut:combo		LEAK	+7 (383­) 9О5 -​25-87
combo_homoglyph+invisible+case	PHONE	works_0008__m1337_combo	adversarial	mut:combo		LEAK	+7 (81⁠2) 816­-І3⁠-71
combo_homoglyph+invisible+case	PHONE	works_0008__m1337_combo	adversarial	mut:combo		LEAK	+7 (8­43‍) Ч4І- 64-57
combo_homoglyph+invisible+case	PHONE	works_0008__m1337_combo	adversarial	mut:combo		LEAK	+7 ( 8⁠4­6) 434-8Ч-89
combo_homoglyph+invisible+case	PHONE	works_0008__m1337_combo	adversarial	mut:combo		LEAK	+‍7 (8Ч6)  45­0 -­50-57
covered_by_neighbor_wrongtype	ACCOUNT	agency_0002__m2718_digit_spaces	adversarial	mut:digit_spaces		hidden	408 0 2810 4 \n451 4 59015 97
covered_by_neighbor_wrongtype	ACCOUNT	supply_0008__m1337_digit_spaces	adversarial	mut:digit_spaces		hidden	301018-102000-000-00593-
covered_by_neighbor_wrongtype	ACCOUNT	supply_0008__m1337_digit_spaces	adversarial	mut:digit_spaces	valid	hidden	40702810-4595-130097-17
covered_by_neighbor_wrongtype	ADDRESS	agency_0003	adversarial	dense_line		LEAK	Новосибирск  Мира 18
covered_by_neighbor_wrongtype	ADDRESS	labor_0005	adversarial	dense_line		LEAK	Екатеринбург  Строителей 16
covered_by_neighbor_wrongtype	ADDRESS	loan_0009	adversarial	dense_line		LEAK	Новосибирск  Пушкина 37
covered_by_neighbor_wrongtype	BIK	agency_0002__m2718_digit_spaces	adversarial	mut:digit_spaces		hidden	049-205603
covered_by_neighbor_wrongtype	BIK	agency_0005__m1337_digit_spaces	adversarial	mut:digit_spaces		hidden	049-2-05-60-3
covered_by_neighbor_wrongtype	INN	agency_0004	adversarial	glued_to_prev_entity		hidden	3912361602
covered_by_neighbor_wrongtype	INN	agency_0004__m1337_digit_spaces	adversarial	mut:digit_spaces		hidden	391-236160-2
covered_by_neighbor_wrongtype	INN	agency_0004__m1337_digit_spaces	adversarial	mut:digit_spaces	valid	LEAK	489-255-10-7-291-
covered_by_neighbor_wrongtype	INN	agency_0008	adversarial	dense_line		LEAK	6597769253
covered_by_neighbor_wrongtype	INN	agency_0009	adversarial	glued_to_prev_entity		hidden	7649153997
covered_by_neighbor_wrongtype	INN	agency_0009__m2718_case	adversarial	glued_to_prev_entity		hidden	7649153997
covered_by_neighbor_wrongtype	INN	cession_0005	adversarial	glued_to_prev_entity		hidden	1987202275
covered_by_neighbor_wrongtype	INN	cession_0005__m2718_case	adversarial	glued_to_prev_entity		hidden	1987202275
covered_by_neighbor_wrongtype	INN	labor_0005	adversarial	dense_line		hidden	3478735100
covered_by_neighbor_wrongtype	INN	labor_0005__m1337_digit_spaces	adversarial	mut:digit_spaces		hidden	3478-7351-00
covered_by_neighbor_wrongtype	INN	labor_0006	adversarial	glued_to_prev_entity		hidden	8174351040
covered_by_neighbor_wrongtype	INN	labor_0006__m1337_case	adversarial	glued_to_prev_entity		hidden	8174351040
covered_by_neighbor_wrongtype	INN	labor_0011	adversarial	glued_to_prev_entity		hidden	2779604218
covered_by_neighbor_wrongtype	INN	labor_0011__m1337_digit_spaces	adversarial	mut:digit_spaces		hidden	2779 60 42 1 8
covered_by_neighbor_wrongtype	INN	lease_0005__m1337_digit_spaces	adversarial	mut:digit_spaces	valid	hidden	613632550-279-
covered_by_neighbor_wrongtype	INN	loan_0003	adversarial	glued_to_prev_entity		hidden	5562653470
covered_by_neighbor_wrongtype	INN	loan_0003__m2718_case	adversarial	glued_to_prev_entity		hidden	5562653470
covered_by_neighbor_wrongtype	INN	loan_0005__m1337_digit_spaces	adversarial	mut:digit_spaces	valid	hidden	7230-11-17-1132-
covered_by_neighbor_wrongtype	INN	sale_0006	adversarial	glued_to_prev_entity		hidden	3443442638
covered_by_neighbor_wrongtype	INN	sale_0006__m2718_digit_spaces	adversarial	mut:digit_spaces		hidden	34434426 38
covered_by_neighbor_wrongtype	INN	sale_0011	adversarial	glued_to_prev_entity		hidden	9010509178
covered_by_neighbor_wrongtype	INN	sale_0011__m2718_case	adversarial	glued_to_prev_entity		hidden	9010509178
covered_by_neighbor_wrongtype	INN	supply_0009__m1337_digit_spaces	adversarial	mut:digit_spaces	valid	hidden	291-9-50-85-4-9
covered_by_neighbor_wrongtype	INN	works_0003	adversarial	glued_to_prev_entity		hidden	0771538150
covered_by_neighbor_wrongtype	INN	works_0003__m2718_case	adversarial	glued_to_prev_entity		hidden	0771538150
covered_by_neighbor_wrongtype	OGRN	loan_0005__m1337_digit_spaces	adversarial	mut:digit_spaces	valid	hidden	3881-7328-1-746-089-
covered_by_neighbor_wrongtype	OGRN	services_0006__m2718_digit_spaces	adversarial	mut:digit_spaces	valid	hidden	369-050397571-354-
covered_by_neighbor_wrongtype	ORG	cession_0004	ugly			LEAK	Петров Консалтинг
covered_by_neighbor_wrongtype	ORG	cession_0004	ugly			LEAK	Петров Консалтинг
covered_by_neighbor_wrongtype	ORG	cession_0004__m1337_cell_split	ugly			LEAK	Петров Консалтинг
covered_by_neighbor_wrongtype	ORG	cession_0004__m1337_cell_split	ugly			LEAK	Петров Консалтинг
covered_by_neighbor_wrongtype	ORG	loan_0001	ugly			hidden	Петров Консалтинг
covered_by_neighbor_wrongtype	ORG	loan_0001	ugly			hidden	Петров Консалтинг
covered_by_neighbor_wrongtype	PASSPORT	agency_0005__m1337_digit_spaces	adversarial	mut:digit_spaces		hidden	62 11 029-696-
covered_by_neighbor_wrongtype	PASSPORT	cession_0001__m1337_digit_spaces	adversarial	mut:digit_spaces		LEAK	90 14 617-0-85
covered_by_neighbor_wrongtype	PASSPORT	cession_0008__m1337_digit_spaces	adversarial	mut:digit_spaces		hidden	19 04 9493 12
covered_by_neighbor_wrongtype	PASSPORT	labor_0005__m1337_digit_spaces	adversarial	mut:digit_spaces		LEAK	28 20 2103 63
covered_by_neighbor_wrongtype	PASSPORT	lease_0005__m1337_digit_spaces	adversarial	mut:digit_spaces		LEAK	50 23 159 2 43
covered_by_neighbor_wrongtype	PASSPORT	lease_0011__m1337_digit_spaces	adversarial	mut:digit_spaces		LEAK	92 17 2229 93
covered_by_neighbor_wrongtype	PASSPORT	loan_0005__m1337_digit_spaces	adversarial	mut:digit_spaces		LEAK	83 17 7658 81
covered_by_neighbor_wrongtype	PASSPORT	sale_0001__m1337_digit_spaces	adversarial	mut:digit_spaces		LEAK	44 09 565 7 62
covered_by_neighbor_wrongtype	PASSPORT	sale_0007__m1337_digit_spaces	adversarial	mut:digit_spaces		LEAK	69 03 645 4 50
covered_by_neighbor_wrongtype	PASSPORT	sale_0008__m1337_digit_spaces	adversarial	mut:digit_spaces		LEAK	40 02 553-6-24-
covered_by_neighbor_wrongtype	PASSPORT	sale_0013__m1337_digit_spaces	adversarial	mut:digit_spaces		LEAK	66 11 418-017
covered_by_neighbor_wrongtype	PASSPORT	services_0005__m1337_digit_spaces	adversarial	mut:digit_spaces		LEAK	26 04 644-140-
covered_by_neighbor_wrongtype	PASSPORT	services_0008__m1337_digit_spaces	adversarial	mut:digit_spaces		LEAK	99 06 550 262
covered_by_neighbor_wrongtype	PASSPORT	supply_0003__m1337_digit_spaces	adversarial	mut:digit_spaces		LEAK	02 08 829 9 67
covered_by_neighbor_wrongtype	PASSPORT	supply_0006__m2718_digit_spaces	adversarial	mut:digit_spaces		LEAK	09 08 941 0 13
covered_by_neighbor_wrongtype	PASSPORT	supply_0009__m1337_digit_spaces	adversarial	mut:digit_spaces		hidden	84 02 932 6 71
covered_by_neighbor_wrongtype	PASSPORT	works_0005__m1337_digit_spaces	adversarial	mut:digit_spaces		LEAK	07 12 109 7 48
covered_by_neighbor_wrongtype	PASSPORT	works_0006__m1337_digit_spaces	adversarial	mut:digit_spaces		LEAK	57 02 6392 01
covered_by_neighbor_wrongtype	PASSPORT	works_0006__m1337_digit_spaces	adversarial	mut:digit_spaces		LEAK	93 04 195-1-67
covered_by_neighbor_wrongtype	PER	agency_0002	canonical			hidden	Беляев Олег Олегович
covered_by_neighbor_wrongtype	PER	agency_0002	ugly			hidden	Беляев Олег Олегович
covered_by_neighbor_wrongtype	PER	agency_0002__m2718_digit_spaces	canonical			hidden	Беляев Олег Олегович
covered_by_neighbor_wrongtype	PER	agency_0002__m2718_digit_spaces	ugly			hidden	Беляев Олег Олегович
covered_by_neighbor_wrongtype	PER	agency_0004	canonical			LEAK	Петрова Ольга Ивановна
covered_by_neighbor_wrongtype	PER	agency_0004	ugly			LEAK	Петрова Ольга Ивановна
covered_by_neighbor_wrongtype	PER	agency_0004	ugly			LEAK	Соколова О. М.
covered_by_neighbor_wrongtype	PER	agency_0004__m1337_digit_spaces	canonical			LEAK	Петрова Ольга Ивановна
covered_by_neighbor_wrongtype	PER	agency_0004__m1337_digit_spaces	ugly			LEAK	Петрова Ольга Ивановна
covered_by_neighbor_wrongtype	PER	agency_0004__m1337_digit_spaces	ugly			LEAK	Соколова О. М.
covered_by_neighbor_wrongtype	PER	agency_0005	canonical			hidden	Кузнецова Анна Михайловна
covered_by_neighbor_wrongtype	PER	agency_0005	ugly			hidden	Кузнецова А. М.
covered_by_neighbor_wrongtype	PER	agency_0005__m1337_digit_spaces	canonical			hidden	Кузнецова Анна Михайловна
covered_by_neighbor_wrongtype	PER	agency_0005__m1337_digit_spaces	ugly			hidden	Кузнецова А. М.
covered_by_neighbor_wrongtype	PER	agency_0007	ugly			hidden	Беляев Павел Андреевич
covered_by_neighbor_wrongtype	PER	agency_0008	canonical			hidden	Лебедев Егор Алексеевич
covered_by_neighbor_wrongtype	PER	agency_0008	ugly			hidden	Лебедев Егор Алексеевич
covered_by_neighbor_wrongtype	PER	agency_0010	canonical			LEAK	Попов Олег Олегович
covered_by_neighbor_wrongtype	PER	agency_0010	ugly			LEAK	Морозова Е. О.
covered_by_neighbor_wrongtype	PER	agency_0010	ugly			LEAK	Попов О. О.
covered_by_neighbor_wrongtype	PER	cession_0001	canonical			hidden	Коваль Владимир Алексеевич
covered_by_neighbor_wrongtype	PER	cession_0001	ugly			hidden	Коваль Владимир Алексеевич
covered_by_neighbor_wrongtype	PER	cession_0001__m1337_digit_spaces	canonical			hidden	Коваль Владимир Алексеевич
covered_by_neighbor_wrongtype	PER	cession_0001__m1337_digit_spaces	ugly			hidden	Коваль Владимир Алексеевич
covered_by_neighbor_wrongtype	PER	cession_0002	ugly			hidden	Иванов Иван Егорович
covered_by_neighbor_wrongtype	PER	cession_0002__m2718_cell_split	ugly			hidden	Иванов Иван Егорович
covered_by_neighbor_wrongtype	PER	cession_0004	canonical			LEAK	Волкова Мария Юрьевна
covered_by_neighbor_wrongtype	PER	cession_0004__m1337_cell_split	canonical			LEAK	Волкова Мария Юрьевна
covered_by_neighbor_wrongtype	PER	cession_0006	canonical			LEAK	Павлов Владимир Егорович
covered_by_neighbor_wrongtype	PER	cession_0006	canonical			hidden	Кузнецова Юлия Владимировна
covered_by_neighbor_wrongtype	PER	cession_0006	ugly			LEAK	Павлов Владимир Егорович
covered_by_neighbor_wrongtype	PER	cession_0006	ugly			hidden	Кузнецова Юлия Владимировна
covered_by_neighbor_wrongtype	PER	cession_0006__m2718_digit_spaces	canonical			LEAK	Павлов Владимир Егорович
covered_by_neighbor_wrongtype	PER	cession_0006__m2718_digit_spaces	canonical			hidden	Кузнецова Юлия Владимировна
covered_by_neighbor_wrongtype	PER	cession_0006__m2718_digit_spaces	ugly			LEAK	Павлов Владимир Егорович
covered_by_neighbor_wrongtype	PER	cession_0006__m2718_digit_spaces	ugly			hidden	Кузнецова Юлия Владимировна
covered_by_neighbor_wrongtype	PER	cession_0007	canonical			hidden	Тер-Петросян Артур Ашотович
covered_by_neighbor_wrongtype	PER	cession_0007	ugly			hidden	Тер-Петросян Артур Ашотович
covered_by_neighbor_wrongtype	PER	cession_0007__m1337_digit_spaces	canonical			hidden	Тер-Петросян Артур Ашотович
covered_by_neighbor_wrongtype	PER	cession_0007__m1337_digit_spaces	ugly			hidden	Тер-Петросян Артур Ашотович
covered_by_neighbor_wrongtype	PER	cession_0008	ugly			hidden	Кузнецова Юлия Егоровна
covered_by_neighbor_wrongtype	PER	cession_0008__m1337_digit_spaces	ugly			hidden	Кузнецова Юлия Егоровна
covered_by_neighbor_wrongtype	PER	labor_0001	canonical			hidden	Макаров Владимир Владимирович
covered_by_neighbor_wrongtype	PER	labor_0004	canonical			hidden	Смирнова Мария Николаевна
covered_by_neighbor_wrongtype	PER	labor_0004	ugly			hidden	Кузнецова Татьяна Алексеевна
covered_by_neighbor_wrongtype	PER	labor_0007	ugly			hidden	Волкова Н. Е.
covered_by_neighbor_wrongtype	PER	labor_0010	adversarial	dense_line		hidden	Д.Ю.Мельник
covered_by_neighbor_wrongtype	PER	labor_0010	canonical			hidden	Мельник Дмитрий Юрьевич
covered_by_neighbor_wrongtype	PER	labor_0010	ugly			hidden	Мельник Дмитрий Юрьевич
covered_by_neighbor_wrongtype	PER	labor_0010	ugly			hidden	Новиков Алексей Владимирович
covered_by_neighbor_wrongtype	PER	labor_0010__m1337_cell_split	adversarial	dense_line		hidden	Д.Ю.Мельник
covered_by_neighbor_wrongtype	PER	labor_0010__m1337_cell_split	canonical			hidden	Мельник Дмитрий Юрьевич
covered_by_neighbor_wrongtype	PER	labor_0010__m1337_cell_split	ugly			hidden	Мельник Дмитрий Юрьевич
covered_by_neighbor_wrongtype	PER	labor_0010__m1337_cell_split	ugly			hidden	Новиков Алексей Владимирович
covered_by_neighbor_wrongtype	PER	labor_0011	canonical			LEAK	Пирогова Ольга Юрьевна
covered_by_neighbor_wrongtype	PER	labor_0011__m1337_digit_spaces	canonical			LEAK	Пирогова Ольга Юрьевна
covered_by_neighbor_wrongtype	PER	lease_0002	canonical			hidden	Зайцева Екатерина Алексеевна
covered_by_neighbor_wrongtype	PER	lease_0002	ugly			hidden	Зайцева Е. А.
covered_by_neighbor_wrongtype	PER	lease_0002	ugly			hidden	Петров Андрей Сергеевич
covered_by_neighbor_wrongtype	PER	lease_0002__m1337_digit_spaces	canonical			hidden	Зайцева Екатерина Алексеевна
covered_by_neighbor_wrongtype	PER	lease_0002__m1337_digit_spaces	ugly			hidden	Зайцева Е. А.
covered_by_neighbor_wrongtype	PER	lease_0002__m1337_digit_spaces	ugly			hidden	Петров Андрей Сергеевич
covered_by_neighbor_wrongtype	PER	lease_0005	canonical			hidden	Беляев Пётр Петрович
covered_by_neighbor_wrongtype	PER	lease_0005__m1337_digit_spaces	canonical			hidden	Беляев Пётр Петрович
covered_by_neighbor_wrongtype	PER	lease_0009	ugly			hidden	Смирнов Пётр Андреевич
covered_by_neighbor_wrongtype	PER	lease_0011	canonical			hidden	Соколова Юлия Юрьевна
covered_by_neighbor_wrongtype	PER	lease_0011	ugly			hidden	Соколова Юлия Юрьевна
covered_by_neighbor_wrongtype	PER	lease_0011__m1337_digit_spaces	canonical			hidden	Соколова Юлия Юрьевна
covered_by_neighbor_wrongtype	PER	lease_0011__m1337_digit_spaces	ugly			hidden	Соколова Юлия Юрьевна
covered_by_neighbor_wrongtype	PER	loan_0005	canonical			LEAK	Кисель Егор Петрович
covered_by_neighbor_wrongtype	PER	loan_0005	ugly			LEAK	Кисель Е. П.
covered_by_neighbor_wrongtype	PER	loan_0005	ugly			hidden	Крылова Анна Дмитриевна
covered_by_neighbor_wrongtype	PER	loan_0005__m1337_digit_spaces	canonical			LEAK	Кисель Егор Петрович
covered_by_neighbor_wrongtype	PER	loan_0005__m1337_digit_spaces	ugly			LEAK	Кисель Е. П.
covered_by_neighbor_wrongtype	PER	loan_0005__m1337_digit_spaces	ugly			hidden	Крылова Анна Дмитриевна
covered_by_neighbor_wrongtype	PER	loan_0008	canonical			LEAK	Воробьёв Роман Павлович
covered_by_neighbor_wrongtype	PER	loan_0008	ugly			LEAK	Воробьёв Роман Павлович
covered_by_neighbor_wrongtype	PER	sale_0001	canonical			hidden	Максимова Анна Михайловна
covered_by_neighbor_wrongtype	PER	sale_0001	ugly			hidden	Максимова А. М.
covered_by_neighbor_wrongtype	PER	sale_0001__m1337_digit_spaces	canonical			hidden	Максимова Анна Михайловна
covered_by_neighbor_wrongtype	PER	sale_0001__m1337_digit_spaces	ugly			hidden	Максимова А. М.
covered_by_neighbor_wrongtype	PER	sale_0004	canonical			LEAK	Иванова-Петрова Алла Юрьевна
covered_by_neighbor_wrongtype	PER	sale_0004	ugly			LEAK	Иванова-Петрова А. Ю.
covered_by_neighbor_wrongtype	PER	sale_0004__m1337_cell_split	canonical			LEAK	Иванова-Петрова Алла Юрьевна
covered_by_neighbor_wrongtype	PER	sale_0004__m1337_cell_split	ugly			LEAK	Иванова-Петрова А. Ю.
covered_by_neighbor_wrongtype	PER	sale_0005	ugly			hidden	Попов Андрей Николаевич
covered_by_neighbor_wrongtype	PER	sale_0006	canonical			hidden	Волков Владимир Сергеевич
covered_by_neighbor_wrongtype	PER	sale_0006	ugly			hidden	Волков В. С.
covered_by_neighbor_wrongtype	PER	sale_0006__m2718_digit_spaces	canonical			hidden	Волков Владимир Сергеевич
covered_by_neighbor_wrongtype	PER	sale_0006__m2718_digit_spaces	ugly			hidden	Волков В. С.
covered_by_neighbor_wrongtype	PER	sale_0007	canonical			hidden	Белов Юрий Алексеевич
covered_by_neighbor_wrongtype	PER	sale_0007__m1337_digit_spaces	canonical			hidden	Белов Юрий Алексеевич
covered_by_neighbor_wrongtype	PER	sale_0012	canonical			LEAK	Смирнов Иван Павлович
covered_by_neighbor_wrongtype	PER	sale_0012	canonical			hidden	Сидоров Дмитрий Владимирович
covered_by_neighbor_wrongtype	PER	sale_0012	ugly			LEAK	Смирнов И. П.
covered_by_neighbor_wrongtype	PER	sale_0012	ugly			hidden	Комаров Пётр Егорович
covered_by_neighbor_wrongtype	PER	sale_0012	ugly			hidden	Сидоров Д. В.
covered_by_neighbor_wrongtype	PER	sale_0013	canonical			hidden	Ершова Ирина Ивановна
covered_by_neighbor_wrongtype	PER	sale_0013	canonical			hidden	Пирогова Анна Павловна
covered_by_neighbor_wrongtype	PER	sale_0013__m1337_digit_spaces	canonical			hidden	Ершова Ирина Ивановна
covered_by_neighbor_wrongtype	PER	sale_0013__m1337_digit_spaces	canonical			hidden	Пирогова Анна Павловна
covered_by_neighbor_wrongtype	PER	services_0001	canonical			hidden	Никитина Екатерина Николаевна
covered_by_neighbor_wrongtype	PER	services_0001	ugly			hidden	Никитина Екатерина Николаевна
covered_by_neighbor_wrongtype	PER	services_0003	ugly			hidden	Сидорова Дарья Алексеевна
covered_by_neighbor_wrongtype	PER	services_0004	canonical			hidden	Белов Роман Дмитриевич
covered_by_neighbor_wrongtype	PER	services_0004	ugly			hidden	Белов Р. Д.
covered_by_neighbor_wrongtype	PER	services_0004__m1337_cell_split	canonical			hidden	Белов Роман Дмитриевич
covered_by_neighbor_wrongtype	PER	services_0004__m1337_cell_split	ugly			hidden	Белов Р. Д.
covered_by_neighbor_wrongtype	PER	services_0006	canonical			LEAK	Фёдоров Алексей Дмитриевич
covered_by_neighbor_wrongtype	PER	services_0006	canonical			hidden	Петров Владимир Дмитриевич
covered_by_neighbor_wrongtype	PER	services_0006	ugly			LEAK	Фёдоров А. Д.
covered_by_neighbor_wrongtype	PER	services_0006	ugly			hidden	Петров Владимир Дмитриевич
covered_by_neighbor_wrongtype	PER	services_0006__m2718_digit_spaces	canonical			LEAK	Фёдоров Алексей Дмитриевич
covered_by_neighbor_wrongtype	PER	services_0006__m2718_digit_spaces	canonical			hidden	Петров Владимир Дмитриевич
covered_by_neighbor_wrongtype	PER	services_0006__m2718_digit_spaces	ugly			LEAK	Фёдоров А. Д.
covered_by_neighbor_wrongtype	PER	services_0006__m2718_digit_spaces	ugly			hidden	Петров Владимир Дмитриевич
covered_by_neighbor_wrongtype	PER	services_0007	canonical			hidden	Семёнов Юрий Олегович
covered_by_neighbor_wrongtype	PER	services_0007	ugly			hidden	Семёнов Юрий Олегович
covered_by_neighbor_wrongtype	PER	services_0010	canonical			hidden	Иванов Роман Алексеевич
covered_by_neighbor_wrongtype	PER	services_0010	ugly			hidden	Иванов Роман Алексеевич
covered_by_neighbor_wrongtype	PER	services_0010	ugly			hidden	Иванова Анна Егоровна
covered_by_neighbor_wrongtype	PER	services_0012	canonical			hidden	Семёнов Михаил Олегович
covered_by_neighbor_wrongtype	PER	services_0012	canonical			hidden	Смирнов Юрий Петрович
covered_by_neighbor_wrongtype	PER	services_0012	ugly			hidden	Семёнов М. О.
covered_by_neighbor_wrongtype	PER	services_0012	ugly			hidden	Смирнов Ю. П.
covered_by_neighbor_wrongtype	PER	services_0013	canonical			hidden	Никитина Дарья Дмитриевна
covered_by_neighbor_wrongtype	PER	services_0013	ugly			hidden	Никитина Дарья Дмитриевна
covered_by_neighbor_wrongtype	PER	supply_0002	canonical			hidden	Семёнов Олег Егорович
covered_by_neighbor_wrongtype	PER	supply_0002	ugly			hidden	Семёнов О. Е.
covered_by_neighbor_wrongtype	PER	supply_0002__m2718_cell_split	canonical			hidden	Семёнов Олег Егорович
covered_by_neighbor_wrongtype	PER	supply_0002__m2718_cell_split	ugly			hidden	Семёнов О. Е.
covered_by_neighbor_wrongtype	PER	supply_0004	canonical			hidden	Титова Ирина Алексеевна
covered_by_neighbor_wrongtype	PER	supply_0004	ugly			hidden	Титова Ирина Алексеевна
covered_by_neighbor_wrongtype	PER	supply_0004__m1337_cell_split	canonical			hidden	Титова Ирина Алексеевна
covered_by_neighbor_wrongtype	PER	supply_0004__m1337_cell_split	ugly			hidden	Титова Ирина Алексеевна
covered_by_neighbor_wrongtype	PER	supply_0005	canonical			hidden	Смирнова Людмила Олеговна
covered_by_neighbor_wrongtype	PER	supply_0005	ugly			hidden	Смирнова Л. О.
covered_by_neighbor_wrongtype	PER	supply_0008	canonical			LEAK	Петрова Наталья Дмитриевна
covered_by_neighbor_wrongtype	PER	supply_0008__m1337_digit_spaces	canonical			LEAK	Петрова Наталья Дмитриевна
covered_by_neighbor_wrongtype	PER	supply_0010	canonical			hidden	Иванов Михаил Петрович
covered_by_neighbor_wrongtype	PER	supply_0010	canonical			hidden	Новикова Ольга Андреевна
covered_by_neighbor_wrongtype	PER	supply_0010	ugly			hidden	Иванов Михаил Петрович
covered_by_neighbor_wrongtype	PER	supply_0010	ugly			hidden	Новикова О. А.
covered_by_neighbor_wrongtype	PER	supply_0011	canonical			hidden	Воробьёв Пётр Андреевич
covered_by_neighbor_wrongtype	PER	supply_0011	ugly			hidden	Воробьёв П. А.
covered_by_neighbor_wrongtype	PER	works_0002	ugly			hidden	Смирнова Ирина Сергеевна
covered_by_neighbor_wrongtype	PER	works_0002__m1337_cell_split	ugly			hidden	Смирнова Ирина Сергеевна
covered_by_neighbor_wrongtype	PER	works_0005	canonical			hidden	Максимова Мария Николаевна
covered_by_neighbor_wrongtype	PER	works_0005	ugly			hidden	Максимова М. Н.
covered_by_neighbor_wrongtype	PER	works_0005__m1337_digit_spaces	canonical			hidden	Максимова Мария Николаевна
covered_by_neighbor_wrongtype	PER	works_0005__m1337_digit_spaces	ugly			hidden	Максимова М. Н.
covered_by_neighbor_wrongtype	PER	works_0008	canonical			LEAK	Гусева Ирина Олеговна
covered_by_neighbor_wrongtype	PER	works_0011	canonical			hidden	Беляев Артём Петрович
covered_by_neighbor_wrongtype	PER	works_0011	ugly			hidden	Беляев Артём Петрович
covered_by_neighbor_wrongtype	PER	works_0011__m1337_digit_spaces	canonical			hidden	Беляев Артём Петрович
covered_by_neighbor_wrongtype	PER	works_0011__m1337_digit_spaces	ugly			hidden	Беляев Артём Петрович
covered_by_neighbor_wrongtype	PHONE	agency_0002__m2718_digit_spaces	adversarial	mut:digit_spaces		hidden	+7 (843 ) 801 -48-72
covered_by_neighbor_wrongtype	PHONE	agency_0004__m1337_digit_spaces	adversarial	mut:digit_spaces		hidden	+7 (843 ) 593 -74-88
covered_by_neighbor_wrongtype	PHONE	agency_0005__m1337_digit_spaces	adversarial	mut:digit_spaces		hidden	+7 (495 ) 217 -44-49
covered_by_neighbor_wrongtype	PHONE	labor_0005__m1337_digit_spaces	adversarial	mut:digit_spaces		hidden	8383 28 76 2 65
digit_separators	INN	agency_0001	adversarial	digit_grouping_dashes		LEAK	172-169-9790
digit_separators	INN	agency_0006	adversarial	digit_grouping_dashes		LEAK	569-736-761884
digit_separators	INN	cession_0002	adversarial	digit_grouping_dashes		LEAK	912-792-722564
digit_separators	INN	cession_0002__m2718_cell_split	adversarial	digit_grouping_dashes		LEAK	912-792-722564
digit_separators	INN	labor_0003	adversarial	digit_grouping_dashes		LEAK	318-974-9893
digit_separators	INN	labor_0003__m2718_case	adversarial	digit_grouping_dashes		LEAK	318-974-9893
digit_separators	INN	labor_0008	adversarial	digit_grouping_dashes		LEAK	011-010-8085
digit_separators	INN	labor_0008__m2718_cell_split	adversarial	digit_grouping_dashes		LEAK	011-010-8085
digit_separators	INN	lease_0012	adversarial	digit_grouping_dashes		LEAK	313-168-327750
digit_separators	INN	lease_0012__m1337_cell_split	adversarial	digit_grouping_dashes		LEAK	313-168-327750
digit_separators	INN	loan_0007	adversarial	digit_grouping_dashes		LEAK	415-805-2864
digit_separators	INN	sale_0003	adversarial	digit_grouping_dashes		LEAK	406-826-8315
digit_separators	INN	sale_0008	adversarial	digit_grouping_dashes		LEAK	228-296-234127
digit_separators	INN	works_0007	adversarial	digit_grouping_dashes		LEAK	143-617-6318
digit_separators	INN	works_0012	adversarial	digit_grouping_dashes		LEAK	356-951-827018
digit_separators	INN	works_0012__m1337_case	adversarial	digit_grouping_dashes		LEAK	356-951-827018
homoglyph	ACCOUNT	agency_0001__m2718_homoglyph	adversarial	mut:homoglyph		LEAK	30І0181О20О0О0000700
homoglyph	ACCOUNT	agency_0001__m2718_homoglyph	adversarial	mut:homoglyph		LEAK	4070 28ІО 7519 І6З7 6892
homoglyph	ACCOUNT	agency_0001__m2718_homoglyph	adversarial	mut:homoglyph		hidden	3О10І8104ОО000000225
homoglyph	ACCOUNT	agency_0006__m2718_homoglyph	adversarial	mut:homoglyph		LEAK	ЧО81 7810 О590 З349 8670
homoglyph	ACCOUNT	agency_0007__m2718_homoglyph	adversarial	mut:homoglyph		LEAK	3О10І8І0900О00000790
homoglyph	ACCOUNT	agency_0007__m2718_homoglyph	adversarial	mut:homoglyph		LEAK	3О1О18ІО700000000187
homoglyph	ACCOUNT	agency_0007__m2718_homoglyph	adversarial	mut:homoglyph		LEAK	4070281О6\n0О849б53І20
homoglyph	ACCOUNT	agency_0007__m2718_homoglyph	adversarial	mut:homoglyph	valid	LEAK	407О2810б00849б53І20
homoglyph	ACCOUNT	agency_0007__m2718_homoglyph	adversarial	mut:homoglyph	valid	LEAK	Ч07О28І05Ч5462939494
homoglyph	ACCOUNT	agency_0008__m1337_homoglyph	adversarial	mut:homoglyph		hidden	30І018102000О0ОО0593
homoglyph	ACCOUNT	cession_0003__m2718_homoglyph	adversarial	mut:homoglyph		LEAK	3010І81090000О0О079О
homoglyph	ACCOUNT	cession_0003__m2718_homoglyph	adversarial	mut:homoglyph		LEAK	4О70281О0\n0991287З627
homoglyph	ACCOUNT	cession_0003__m2718_homoglyph	adversarial	mut:homoglyph		LEAK	З0І0І8І0400000000225
homoglyph	ACCOUNT	labor_0001__m2718_homoglyph	adversarial	mut:homoglyph	valid	hidden	Ч08028102039Ч90Зб101
homoglyph	ACCOUNT	labor_0002__m2718_homoglyph	adversarial	mut:homoglyph		LEAK	301ОІ81090О000000790
homoglyph	ACCOUNT	labor_0002__m2718_homoglyph	adversarial	mut:homoglyph	valid	LEAK	4070 2810 І61О О7І1 4896
homoglyph	ACCOUNT	labor_0004__m1337_homoglyph	adversarial	mut:homoglyph		LEAK	Ч08І781О7\n4684І992878
homoglyph	ACCOUNT	labor_0004__m1337_homoglyph	adversarial	mut:homoglyph	valid	LEAK	Ч0802810127206З268І6
homoglyph	ACCOUNT	labor_0007__m2718_homoglyph	adversarial	mut:homoglyph	valid	LEAK	408028ІО7812ЧЧ160205
homoglyph	ACCOUNT	lease_0001__m2718_homoglyph	adversarial	mut:homoglyph		LEAK	З0ІО181О445250000360
homoglyph	ACCOUNT	lease_0001__m2718_homoglyph	adversarial	mut:homoglyph		LEAK	ЗО10І810600000О00603
homoglyph	ACCOUNT	lease_0001__m2718_homoglyph	adversarial	mut:homoglyph	valid	LEAK	4070281О32б597656202
homoglyph	ACCOUNT	lease_0001__m2718_homoglyph	adversarial	mut:homoglyph	valid	hidden	ЧО702810О59465725392
homoglyph	ACCOUNT	lease_0007__m2718_homoglyph	adversarial	mut:homoglyph		LEAK	3О101810700О0О0О0187
homoglyph	ACCOUNT	lease_0007__m2718_homoglyph	adversarial	mut:homoglyph		LEAK	ЗОІ0І810150040000763
homoglyph	ACCOUNT	lease_0007__m2718_homoglyph	adversarial	mut:homoglyph	valid	LEAK	4О70 2810 2ІІЗ 7763 7892
homoglyph	ACCOUNT	lease_0007__m2718_homoglyph	adversarial	mut:homoglyph	valid	hidden	ЧО70 2810 8250 0І42 4558
homoglyph	ACCOUNT	loan_0001__m2718_homoglyph	adversarial	mut:homoglyph		LEAK	3010І810400О0000О225
homoglyph	ACCOUNT	loan_0001__m2718_homoglyph	adversarial	mut:homoglyph		LEAK	407О28109\n26265613339
homoglyph	ACCOUNT	loan_0001__m2718_homoglyph	adversarial	mut:homoglyph		LEAK	З0ІО181О200000000593
homoglyph	ACCOUNT	loan_0001__m2718_homoglyph	adversarial	mut:homoglyph	valid	LEAK	407О28І092б265613339
homoglyph	ACCOUNT	loan_0001__m2718_homoglyph	adversarial	mut:homoglyph	valid	LEAK	Ч070281О87574б39912Ч
homoglyph	ACCOUNT	loan_0007__m2718_homoglyph	adversarial	mut:homoglyph		LEAK	З01О18І040О000000555
homoglyph	ACCOUNT	loan_0007__m2718_homoglyph	adversarial	mut:homoglyph		LEAK	З0І0І81О200000000593
homoglyph	ACCOUNT	loan_0007__m2718_homoglyph	adversarial	mut:homoglyph		LEAK	Ч070 2810 ЧЧ12 1918 5О95
homoglyph	ACCOUNT	loan_0007__m2718_homoglyph	adversarial	mut:homoglyph	valid	LEAK	407028ІО441219185095
homoglyph	ACCOUNT	loan_0007__m2718_homoglyph	adversarial	mut:homoglyph	valid	LEAK	4О7О281077З539567Ч25
homoglyph	ACCOUNT	loan_0008__m1337_homoglyph	adversarial	mut:homoglyph		LEAK	4О8О28ІО3\n40521156801
homoglyph	ACCOUNT	loan_0008__m1337_homoglyph	adversarial	mut:homoglyph		hidden	ЗО101810І50О40000763
homoglyph	ACCOUNT	loan_0008__m1337_homoglyph	adversarial	mut:homoglyph	valid	LEAK	ЧО802810З4О521156801
homoglyph	ACCOUNT	loan_0008__m1337_homoglyph	adversarial	mut:homoglyph	valid	hidden	ЧО7О281О832165070558
homoglyph	ACCOUNT	sale_0003__m2718_homoglyph	adversarial	mut:homoglyph		LEAK	301018І070О000О00187
homoglyph	ACCOUNT	sale_0003__m2718_homoglyph	adversarial	mut:homoglyph		LEAK	301О18І0Ч4525О000360
homoglyph	ACCOUNT	sale_0003__m2718_homoglyph	adversarial	mut:homoglyph		LEAK	407О 281О І45І 7937 7342
homoglyph	ACCOUNT	sale_0003__m2718_homoglyph	adversarial	mut:homoglyph	valid	LEAK	4070 28І0 950З 6682 77З6
homoglyph	ACCOUNT	sale_0003__m2718_homoglyph	adversarial	mut:homoglyph	valid	LEAK	ЧО70 281О 1Ч51 7937 7342
homoglyph	ACCOUNT	sale_0009__m2718_homoglyph	adversarial	mut:homoglyph		LEAK	30101810600000О0О6О3
homoglyph	ACCOUNT	sale_0009__m2718_homoglyph	adversarial	mut:homoglyph		LEAK	407О28ІО7\nЧ5416547641
homoglyph	ACCOUNT	sale_0009__m2718_homoglyph	adversarial	mut:homoglyph		LEAK	З0ІО1810І45250000974
homoglyph	ACCOUNT	sale_0009__m2718_homoglyph	adversarial	mut:homoglyph	valid	LEAK	4070281О039867095828
homoglyph	ACCOUNT	sale_0009__m2718_homoglyph	adversarial	mut:homoglyph	valid	LEAK	ЧО7028107454Іб547641
homoglyph	ACCOUNT	sale_0012__m1337_homoglyph	adversarial	mut:homoglyph	valid	LEAK	408О28102103І0Ч7955О
homoglyph	ACCOUNT	sale_0012__m1337_homoglyph	adversarial	mut:homoglyph	valid	hidden	Ч08028І0222З5785Ч171
homoglyph	ACCOUNT	services_0001__m2718_homoglyph	adversarial	mut:homoglyph	valid	LEAK	4О8О28І00554З9540723
homoglyph	ACCOUNT	services_0007__m2718_homoglyph	adversarial	mut:homoglyph	valid	LEAK	408О2810659277578791
homoglyph	ACCOUNT	services_0010__m2718_homoglyph	adversarial	mut:homoglyph		hidden	3010І8І04О000000О225
homoglyph	ACCOUNT	services_0010__m2718_homoglyph	adversarial	mut:homoglyph	valid	hidden	408028І057753526867б
homoglyph	ACCOUNT	services_0010__m2718_homoglyph	adversarial	mut:homoglyph	valid	hidden	ЧО702810952565З5О269
homoglyph	ACCOUNT	services_0012__m1337_homoglyph	adversarial	mut:homoglyph		hidden	ЧО8028105І7983701081
homoglyph	ACCOUNT	services_0012__m1337_homoglyph	adversarial	mut:homoglyph	valid	LEAK	Ч080281068Ч99ЧО78567
homoglyph	ACCOUNT	services_0012__m1337_homoglyph	adversarial	mut:homoglyph	valid	hidden	Ч08028105І798370ІО81
homoglyph	ACCOUNT	services_0013__m2718_homoglyph	adversarial	mut:homoglyph	valid	LEAK	Ч0802810741568819270
homoglyph	ACCOUNT	supply_0005__m2718_homoglyph	adversarial	mut:homoglyph	valid	hidden	ЧО8О2810Ч61704803064
homoglyph	ACCOUNT	supply_0010__m2718_homoglyph	adversarial	mut:homoglyph	valid	LEAK	408028107І8854268064
homoglyph	ACCOUNT	supply_0010__m2718_homoglyph	adversarial	mut:homoglyph	valid	LEAK	408О281О8522736О277Ч
homoglyph	ACCOUNT	supply_0011__m2718_homoglyph	adversarial	mut:homoglyph	valid	hidden	ЧО80281072282О361О01
homoglyph	ACCOUNT	works_0001__m2718_homoglyph	adversarial	mut:homoglyph		LEAK	3О1О18І015004000076З
homoglyph	ACCOUNT	works_0001__m2718_homoglyph	adversarial	mut:homoglyph		LEAK	Ч07028108\nЧ1874459686
homoglyph	ACCOUNT	works_0001__m2718_homoglyph	adversarial	mut:homoglyph		hidden	3010І8101Ч52500ОО974
homoglyph	ACCOUNT	works_0001__m2718_homoglyph	adversarial	mut:homoglyph	valid	LEAK	407О28І08Ч1874459б86
homoglyph	ACCOUNT	works_0001__m2718_homoglyph	adversarial	mut:homoglyph	valid	LEAK	407О28ІО7712О5986812
homoglyph	ACCOUNT	works_0007__m2718_homoglyph	adversarial	mut:homoglyph		LEAK	301О181О9О0О00000790
homoglyph	ACCOUNT	works_0007__m2718_homoglyph	adversarial	mut:homoglyph		LEAK	ЗОІ018102О0000000700
homoglyph	ACCOUNT	works_0007__m2718_homoglyph	adversarial	mut:homoglyph		LEAK	ЧО70 2810 9273 ЧО59 4141
homoglyph	ACCOUNT	works_0007__m2718_homoglyph	adversarial	mut:homoglyph	valid	LEAK	407О281О019І6Ч729852
homoglyph	ACCOUNT	works_0007__m2718_homoglyph	adversarial	mut:homoglyph	valid	LEAK	Ч07О281О927З40594141
homoglyph	ACCOUNT	works_0008__m2718_homoglyph	adversarial	mut:homoglyph		LEAK	Ч080281О7\n1991З282048
homoglyph	ACCOUNT	works_0008__m2718_homoglyph	adversarial	mut:homoglyph		hidden	3ОІ01810ЧО0000000555
homoglyph	ACCOUNT	works_0008__m2718_homoglyph	adversarial	mut:homoglyph	valid	LEAK	408О28ІО7І9913282048
homoglyph	ACCOUNT	works_0008__m2718_homoglyph	adversarial	mut:homoglyph	valid	LEAK	Ч070 2810 6ЗІ5 955б 5011
homoglyph	ADDRESS	agency_0006__m2718_homoglyph	adversarial	mut:homoglyph		LEAK	a/я 27, г. Oдинцовo, 143О00
homoglyph	ADDRESS	agency_0006__m2718_homoglyph	adversarial	mut:homoglyph		LEAK	а/я 70, г. Крaсногорск, 1434О0
homoglyph	ADDRESS	agency_0007__m2718_homoglyph	adversarial	mut:homoglyph		LEAK	143ЧО0, г. Kраснoгорск, ш. Победы, д. 86, кв. 12
homoglyph	ADDRESS	agency_0008__m1337_homoglyph	adversarial	mut:homoglyph		LEAK	Ростoв-нa-Дону  Садoвая 33
homoglyph	ADDRESS	cession_0003__m2718_homoglyph	adversarial	mut:homoglyph		LEAK	42О1І1, г. Kазань, бул. Tверская, д. 80, кв. 102
homoglyph	ADDRESS	cession_0003__m2718_homoglyph	adversarial	mut:homoglyph		LEAK	б30О99, г. Hoвосибирск, наб. Гагарина, д. 58, кв. 56
homoglyph	ADDRESS	labor_0004__m1337_homoglyph	adversarial	mut:homoglyph		LEAK	Ч2О111, г. Kазaнь, ш. Строителей, д. 27, кв. 104
homoglyph	ADDRESS	lease_0001__m2718_homoglyph	adversarial	mut:homoglyph		LEAK	Свердловсkая обл., тер. СНT «Pодниk», уч. 98
homoglyph	ADDRESS	lease_0006__m1337_homoglyph	adversarial	mut:homoglyph		LEAK	Химkи, Твepская 33
homoglyph	ADDRESS	loan_0001__m2718_homoglyph	adversarial	mut:homoglyph		LEAK	630099, Твеpckая обл., г. Hовосибирск, пер. Садовая, вл. 89, стр. 1, пом. VII
homoglyph	ADDRESS	loan_0007__m2718_homoglyph	adversarial	mut:homoglyph		LEAK	Xимkи Tверcкая 52/1 кв 8
homoglyph	ADDRESS	loan_0007__m2718_homoglyph	adversarial	mut:homoglyph		LEAK	Вopонеж Кирова Ч1/3 кв 1б
homoglyph	ADDRESS	loan_0007__m2718_homoglyph	adversarial	mut:homoglyph		LEAK	Сергиeв Поcад, Стpoителей 75
homoglyph	ADDRESS	sale_0003__m2718_homoglyph	adversarial	mut:homoglyph		LEAK	Pеспублиkа Татapстан, тер. СНТ «Родник», уч. 145
homoglyph	ADDRESS	sale_0003__m2718_homoglyph	adversarial	mut:homoglyph		LEAK	Tвeрcкaя обл., тер. СНТ «Родник», уч. 289
homoglyph	ADDRESS	sale_0003__m2718_homoglyph	adversarial	mut:homoglyph		LEAK	Свердлoвcкaя обл., теp. СНТ «Родник», уч. 37
homoglyph	ADDRESS	sale_0012__m1337_homoglyph	adversarial	mut:homoglyph		LEAK	42ОІІ1, г. Kазань, бул. Промышленная, д. 85, кв. 41
homoglyph	ADDRESS	services_0012__m1337_homoglyph	adversarial	mut:homoglyph		LEAK	Твeрь, Гагарина 25
homoglyph	ADDRESS	supply_0010__m2718_homoglyph	adversarial	mut:homoglyph		LEAK	34Ч002, г. Poстов-на-Дoну, наб. Лесная, д. 39, кв. 10
homoglyph	BIK	agency_0001	adversarial	homoglyph_cyrillic_in_digits		LEAK	О44525225
homoglyph	BIK	agency_0001__m2718_homoglyph	adversarial	mut:homoglyph		LEAK	ОЧ45257О0
homoglyph	BIK	agency_0001__m2718_homoglyph	adversarial	mut:homoglyph		hidden	O44525225
homoglyph	BIK	agency_0001__m2718_homoglyph	adversarial	mut:homoglyph		hidden	О44525225
homoglyph	BIK	agency_0007__m2718_homoglyph	adversarial	mut:homoglyph		LEAK	044525І87
homoglyph	BIK	agency_0007__m2718_homoglyph	adversarial	mut:homoglyph		LEAK	ОЧЧ0З0790
homoglyph	BIK	agency_0008	adversarial	homoglyph_cyrillic_in_digits		hidden	04452559З
homoglyph	BIK	agency_0008__m1337_homoglyph	adversarial	mut:homoglyph		LEAK	О44525593
homoglyph	BIK	agency_0008__m1337_homoglyph	adversarial	mut:homoglyph		LEAK	О4Ч525593
homoglyph	BIK	agency_0008__m1337_homoglyph	adversarial	mut:homoglyph		hidden	О44525555
homoglyph	BIK	agency_0008__m2718_case	adversarial	homoglyph_cyrillic_in_digits		hidden	04452559З
homoglyph	BIK	cession_0003__m2718_homoglyph	adversarial	mut:homoglyph		LEAK	04Ч0З0790
homoglyph	BIK	cession_0003__m2718_homoglyph	adversarial	mut:homoglyph		LEAK	04Ч525225
homoglyph	BIK	cession_0004	adversarial	homoglyph_cyrillic_in_digits		LEAK	О44525974
homoglyph	BIK	cession_0004__m1337_cell_split	adversarial	homoglyph_cyrillic_in_digits		LEAK	О44525974
homoglyph	BIK	labor_0001__m2718_homoglyph	adversarial	mut:homoglyph		hidden	04Ч525225
homoglyph	BIK	labor_0002__m2718_homoglyph	adversarial	mut:homoglyph		LEAK	ОЧЧО30790
homoglyph	BIK	labor_0003	adversarial	homoglyph_cyrillic_in_digits		hidden	ОЧЧ525360
homoglyph	BIK	labor_0003__m2718_case	adversarial	homoglyph_cyrillic_in_digits		hidden	ОЧЧ525360
homoglyph	BIK	labor_0004__m1337_homoglyph	adversarial	mut:homoglyph		hidden	04452559З
homoglyph	BIK	labor_0007__m2718_homoglyph	adversarial	mut:homoglyph		hidden	О44525593
homoglyph	BIK	labor_0010	adversarial	homoglyph_cyrillic_in_digits		hidden	04Ч525593
homoglyph	BIK	labor_0010__m1337_cell_split	adversarial	homoglyph_cyrillic_in_digits		hidden	04Ч525593
homoglyph	BIK	lease_0001__m2718_homoglyph	adversarial	mut:homoglyph		LEAK	О4452536О
homoglyph	BIK	lease_0001__m2718_homoglyph	adversarial	mut:homoglyph		LEAK	О49205603
homoglyph	BIK	lease_0007__m2718_homoglyph	adversarial	mut:homoglyph		LEAK	О44525І87
homoglyph	BIK	lease_0007__m2718_homoglyph	adversarial	mut:homoglyph		LEAK	ОЧ50О476З
homoglyph	BIK	loan_0001__m2718_homoglyph	adversarial	mut:homoglyph		LEAK	04452559З
homoglyph	BIK	loan_0001__m2718_homoglyph	adversarial	mut:homoglyph		hidden	О44525225
homoglyph	BIK	loan_0007	adversarial	homoglyph_cyrillic_in_digits		LEAK	О44525593
homoglyph	BIK	loan_0007__m2718_homoglyph	adversarial	mut:homoglyph		LEAK	04452559З
homoglyph	BIK	loan_0007__m2718_homoglyph	adversarial	mut:homoglyph		LEAK	O44525593
homoglyph	BIK	loan_0007__m2718_homoglyph	adversarial	mut:homoglyph		LEAK	ОЧ4525555
homoglyph	BIK	loan_0008__m1337_homoglyph	adversarial	mut:homoglyph		hidden	О445257ОО
homoglyph	BIK	loan_0008__m1337_homoglyph	adversarial	mut:homoglyph		hidden	О45О0Ч7б3
homoglyph	BIK	sale_0003	adversarial	homoglyph_cyrillic_in_digits		LEAK	О44525360
homoglyph	BIK	sale_0003__m2718_homoglyph	adversarial	mut:homoglyph		LEAK	0ЧЧ525І87
homoglyph	BIK	sale_0003__m2718_homoglyph	adversarial	mut:homoglyph		LEAK	О445253бО
homoglyph	BIK	sale_0003__m2718_homoglyph	adversarial	mut:homoglyph		LEAK	О44525З6О
homoglyph	BIK	sale_0009__m2718_homoglyph	adversarial	mut:homoglyph		LEAK	04452597Ч
homoglyph	BIK	sale_0009__m2718_homoglyph	adversarial	mut:homoglyph		LEAK	0Ч92О5б03
homoglyph	BIK	sale_0012__m1337_homoglyph	adversarial	mut:homoglyph		hidden	О44525187
homoglyph	BIK	sale_0012__m1337_homoglyph	adversarial	mut:homoglyph		hidden	ОЧЧ525187
homoglyph	BIK	services_0001__m2718_homoglyph	adversarial	mut:homoglyph		LEAK	04452597Ч
homoglyph	BIK	services_0007__m2718_homoglyph	adversarial	mut:homoglyph		LEAK	0Ч50ОЧ763
homoglyph	BIK	services_0010__m2718_homoglyph	adversarial	mut:homoglyph		hidden	О4Ч525225
homoglyph	BIK	services_0010__m2718_homoglyph	adversarial	mut:homoglyph		hidden	ОЧ5О04763
homoglyph	BIK	services_0012__m1337_homoglyph	adversarial	mut:homoglyph		hidden	04Ч525225
homoglyph	BIK	services_0012__m1337_homoglyph	adversarial	mut:homoglyph		hidden	ОЧЧ52597Ч
homoglyph	BIK	services_0013__m2718_homoglyph	adversarial	mut:homoglyph		hidden	О44525555
homoglyph	BIK	supply_0005__m2718_homoglyph	adversarial	mut:homoglyph		LEAK	04Ч525974
homoglyph	BIK	supply_0010__m2718_homoglyph	adversarial	mut:homoglyph		LEAK	04Ч525974
homoglyph	BIK	supply_0010__m2718_homoglyph	adversarial	mut:homoglyph		hidden	ОЧ5О04763
homoglyph	BIK	supply_0011__m2718_homoglyph	adversarial	mut:homoglyph		LEAK	04452536О
homoglyph	BIK	works_0001__m2718_homoglyph	adversarial	mut:homoglyph		LEAK	045ООЧ7б3
homoglyph	BIK	works_0001__m2718_homoglyph	adversarial	mut:homoglyph		hidden	О44525974
homoglyph	BIK	works_0002	adversarial	homoglyph_cyrillic_in_digits		LEAK	О4ЧО30790
homoglyph	BIK	works_0002__m1337_cell_split	adversarial	homoglyph_cyrillic_in_digits		LEAK	О4ЧО30790
homoglyph	BIK	works_0007	adversarial	homoglyph_cyrillic_in_digits		LEAK	О44525700
homoglyph	BIK	works_0007__m2718_homoglyph	adversarial	mut:homoglyph		LEAK	04Ч5257ОО
homoglyph	BIK	works_0007__m2718_homoglyph	adversarial	mut:homoglyph		LEAK	0Ч40ЗО790
homoglyph	BIK	works_0007__m2718_homoglyph	adversarial	mut:homoglyph		LEAK	О4452570О
homoglyph	BIK	works_0008__m2718_homoglyph	adversarial	mut:homoglyph		hidden	04Ч525555
homoglyph	BIK	works_0008__m2718_homoglyph	adversarial	mut:homoglyph		hidden	О4Ч525225
homoglyph	INN	agency_0001	adversarial	homoglyph_cyrillic_in_digits		LEAK	І721699790
homoglyph	INN	agency_0001__m2718_homoglyph	adversarial	mut:homoglyph		LEAK	172-1б9-9790
homoglyph	INN	agency_0001__m2718_homoglyph	adversarial	mut:homoglyph		LEAK	І72І699790
homoglyph	INN	agency_0006__m2718_homoglyph	adversarial	mut:homoglyph		LEAK	569-73б-76188Ч
homoglyph	INN	agency_0006__m2718_homoglyph	adversarial	mut:homoglyph		LEAK	5б97 367б188Ч
homoglyph	INN	agency_0006__m2718_homoglyph	adversarial	mut:homoglyph	valid	LEAK	4Ч78420б35бІ
homoglyph	INN	agency_0006__m2718_homoglyph	adversarial	mut:homoglyph	valid	LEAK	5б9736761884
homoglyph	INN	agency_0007__m2718_homoglyph	adversarial	mut:homoglyph	valid	LEAK	3ІбЧ51257І
homoglyph	INN	agency_0007__m2718_homoglyph	adversarial	mut:homoglyph	valid	hidden	16433бЧ2І4
homoglyph	INN	agency_0008	adversarial	homoglyph_cyrillic_in_digits		LEAK	б597769253
homoglyph	INN	agency_0008__m1337_homoglyph	adversarial	mut:homoglyph		LEAK	б59776925З
homoglyph	INN	agency_0008__m1337_homoglyph	adversarial	mut:homoglyph		LEAK	б5977б9253
homoglyph	INN	agency_0008__m2718_case	adversarial	homoglyph_cyrillic_in_digits		LEAK	б597769253
homoglyph	INN	cession_0004	adversarial	homoglyph_cyrillic_in_digits		LEAK	25З7479952
homoglyph	INN	cession_0004__m1337_cell_split	adversarial	homoglyph_cyrillic_in_digits		LEAK	25З7479952
homoglyph	INN	labor_0001__m2718_homoglyph	adversarial	mut:homoglyph	valid	LEAK	51б418543998
homoglyph	INN	labor_0001__m2718_homoglyph	adversarial	mut:homoglyph	valid	LEAK	744О172027О5
homoglyph	INN	labor_0001__m2718_homoglyph	adversarial	mut:homoglyph	valid	LEAK	744ОІ72027О5
homoglyph	INN	labor_0002__m2718_homoglyph	adversarial	mut:homoglyph	valid	LEAK	10155б92329О
homoglyph	INN	labor_0002__m2718_homoglyph	adversarial	mut:homoglyph	valid	hidden	3 237 4І9 464
homoglyph	INN	labor_0003	adversarial	homoglyph_cyrillic_in_digits		LEAK	3І8974989З
homoglyph	INN	labor_0003__m2718_case	adversarial	homoglyph_cyrillic_in_digits		LEAK	3І8974989З
homoglyph	INN	labor_0004__m1337_homoglyph	adversarial	mut:homoglyph		LEAK	1І0О 5б673254
homoglyph	INN	labor_0004__m1337_homoglyph	adversarial	mut:homoglyph	valid	LEAK	10227З455б77
homoglyph	INN	labor_0004__m1337_homoglyph	adversarial	mut:homoglyph	valid	LEAK	11О05бб73254
homoglyph	INN	labor_0004__m1337_homoglyph	adversarial	mut:homoglyph	valid	LEAK	ІІ0056б73254
homoglyph	INN	labor_0007__m2718_homoglyph	adversarial	mut:homoglyph	valid	LEAK	54558Ч15З2О8
homoglyph	INN	labor_0007__m2718_homoglyph	adversarial	mut:homoglyph	valid	LEAK	5Ч558Ч15З208
homoglyph	INN	labor_0007__m2718_homoglyph	adversarial	mut:homoglyph	valid	LEAK	8265598І2077
homoglyph	INN	labor_0010	adversarial	homoglyph_cyrillic_in_digits		LEAK	457І030Ч8585
homoglyph	INN	labor_0010__m1337_cell_split	adversarial	homoglyph_cyrillic_in_digits		LEAK	457І030Ч8585
homoglyph	INN	lease_0001__m2718_homoglyph	adversarial	mut:homoglyph	valid	LEAK	б475Ч972б5
homoglyph	INN	lease_0001__m2718_homoglyph	adversarial	mut:homoglyph	valid	hidden	786І72З094
homoglyph	INN	lease_0006__m1337_homoglyph	adversarial	mut:homoglyph	valid	LEAK	2647І02524О5
homoglyph	INN	lease_0006__m1337_homoglyph	adversarial	mut:homoglyph	valid	LEAK	Об0834З0566Ч
homoglyph	INN	lease_0007__m2718_homoglyph	adversarial	mut:homoglyph	valid	LEAK	3 Ч25 0О3 243
homoglyph	INN	lease_0007__m2718_homoglyph	adversarial	mut:homoglyph	valid	hidden	7 2О5 59І 98І
homoglyph	INN	loan_0001__m2718_homoglyph	adversarial	mut:homoglyph	valid	hidden	88І289З85О
homoglyph	INN	loan_0001__m2718_homoglyph	adversarial	mut:homoglyph	valid	hidden	Ч903322567
homoglyph	INN	loan_0006__m2718_homoglyph	adversarial	mut:homoglyph		LEAK	9О64 108О98ІІ
homoglyph	INN	loan_0007	adversarial	homoglyph_cyrillic_in_digits		LEAK	4158О52864
homoglyph	INN	loan_0007__m2718_homoglyph	adversarial	mut:homoglyph		LEAK	415-805-286Ч
homoglyph	INN	loan_0007__m2718_homoglyph	adversarial	mut:homoglyph		LEAK	Ч158О5286Ч
homoglyph	INN	loan_0007__m2718_homoglyph	adversarial	mut:homoglyph	valid	LEAK	02170І2675
homoglyph	INN	loan_0007__m2718_homoglyph	adversarial	mut:homoglyph	valid	LEAK	4158О528бЧ
homoglyph	INN	loan_0008__m1337_homoglyph	adversarial	mut:homoglyph	valid	LEAK	2б9474191788
homoglyph	INN	loan_0008__m1337_homoglyph	adversarial	mut:homoglyph	valid	LEAK	2б9Ч7Ч191788
homoglyph	INN	loan_0008__m1337_homoglyph	adversarial	mut:homoglyph	valid	hidden	1О625567Ч5
homoglyph	INN	sale_0003	adversarial	homoglyph_cyrillic_in_digits		LEAK	4068268ЗІ5
homoglyph	INN	sale_0003__m2718_homoglyph	adversarial	mut:homoglyph		LEAK	4О68268ЗІ5
homoglyph	INN	sale_0003__m2718_homoglyph	adversarial	mut:homoglyph		LEAK	Ч06-826-8315
homoglyph	INN	sale_0003__m2718_homoglyph	adversarial	mut:homoglyph	valid	LEAK	Ч 068 268 315
homoglyph	INN	sale_0003__m2718_homoglyph	adversarial	mut:homoglyph	valid	hidden	9 09Ч 8О8 0Ч4
homoglyph	INN	sale_0009__m2718_homoglyph	adversarial	mut:homoglyph	valid	hidden	424987Ч7ІО
homoglyph	INN	sale_0009__m2718_homoglyph	adversarial	mut:homoglyph	valid	hidden	Ч45325ОбЧ8
homoglyph	INN	sale_0012__m1337_homoglyph	adversarial	mut:homoglyph	valid	LEAK	903З85Ч18892
homoglyph	INN	sale_0012__m1337_homoglyph	adversarial	mut:homoglyph	valid	LEAK	90З385418892
homoglyph	INN	sale_0012__m1337_homoglyph	adversarial	mut:homoglyph	valid	hidden	02386б6221б9
homoglyph	INN	sale_0012__m1337_homoglyph	adversarial	mut:homoglyph	valid	hidden	О2386б622169
homoglyph	INN	services_0001__m2718_homoglyph	adversarial	mut:homoglyph	valid	LEAK	2157О7879877
homoglyph	INN	services_0001__m2718_homoglyph	adversarial	mut:homoglyph	valid	LEAK	2І5707879877
homoglyph	INN	services_0001__m2718_homoglyph	adversarial	mut:homoglyph	valid	LEAK	5824556І38ЧІ
homoglyph	INN	services_0007__m2718_homoglyph	adversarial	mut:homoglyph	valid	LEAK	16815З6О4750
homoglyph	INN	services_0007__m2718_homoglyph	adversarial	mut:homoglyph	valid	LEAK	І6815360Ч750
homoglyph	INN	services_0007__m2718_homoglyph	adversarial	mut:homoglyph	valid	hidden	8236ІІ959626
homoglyph	INN	services_0010__m2718_homoglyph	adversarial	mut:homoglyph	valid	LEAK	549Ч33590299
homoglyph	INN	services_0010__m2718_homoglyph	adversarial	mut:homoglyph	valid	LEAK	5Ч943З59О299
homoglyph	INN	services_0010__m2718_homoglyph	adversarial	mut:homoglyph	valid	hidden	3б5752Ч119
homoglyph	INN	services_0012__m1337_homoglyph	adversarial	mut:homoglyph	valid	LEAK	18224Ч802662
homoglyph	INN	services_0012__m1337_homoglyph	adversarial	mut:homoglyph	valid	LEAK	7З096808808О
homoglyph	INN	services_0012__m1337_homoglyph	adversarial	mut:homoglyph	valid	LEAK	7З09б8088О80
homoglyph	INN	services_0012__m1337_homoglyph	adversarial	mut:homoglyph	valid	LEAK	І82244802662
homoglyph	INN	services_0013__m2718_homoglyph	adversarial	mut:homoglyph	valid	LEAK	2942729О71О9
homoglyph	INN	services_0013__m2718_homoglyph	adversarial	mut:homoglyph	valid	LEAK	75863001137Ч
homoglyph	INN	services_0013__m2718_homoglyph	adversarial	mut:homoglyph	valid	LEAK	758б300І137Ч
homoglyph	INN	supply_0005__m2718_homoglyph	adversarial	mut:homoglyph	valid	LEAK	8З35О295І888
homoglyph	INN	supply_0005__m2718_homoglyph	adversarial	mut:homoglyph	valid	LEAK	8ЗЗ502951888
homoglyph	INN	supply_0005__m2718_homoglyph	adversarial	mut:homoglyph	valid	hidden	767672З722О0
homoglyph	INN	supply_0010__m2718_homoglyph	adversarial	mut:homoglyph	valid	LEAK	55О784532225
homoglyph	INN	supply_0010__m2718_homoglyph	adversarial	mut:homoglyph	valid	LEAK	55О784532225
homoglyph	INN	supply_0010__m2718_homoglyph	adversarial	mut:homoglyph	valid	LEAK	72833410З38б
homoglyph	INN	supply_0010__m2718_homoglyph	adversarial	mut:homoglyph	valid	LEAK	7283З4І0З386
homoglyph	INN	supply_0011__m2718_homoglyph	adversarial	mut:homoglyph	valid	LEAK	04331349Ч310
homoglyph	INN	supply_0011__m2718_homoglyph	adversarial	mut:homoglyph	valid	LEAK	622бЗ1885Ч85
homoglyph	INN	supply_0011__m2718_homoglyph	adversarial	mut:homoglyph	valid	LEAK	б22631885Ч85
homoglyph	INN	supply_0012__m1337_homoglyph	adversarial	mut:homoglyph	valid	LEAK	2187бО2252ОІ
homoglyph	INN	supply_0012__m1337_homoglyph	adversarial	mut:homoglyph	valid	LEAK	7678Ч2174632
homoglyph	INN	works_0001__m2718_homoglyph	adversarial	mut:homoglyph	valid	LEAK	76Ч2772525
homoglyph	INN	works_0001__m2718_homoglyph	adversarial	mut:homoglyph	valid	hidden	І307308397
homoglyph	INN	works_0002	adversarial	homoglyph_cyrillic_in_digits		LEAK	0542З74415
homoglyph	INN	works_0002__m1337_cell_split	adversarial	homoglyph_cyrillic_in_digits		LEAK	0542З74415
homoglyph	INN	works_0007	adversarial	homoglyph_cyrillic_in_digits		LEAK	1Ч361763І8
homoglyph	INN	works_0007__m2718_homoglyph	adversarial	mut:homoglyph		LEAK	143-617-б318
homoglyph	INN	works_0007__m2718_homoglyph	adversarial	mut:homoglyph		LEAK	ІЧ3бІ76ЗІ8
homoglyph	INN	works_0007__m2718_homoglyph	adversarial	mut:homoglyph	valid	LEAK	143б17б318
homoglyph	INN	works_0007__m2718_homoglyph	adversarial	mut:homoglyph	valid	hidden	537ЧО725ІЧ
homoglyph	INN	works_0008__m2718_homoglyph	adversarial	mut:homoglyph		hidden	92О0 11Ч139
homoglyph	INN	works_0008__m2718_homoglyph	adversarial	mut:homoglyph	valid	LEAK	42843З52407З
homoglyph	INN	works_0008__m2718_homoglyph	adversarial	mut:homoglyph	valid	LEAK	4284ЗЗ524О73
homoglyph	INN	works_0008__m2718_homoglyph	adversarial	mut:homoglyph	valid	hidden	9 2О0 114 1З9
homoglyph	KPP	agency_0001__m2718_homoglyph	adversarial	mut:homoglyph		hidden	2І68ІОЧ21
homoglyph	KPP	agency_0001__m2718_homoglyph	adversarial	mut:homoglyph		hidden	3382Ч1263
homoglyph	KPP	agency_0007__m2718_homoglyph	adversarial	mut:homoglyph		LEAK	89757б69І
homoglyph	KPP	agency_0007__m2718_homoglyph	adversarial	mut:homoglyph		hidden	79І93З477
homoglyph	KPP	agency_0008__m1337_homoglyph	adversarial	mut:homoglyph		LEAK	47631355Ч
homoglyph	KPP	agency_0008__m1337_homoglyph	adversarial	mut:homoglyph		LEAK	Ч7631З554
homoglyph	KPP	cession_0003__m2718_homoglyph	adversarial	mut:homoglyph		LEAK	б7Ч492814
homoglyph	KPP	cession_0003__m2718_homoglyph	adversarial	mut:homoglyph		hidden	7б9095729
homoglyph	KPP	labor_0002__m2718_homoglyph	adversarial	mut:homoglyph		hidden	91488б47О
homoglyph	KPP	lease_0001__m2718_homoglyph	adversarial	mut:homoglyph		LEAK	92б707487
homoglyph	KPP	lease_0001__m2718_homoglyph	adversarial	mut:homoglyph		hidden	34182101З
homoglyph	KPP	lease_0007__m2718_homoglyph	adversarial	mut:homoglyph		LEAK	97О098510
homoglyph	KPP	lease_0007__m2718_homoglyph	adversarial	mut:homoglyph		hidden	529О62259
homoglyph	KPP	loan_0001__m2718_homoglyph	adversarial	mut:homoglyph		hidden	7387Ч4066
homoglyph	KPP	loan_0001__m2718_homoglyph	adversarial	mut:homoglyph		hidden	961196Ч52
homoglyph	KPP	loan_0007__m2718_homoglyph	adversarial	mut:homoglyph		LEAK	7б70484Ч3
homoglyph	KPP	loan_0007__m2718_homoglyph	adversarial	mut:homoglyph		hidden	4565І6845
homoglyph	KPP	loan_0008__m1337_homoglyph	adversarial	mut:homoglyph		hidden	98О236321
homoglyph	KPP	sale_0003__m2718_homoglyph	adversarial	mut:homoglyph		LEAK	24656О982
homoglyph	KPP	sale_0003__m2718_homoglyph	adversarial	mut:homoglyph		hidden	І3О331247
homoglyph	KPP	sale_0009__m2718_homoglyph	adversarial	mut:homoglyph		hidden	526Ч88120
homoglyph	KPP	sale_0009__m2718_homoglyph	adversarial	mut:homoglyph		hidden	98ЗОІ2357
homoglyph	KPP	services_0010__m2718_homoglyph	adversarial	mut:homoglyph		hidden	б54672671
homoglyph	KPP	works_0001__m2718_homoglyph	adversarial	mut:homoglyph		LEAK	9294б3288
homoglyph	KPP	works_0001__m2718_homoglyph	adversarial	mut:homoglyph		hidden	6І3870291
homoglyph	KPP	works_0007__m2718_homoglyph	adversarial	mut:homoglyph		hidden	7725О2Ч22
homoglyph	KPP	works_0007__m2718_homoglyph	adversarial	mut:homoglyph		hidden	7З7ЧбЗ907
homoglyph	KPP	works_0008__m2718_homoglyph	adversarial	mut:homoglyph		hidden	4Ч170335б
homoglyph	OGRN	agency_0007__m2718_homoglyph	adversarial	mut:homoglyph	valid	LEAK	11509І51З1ОЧ7
homoglyph	OGRN	agency_0007__m2718_homoglyph	adversarial	mut:homoglyph	valid	LEAK	І883850228766
homoglyph	OGRN	labor_0001__m2718_homoglyph	adversarial	mut:homoglyph	valid	hidden	З817451І2945Ч52
homoglyph	OGRN	labor_0002__m2718_homoglyph	adversarial	mut:homoglyph	valid	hidden	1 915 І73 372 167
homoglyph	OGRN	labor_0004__m1337_homoglyph	adversarial	mut:homoglyph	valid	LEAK	319З2ЗЗ7492І192
homoglyph	OGRN	labor_0007__m2718_homoglyph	adversarial	mut:homoglyph	valid	hidden	ЗІОЧ57356277781
homoglyph	OGRN	lease_0001__m2718_homoglyph	adversarial	mut:homoglyph	valid	LEAK	1Ч56460563О20
homoglyph	OGRN	lease_0001__m2718_homoglyph	adversarial	mut:homoglyph	valid	LEAK	І09З04О795968
homoglyph	OGRN	lease_0007__m2718_homoglyph	adversarial	mut:homoglyph	valid	LEAK	1 292 О12 453 457
homoglyph	OGRN	lease_0007__m2718_homoglyph	adversarial	mut:homoglyph	valid	LEAK	1 5б3 95О 660 525
homoglyph	OGRN	loan_0001__m2718_homoglyph	adversarial	mut:homoglyph	valid	LEAK	І079398477751
homoglyph	OGRN	loan_0001__m2718_homoglyph	adversarial	mut:homoglyph	valid	LEAK	І8З949З96Ч902
homoglyph	OGRN	loan_0007__m2718_homoglyph	adversarial	mut:homoglyph	valid	LEAK	І58бІ751382З0
homoglyph	OGRN	loan_0007__m2718_homoglyph	adversarial	mut:homoglyph	valid	LEAK	І93072б455890
homoglyph	OGRN	loan_0008__m1337_homoglyph	adversarial	mut:homoglyph	valid	hidden	І795І1777ОЧ80
homoglyph	OGRN	loan_0008__m1337_homoglyph	adversarial	mut:homoglyph	valid	hidden	З91793781725289
homoglyph	OGRN	sale_0003__m2718_homoglyph	adversarial	mut:homoglyph	valid	LEAK	1 З73 141 9О0 Ч82
homoglyph	OGRN	sale_0003__m2718_homoglyph	adversarial	mut:homoglyph	valid	LEAK	І 355 862 2Зб І90
homoglyph	OGRN	sale_0009__m2718_homoglyph	adversarial	mut:homoglyph	valid	LEAK	118824325О4З6
homoglyph	OGRN	sale_0009__m2718_homoglyph	adversarial	mut:homoglyph	valid	LEAK	149ЗІ1О09843б
homoglyph	OGRN	sale_0012__m1337_homoglyph	adversarial	mut:homoglyph	valid	hidden	340З62077З4бЧ71
homoglyph	OGRN	sale_0012__m1337_homoglyph	adversarial	mut:homoglyph	valid	hidden	3О6970б77478206
homoglyph	OGRN	services_0001__m2718_homoglyph	adversarial	mut:homoglyph	valid	hidden	3692972І9Ч55550
homoglyph	OGRN	services_0007__m2718_homoglyph	adversarial	mut:homoglyph	valid	hidden	ЗЧ65І2670292058
homoglyph	OGRN	services_0010__m2718_homoglyph	adversarial	mut:homoglyph	valid	hidden	139411809ЧО06
homoglyph	OGRN	services_0010__m2718_homoglyph	adversarial	mut:homoglyph	valid	hidden	З483ЗОЧ13267905
homoglyph	OGRN	services_0012__m1337_homoglyph	adversarial	mut:homoglyph	valid	LEAK	3775612920702І4
homoglyph	OGRN	services_0012__m1337_homoglyph	adversarial	mut:homoglyph	valid	LEAK	399Ч547061919І7
homoglyph	OGRN	services_0013__m2718_homoglyph	adversarial	mut:homoglyph	valid	hidden	391115О25963828
homoglyph	OGRN	supply_0005__m2718_homoglyph	adversarial	mut:homoglyph	valid	hidden	ЗЗ020221856ЧО10
homoglyph	OGRN	supply_0010__m2718_homoglyph	adversarial	mut:homoglyph	valid	LEAK	391728І957О8299
homoglyph	OGRN	supply_0010__m2718_homoglyph	adversarial	mut:homoglyph	valid	hidden	38551О376433846
homoglyph	OGRN	supply_0011__m2718_homoglyph	adversarial	mut:homoglyph	valid	hidden	З92679581088841
homoglyph	OGRN	works_0001__m2718_homoglyph	adversarial	mut:homoglyph	valid	LEAK	12З373З2072З4
homoglyph	OGRN	works_0001__m2718_homoglyph	adversarial	mut:homoglyph	valid	LEAK	І015Ч6978ЗЗ39
homoglyph	OGRN	works_0007__m2718_homoglyph	adversarial	mut:homoglyph	valid	LEAK	І2273Ч0107Іб9
homoglyph	OGRN	works_0007__m2718_homoglyph	adversarial	mut:homoglyph	valid	LEAK	І916288І06238
homoglyph	OGRN	works_0008__m2718_homoglyph	adversarial	mut:homoglyph	valid	LEAK	1 б99 905 88І 872
homoglyph	OGRN	works_0008__m2718_homoglyph	adversarial	mut:homoglyph	valid	hidden	З5ІО389791З7752
homoglyph	ORG	agency_0001__m2718_homoglyph	adversarial	mut:homoglyph		LEAK	ПАO «ПрoмСнаб»
homoglyph	ORG	agency_0001__m2718_homoglyph	adversarial	mut:homoglyph		LEAK	ПАO «Титан»
homoglyph	ORG	agency_0007__m2718_homoglyph	adversarial	mut:homoglyph		LEAK	AO «Poмашка-Плюс»
homoglyph	ORG	agency_0007__m2718_homoglyph	adversarial	mut:homoglyph		LEAK	AО «Ромашка-Плюс»
homoglyph	ORG	agency_0008__m1337_homoglyph	adversarial	mut:homoglyph		LEAK	ПAO «Василёk»
homoglyph	ORG	agency_0008__m1337_homoglyph	adversarial	mut:homoglyph		LEAK	ПAО Василёк
homoglyph	ORG	cession_0003__m2718_homoglyph	adversarial	mut:homoglyph		LEAK	OОО «Cевeрный Вeтер»
homoglyph	ORG	cession_0003__m2718_homoglyph	adversarial	mut:homoglyph		LEAK	ООO «Cевeрный Ветеp»
homoglyph	ORG	cession_0003__m2718_homoglyph	adversarial	mut:homoglyph		LEAK	ПAО «Заря»
homoglyph	ORG	lease_0007__m2718_homoglyph	adversarial	mut:homoglyph		LEAK	ПAО «Атлант»
homoglyph	ORG	loan_0001__m2718_homoglyph	adversarial	mut:homoglyph		LEAK	OОО "Заpя"
homoglyph	ORG	loan_0001__m2718_homoglyph	adversarial	mut:homoglyph		LEAK	ОOО "Зapя"
homoglyph	ORG	loan_0001__m2718_homoglyph	adversarial	mut:homoglyph		LEAK	Петpов Конcалтинг
homoglyph	ORG	loan_0007__m2718_homoglyph	adversarial	mut:homoglyph		LEAK	ОOО "Aргус"
homoglyph	ORG	loan_0008__m1337_homoglyph	adversarial	mut:homoglyph		LEAK	ОOО «Клиника доkтoра Фёдорoва»
homoglyph	ORG	sale_0003__m2718_homoglyph	adversarial	mut:homoglyph		LEAK	ОOO «Феникc»
homoglyph	ORG	sale_0003__m2718_homoglyph	adversarial	mut:homoglyph		LEAK	ПAО «TеxнoПром»
homoglyph	ORG	sale_0009__m2718_homoglyph	adversarial	mut:homoglyph		LEAK	OОO «TехноПром»
homoglyph	ORG	sale_0009__m2718_homoglyph	adversarial	mut:homoglyph		LEAK	OОО «ТехноПрoм»
homoglyph	ORG	services_0010__m2718_homoglyph	adversarial	mut:homoglyph		LEAK	OOО «Вaсилёк»
homoglyph	ORG	services_0010__m2718_homoglyph	adversarial	mut:homoglyph		LEAK	ООO «Вaсилёk»
homoglyph	ORG	works_0001__m2718_homoglyph	adversarial	mut:homoglyph		LEAK	ОOO «Лoгистиk Групп»
homoglyph	ORG	works_0007__m2718_homoglyph	adversarial	mut:homoglyph		LEAK	OОО «Клиника доктора Фёдoрова»
homoglyph	ORG	works_0008__m2718_homoglyph	adversarial	mut:homoglyph		LEAK	ПAО «Василёк»
homoglyph	ORG	works_0008__m2718_homoglyph	adversarial	mut:homoglyph		LEAK	ПАO «Вaсилёк»
homoglyph	PASSPORT	agency_0006__m2718_homoglyph	adversarial	mut:homoglyph		LEAK	50 24 5816ЧЧ
homoglyph	PASSPORT	agency_0006__m2718_homoglyph	adversarial	mut:homoglyph		LEAK	5О 2Ч 58Іб44
homoglyph	PASSPORT	agency_0006__m2718_homoglyph	adversarial	mut:homoglyph		LEAK	О80-124
homoglyph	PASSPORT	agency_0006__m2718_homoglyph	adversarial	mut:homoglyph		LEAK	О80-12Ч
homoglyph	PASSPORT	agency_0006__m2718_homoglyph	adversarial	mut:homoglyph		LEAK	О85-796
homoglyph	PASSPORT	agency_0006__m2718_homoglyph	adversarial	mut:homoglyph		LEAK	О85-796
homoglyph	PASSPORT	agency_0006__m2718_homoglyph	adversarial	mut:homoglyph		hidden	08 О9 9545О2
homoglyph	PASSPORT	agency_0006__m2718_homoglyph	adversarial	mut:homoglyph		hidden	О8 09 954502
homoglyph	PASSPORT	labor_0001__m2718_homoglyph	adversarial	mut:homoglyph		LEAK	28 21 2І2825
homoglyph	PASSPORT	labor_0001__m2718_homoglyph	adversarial	mut:homoglyph		LEAK	28 2І 2І2825
homoglyph	PASSPORT	labor_0001__m2718_homoglyph	adversarial	mut:homoglyph		LEAK	622-51З
homoglyph	PASSPORT	labor_0001__m2718_homoglyph	adversarial	mut:homoglyph		LEAK	б22-513
homoglyph	PASSPORT	labor_0002__m2718_homoglyph	adversarial	mut:homoglyph		LEAK	30б-273
homoglyph	PASSPORT	labor_0002__m2718_homoglyph	adversarial	mut:homoglyph		LEAK	71 20 3258б8
homoglyph	PASSPORT	labor_0002__m2718_homoglyph	adversarial	mut:homoglyph		LEAK	71 20 3258б8
homoglyph	PASSPORT	labor_0002__m2718_homoglyph	adversarial	mut:homoglyph		LEAK	ЗО6-27З
homoglyph	PASSPORT	labor_0004__m1337_homoglyph	adversarial	mut:homoglyph		LEAK	43 15 4І5582
homoglyph	PASSPORT	labor_0004__m1337_homoglyph	adversarial	mut:homoglyph		LEAK	О74-207
homoglyph	PASSPORT	labor_0004__m1337_homoglyph	adversarial	mut:homoglyph		LEAK	О74-207
homoglyph	PASSPORT	labor_0004__m1337_homoglyph	adversarial	mut:homoglyph		LEAK	ЧЗ 15 ЧІ5582
homoglyph	PASSPORT	labor_0007__m2718_homoglyph	adversarial	mut:homoglyph		LEAK	10 25 3ЧЧ826
homoglyph	PASSPORT	labor_0007__m2718_homoglyph	adversarial	mut:homoglyph		LEAK	1О 25 34482б
homoglyph	PASSPORT	lease_0006__m1337_homoglyph	adversarial	mut:homoglyph		LEAK	18 І5 3Ч5615
homoglyph	PASSPORT	lease_0006__m1337_homoglyph	adversarial	mut:homoglyph		LEAK	20 18 7859Ч7
homoglyph	PASSPORT	lease_0006__m1337_homoglyph	adversarial	mut:homoglyph		LEAK	20 І8 7859Ч7
homoglyph	PASSPORT	lease_0006__m1337_homoglyph	adversarial	mut:homoglyph		LEAK	3З8-549
homoglyph	PASSPORT	lease_0006__m1337_homoglyph	adversarial	mut:homoglyph		LEAK	І8 15 3Ч5бІ5
homoglyph	PASSPORT	lease_0006__m1337_homoglyph	adversarial	mut:homoglyph		LEAK	З38-549
homoglyph	PASSPORT	lease_0006__m1337_homoglyph	adversarial	mut:homoglyph		hidden	6І6-ЗОб
homoglyph	PASSPORT	lease_0006__m1337_homoglyph	adversarial	mut:homoglyph		hidden	бІб-З06
homoglyph	PASSPORT	loan_0006__m2718_homoglyph	adversarial	mut:homoglyph		LEAK	371-97О
homoglyph	PASSPORT	loan_0006__m2718_homoglyph	adversarial	mut:homoglyph		LEAK	37І-970
homoglyph	PASSPORT	loan_0006__m2718_homoglyph	adversarial	mut:homoglyph		LEAK	3І 02 7987О7
homoglyph	PASSPORT	loan_0006__m2718_homoglyph	adversarial	mut:homoglyph		LEAK	76 18 74І821
homoglyph	PASSPORT	loan_0006__m2718_homoglyph	adversarial	mut:homoglyph		LEAK	76 І8 74І82І
homoglyph	PASSPORT	loan_0006__m2718_homoglyph	adversarial	mut:homoglyph		LEAK	953-І75
homoglyph	PASSPORT	loan_0006__m2718_homoglyph	adversarial	mut:homoglyph		LEAK	95З-І75
homoglyph	PASSPORT	loan_0006__m2718_homoglyph	adversarial	mut:homoglyph		LEAK	З1 02 7987О7
homoglyph	PASSPORT	services_0001__m2718_homoglyph	adversarial	mut:homoglyph		LEAK	1О 10 9951І7
homoglyph	PASSPORT	services_0001__m2718_homoglyph	adversarial	mut:homoglyph		LEAK	812-Ч0О
homoglyph	PASSPORT	services_0001__m2718_homoglyph	adversarial	mut:homoglyph		LEAK	812-ЧО0
homoglyph	PASSPORT	services_0001__m2718_homoglyph	adversarial	mut:homoglyph		LEAK	ІО 10 995ІІ7
homoglyph	PASSPORT	services_0007__m2718_homoglyph	adversarial	mut:homoglyph		hidden	44 І9 222524
homoglyph	PASSPORT	services_0007__m2718_homoglyph	adversarial	mut:homoglyph		hidden	4Ч 19 222524
homoglyph	PASSPORT	services_0007__m2718_homoglyph	adversarial	mut:homoglyph		hidden	О99-218
homoglyph	PASSPORT	services_0007__m2718_homoglyph	adversarial	mut:homoglyph		hidden	О99-2І8
homoglyph	PASSPORT	services_0013__m2718_homoglyph	adversarial	mut:homoglyph		LEAK	9Ч0-219
homoglyph	PASSPORT	services_0013__m2718_homoglyph	adversarial	mut:homoglyph		LEAK	9ЧО-2І9
homoglyph	PASSPORT	services_0013__m2718_homoglyph	adversarial	mut:homoglyph		hidden	39 1б 59б586
homoglyph	PASSPORT	services_0013__m2718_homoglyph	adversarial	mut:homoglyph		hidden	З9 16 596586
homoglyph	PASSPORT	supply_0005__m2718_homoglyph	adversarial	mut:homoglyph		LEAK	04 2О 34ІІ9З
homoglyph	PASSPORT	supply_0005__m2718_homoglyph	adversarial	mut:homoglyph		LEAK	І52-320
homoglyph	PASSPORT	supply_0005__m2718_homoglyph	adversarial	mut:homoglyph		LEAK	І52-З20
homoglyph	PASSPORT	supply_0005__m2718_homoglyph	adversarial	mut:homoglyph		LEAK	О4 2О З41І93
homoglyph	PASSPORT	supply_0011__m2718_homoglyph	adversarial	mut:homoglyph		LEAK	078-бЧО
homoglyph	PASSPORT	supply_0011__m2718_homoglyph	adversarial	mut:homoglyph		LEAK	О78-6Ч0
homoglyph	PASSPORT	supply_0011__m2718_homoglyph	adversarial	mut:homoglyph		hidden	О6 12 188179
homoglyph	PASSPORT	supply_0011__m2718_homoglyph	adversarial	mut:homoglyph		hidden	О6 12 188179
homoglyph	PASSPORT	supply_0012__m1337_homoglyph	adversarial	mut:homoglyph		LEAK	86Ч-848
homoglyph	PASSPORT	supply_0012__m1337_homoglyph	adversarial	mut:homoglyph		LEAK	8б4-848
homoglyph	PASSPORT	supply_0012__m1337_homoglyph	adversarial	mut:homoglyph		LEAK	91Ч-737
homoglyph	PASSPORT	supply_0012__m1337_homoglyph	adversarial	mut:homoglyph		LEAK	91Ч-7З7
homoglyph	PASSPORT	supply_0012__m1337_homoglyph	adversarial	mut:homoglyph		hidden	03 1б 879999
homoglyph	PASSPORT	supply_0012__m1337_homoglyph	adversarial	mut:homoglyph		hidden	03 1б 879999
homoglyph	PASSPORT	supply_0012__m1337_homoglyph	adversarial	mut:homoglyph		hidden	7З 07 277588
homoglyph	PASSPORT	supply_0012__m1337_homoglyph	adversarial	mut:homoglyph		hidden	7З 07 277588
homoglyph	PER	agency_0001__m2718_homoglyph	adversarial	mut:homoglyph		LEAK	Зaйцев С. П.
homoglyph	PER	agency_0001__m2718_homoglyph	adversarial	mut:homoglyph		LEAK	Нoвиkовa Ольгa Eгopовнa
homoglyph	PER	agency_0001__m2718_homoglyph	adversarial	mut:homoglyph		LEAK	О. E. Новиковa
homoglyph	PER	agency_0001__m2718_homoglyph	adversarial	mut:homoglyph		LEAK	С. П. 3айцев
homoglyph	PER	agency_0006__m2718_homoglyph	adversarial	mut:homoglyph		LEAK	Kиm Е. С.
homoglyph	PER	agency_0006__m2718_homoglyph	adversarial	mut:homoglyph		LEAK	Киm Eн Сy
homoglyph	PER	agency_0006__m2718_homoglyph	adversarial	mut:homoglyph		LEAK	Киm Eн Су
homoglyph	PER	agency_0007__m2718_homoglyph	adversarial	mut:homoglyph		LEAK	Cиница Т. М.
homoglyph	PER	agency_0007__m2718_homoglyph	adversarial	mut:homoglyph		LEAK	T. M. Cиница
homoglyph	PER	agency_0007__m2718_homoglyph	adversarial	mut:homoglyph		LEAK	Беляев Пaвел Андpeевич
homoglyph	PER	agency_0007__m2718_homoglyph	adversarial	mut:homoglyph		LEAK	Пчeла Е. О.
homoglyph	PER	agency_0007__m2718_homoglyph	adversarial	mut:homoglyph		LEAK	Пчeлы Екaтерины Олеговны
homoglyph	PER	agency_0007__m2718_homoglyph	adversarial	mut:homoglyph		LEAK	Пчeлы Екатeрины Oлеговны
homoglyph	PER	agency_0007__m2718_homoglyph	adversarial	mut:homoglyph		LEAK	Пчела\nЕкатepинa Олeговна
homoglyph	PER	agency_0008	adversarial	homoglyph_latin_in_cyrillic		LEAK	Кисeлёв Mихаил Oлегович
homoglyph	PER	agency_0008__m1337_homoglyph	adversarial	mut:homoglyph		LEAK	Kиceлёв M. О.
homoglyph	PER	agency_0008__m1337_homoglyph	adversarial	mut:homoglyph		LEAK	M. O. Киcелёв
homoglyph	PER	agency_0008__m1337_homoglyph	adversarial	mut:homoglyph		LEAK	M.O.Kисeлёв
homoglyph	PER	agency_0008__m1337_homoglyph	adversarial	mut:homoglyph		LEAK	Кисeлёв Миxaил Oлегoвич
homoglyph	PER	agency_0008__m1337_homoglyph	adversarial	mut:homoglyph		LEAK	Лeбедев E. А.
homoglyph	PER	agency_0008__m1337_homoglyph	adversarial	mut:homoglyph		LEAK	Лебедeву Eгоpy Алексеевичу
homoglyph	PER	agency_0008__m1337_homoglyph	adversarial	mut:homoglyph		LEAK	Лебедев Егоp Алeкcеевич
homoglyph	PER	agency_0008__m1337_homoglyph	adversarial	mut:homoglyph		LEAK	Лебедев Егоp Алексеевич
homoglyph	PER	agency_0008__m1337_homoglyph	adversarial	mut:homoglyph		hidden	Cеmёнов Сергeй Eгорович
homoglyph	PER	cession_0003__m2718_homoglyph	adversarial	mut:homoglyph		LEAK	Cидоpов\nMихaил Михайлович
homoglyph	PER	cession_0003__m2718_homoglyph	adversarial	mut:homoglyph		LEAK	Е. Д. Гyсевa
homoglyph	PER	cession_0003__m2718_homoglyph	adversarial	mut:homoglyph		LEAK	Е.Д.Гуcева
homoglyph	PER	cession_0003__m2718_homoglyph	adversarial	mut:homoglyph		LEAK	Сидоpoв M. М.
homoglyph	PER	cession_0004	adversarial	homoglyph_latin_in_cyrillic		LEAK	Мaкcиmова Светлaна Владимировна
homoglyph	PER	cession_0004__m1337_cell_split	adversarial	homoglyph_latin_in_cyrillic		LEAK	Мaкcиmова Светлaна Владимировна
homoglyph	PER	labor_0001__m2718_homoglyph	adversarial	mut:homoglyph		LEAK	Cеmёнов Д. M.
homoglyph	PER	labor_0001__m2718_homoglyph	adversarial	mut:homoglyph		LEAK	Cемёнов Дмитрий Михайлович
homoglyph	PER	labor_0001__m2718_homoglyph	adversarial	mut:homoglyph		LEAK	Maкaров В. В.
homoglyph	PER	labor_0001__m2718_homoglyph	adversarial	mut:homoglyph		LEAK	Мakaров Владимиp Владимирович
homoglyph	PER	labor_0001__m2718_homoglyph	adversarial	mut:homoglyph		LEAK	МАКАPОВ ВЛАДИМИP ВЛAДИМИРOВИЧ
homoglyph	PER	labor_0001__m2718_homoglyph	adversarial	mut:homoglyph		LEAK	Сеmёнов Дmитpий Mихайлович
homoglyph	PER	labor_0002__m2718_homoglyph	adversarial	mut:homoglyph		LEAK	иBaНоВ Aртём
homoglyph	PER	labor_0003	adversarial	homoglyph_latin_in_cyrillic		LEAK	Лeбедева Еkaтерина Пaвловна
homoglyph	PER	labor_0004__m1337_homoglyph	adversarial	mut:homoglyph		LEAK	Cmиpнова М. Н.
homoglyph	PER	labor_0004__m1337_homoglyph	adversarial	mut:homoglyph		LEAK	Cмирнoва М. H.
homoglyph	PER	labor_0004__m1337_homoglyph	adversarial	mut:homoglyph		LEAK	Бeляeв Bладимир Олeгович
homoglyph	PER	labor_0004__m1337_homoglyph	adversarial	mut:homoglyph		LEAK	Бeляев Влaдиmир Oлегович
homoglyph	PER	labor_0004__m1337_homoglyph	adversarial	mut:homoglyph		LEAK	Беляeв В. О.
homoglyph	PER	labor_0004__m1337_homoglyph	adversarial	mut:homoglyph		LEAK	Беляeв Влaдимир Oлегович
homoglyph	PER	labor_0004__m1337_homoglyph	adversarial	mut:homoglyph		LEAK	Беляeву Bладимирy Олeговичу
homoglyph	PER	labor_0004__m1337_homoglyph	adversarial	mut:homoglyph		LEAK	Смиpнова М. H.
homoglyph	PER	labor_0004__m1337_homoglyph	adversarial	mut:homoglyph		LEAK	Смирнoва Мaрия Никoлаевна
homoglyph	PER	labor_0004__m1337_homoglyph	adversarial	mut:homoglyph		hidden	Kузнецовa Татьянa Алeксеевна
homoglyph	PER	labor_0007__m2718_homoglyph	adversarial	mut:homoglyph		LEAK	Bолkoвa Н. Е.
homoglyph	PER	labor_0007__m2718_homoglyph	adversarial	mut:homoglyph		LEAK	Mаксиmовa Т. H.
homoglyph	PER	labor_0007__m2718_homoglyph	adversarial	mut:homoglyph		LEAK	Мaксимoвa T. Н.
homoglyph	PER	labor_0007__m2718_homoglyph	adversarial	mut:homoglyph		LEAK	мАкCиMоВa Татьяна
homoglyph	PER	lease_0001__m2718_homoglyph	adversarial	mut:homoglyph		LEAK	H. И. Пeтров
homoglyph	PER	lease_0001__m2718_homoglyph	adversarial	mut:homoglyph		LEAK	Бeляев Е. А.
homoglyph	PER	lease_0001__m2718_homoglyph	adversarial	mut:homoglyph		LEAK	Пeтров H. И.
homoglyph	PER	lease_0006__m1337_homoglyph	adversarial	mut:homoglyph		LEAK	Mакаров Рoмaн Дмитpиевич
homoglyph	PER	lease_0006__m1337_homoglyph	adversarial	mut:homoglyph		LEAK	Кyзнeцова Т. С.
homoglyph	PER	lease_0006__m1337_homoglyph	adversarial	mut:homoglyph		LEAK	Кузнецовa Tатьяна Сeргeевна
homoglyph	PER	lease_0006__m1337_homoglyph	adversarial	mut:homoglyph		LEAK	Кузнецовa Тaтьяна Ceргеевна
homoglyph	PER	lease_0006__m1337_homoglyph	adversarial	mut:homoglyph		LEAK	Кузнецова Тaтьяна Сеpгеевна
homoglyph	PER	lease_0006__m1337_homoglyph	adversarial	mut:homoglyph		LEAK	Кузнецова Татьяна Cеpгеевна
homoglyph	PER	lease_0006__m1337_homoglyph	adversarial	mut:homoglyph		LEAK	Маkарову Pоману Дmитpиевичу
homoglyph	PER	lease_0006__m1337_homoglyph	adversarial	mut:homoglyph		LEAK	Макаpов Р. Д.
homoglyph	PER	lease_0006__m1337_homoglyph	adversarial	mut:homoglyph		hidden	Петровa Hаталья Иванoвнa
homoglyph	PER	lease_0007__m2718_homoglyph	adversarial	mut:homoglyph		LEAK	Tитова Ю. И.
homoglyph	PER	lease_0007__m2718_homoglyph	adversarial	mut:homoglyph		LEAK	Tитовой Юлии Ивановны
homoglyph	PER	lease_0007__m2718_homoglyph	adversarial	mut:homoglyph		LEAK	Пeтров П. Н.
homoglyph	PER	lease_0007__m2718_homoglyph	adversarial	mut:homoglyph		hidden	Пeтрова Пeтра Ниkолаeвича
homoglyph	PER	loan_0001__m2718_homoglyph	adversarial	mut:homoglyph		LEAK	B. О. Kрылова
homoglyph	PER	loan_0001__m2718_homoglyph	adversarial	mut:homoglyph		LEAK	Kрылoва В. O.
homoglyph	PER	loan_0001__m2718_homoglyph	adversarial	mut:homoglyph		LEAK	Бeлов И. Е.
homoglyph	PER	loan_0001__m2718_homoglyph	adversarial	mut:homoglyph		hidden	Бeлoва Иванa Егоpовича
homoglyph	PER	loan_0006__m2718_homoglyph	adversarial	mut:homoglyph		LEAK	Cмирнов Олeг Пeтрович
homoglyph	PER	loan_0006__m2718_homoglyph	adversarial	mut:homoglyph		LEAK	Ивaнов Влaдимиp Дмитриевич
homoglyph	PER	loan_0006__m2718_homoglyph	adversarial	mut:homoglyph		LEAK	Иванoв Bладимир Дmитриевич
homoglyph	PER	loan_0006__m2718_homoglyph	adversarial	mut:homoglyph		LEAK	иВaНоВ Владимиp
homoglyph	PER	loan_0007__m2718_homoglyph	adversarial	mut:homoglyph		LEAK	Kиcелёв Oлeг Cергeевич
homoglyph	PER	loan_0007__m2718_homoglyph	adversarial	mut:homoglyph		LEAK	Михайлoв Ю. Ю.
homoglyph	PER	loan_0008__m1337_homoglyph	adversarial	mut:homoglyph		LEAK	Boробьёвy Рoману Павловичу
homoglyph	PER	loan_0008__m1337_homoglyph	adversarial	mut:homoglyph		LEAK	Вoробьёв\nРомaн Пaвлович
homoglyph	PER	loan_0008__m1337_homoglyph	adversarial	mut:homoglyph		LEAK	Воpобьёв Pоман Павлoвич
homoglyph	PER	loan_0008__m1337_homoglyph	adversarial	mut:homoglyph		LEAK	Воpобьёв Рomaн Павлович
homoglyph	PER	loan_0008__m1337_homoglyph	adversarial	mut:homoglyph		LEAK	Павлoв H. B.
homoglyph	PER	loan_0008__m1337_homoglyph	adversarial	mut:homoglyph		hidden	Tитова Hаталья Oлeговна
homoglyph	PER	sale_0003__m2718_homoglyph	adversarial	mut:homoglyph		LEAK	Hикитина М. П.
homoglyph	PER	sale_0003__m2718_homoglyph	adversarial	mut:homoglyph		LEAK	M. Д. Титoвa
homoglyph	PER	sale_0003__m2718_homoglyph	adversarial	mut:homoglyph		LEAK	Tитовa Maрия Дмитpиeвна
homoglyph	PER	sale_0003__m2718_homoglyph	adversarial	mut:homoglyph		LEAK	Tитова М. Д.
homoglyph	PER	sale_0009__m2718_homoglyph	adversarial	mut:homoglyph		LEAK	Eршова Е. A.
homoglyph	PER	sale_0009__m2718_homoglyph	adversarial	mut:homoglyph		LEAK	Е. A. Epшoва
homoglyph	PER	sale_0012__m1337_homoglyph	adversarial	mut:homoglyph		LEAK	Cmиpнoв Иван Павлович
homoglyph	PER	sale_0012__m1337_homoglyph	adversarial	mut:homoglyph		LEAK	Cmиpнову Иванy Павловичу
homoglyph	PER	sale_0012__m1337_homoglyph	adversarial	mut:homoglyph		LEAK	Cидopов Дmитрий Владимирович
homoglyph	PER	sale_0012__m1337_homoglyph	adversarial	mut:homoglyph		LEAK	Cмирнов И. П.
homoglyph	PER	sale_0012__m1337_homoglyph	adversarial	mut:homoglyph		LEAK	Cмирнову Ивaну Павлoвичу
homoglyph	PER	sale_0012__m1337_homoglyph	adversarial	mut:homoglyph		LEAK	cmирнoвым иванoм павловичем
homoglyph	PER	sale_0012__m1337_homoglyph	adversarial	mut:homoglyph		LEAK	Сmирнов И. П.
homoglyph	PER	sale_0012__m1337_homoglyph	adversarial	mut:homoglyph		LEAK	Сmирнов И. П.
homoglyph	PER	sale_0012__m1337_homoglyph	adversarial	mut:homoglyph		hidden	Kомаров Пётр Егорович
homoglyph	PER	sale_0012__m1337_homoglyph	adversarial	mut:homoglyph		hidden	Сmирнова Ивaнa Павловичa
homoglyph	PER	services_0001__m2718_homoglyph	adversarial	mut:homoglyph		LEAK	Hиkитинa E. Н.
homoglyph	PER	services_0001__m2718_homoglyph	adversarial	mut:homoglyph		LEAK	Hикитина Еkaтеринa Николаевна
homoglyph	PER	services_0001__m2718_homoglyph	adversarial	mut:homoglyph		LEAK	Hовиkов Oлег Никoлаевич
homoglyph	PER	services_0001__m2718_homoglyph	adversarial	mut:homoglyph		LEAK	Нoвиков Олeг Hиколаевич
homoglyph	PER	services_0007__m2718_homoglyph	adversarial	mut:homoglyph		LEAK	Ceмёнoв Юрий Олeгович
homoglyph	PER	services_0007__m2718_homoglyph	adversarial	mut:homoglyph		LEAK	Tарасов Пётр Aлeкcеевич
homoglyph	PER	services_0007__m2718_homoglyph	adversarial	mut:homoglyph		LEAK	Тарaсoв П. A.
homoglyph	PER	services_0010__m2718_homoglyph	adversarial	mut:homoglyph		LEAK	Ивaнов Рomан Aлексеевич
homoglyph	PER	services_0010__m2718_homoglyph	adversarial	mut:homoglyph		LEAK	Иванов Роман Алeксеевич
homoglyph	PER	services_0010__m2718_homoglyph	adversarial	mut:homoglyph		hidden	Виноградов Cеpгей Петрович
homoglyph	PER	services_0012__m1337_homoglyph	adversarial	mut:homoglyph		LEAK	Сemёнoв M. О.
homoglyph	PER	services_0012__m1337_homoglyph	adversarial	mut:homoglyph		LEAK	Сemёнoв M. О.
homoglyph	PER	services_0012__m1337_homoglyph	adversarial	mut:homoglyph		LEAK	Сmиpнов Юрий Петрович
homoglyph	PER	services_0012__m1337_homoglyph	adversarial	mut:homoglyph		LEAK	Смиpнов Ю. П.
homoglyph	PER	services_0012__m1337_homoglyph	adversarial	mut:homoglyph		LEAK	Смиpнов Ю. П.
homoglyph	PER	services_0013__m2718_homoglyph	adversarial	mut:homoglyph		LEAK	Hикитина Даpья Дmитриевнa
homoglyph	PER	services_0013__m2718_homoglyph	adversarial	mut:homoglyph		LEAK	Tитовa Л. П.
homoglyph	PER	services_0013__m2718_homoglyph	adversarial	mut:homoglyph		LEAK	Титова Людмила Петpoвна
homoglyph	PER	supply_0005__m2718_homoglyph	adversarial	mut:homoglyph		LEAK	Пeтpовa Людмилa Егоровна
homoglyph	PER	supply_0005__m2718_homoglyph	adversarial	mut:homoglyph		LEAK	Сmиpнoва Людмилa Олеговна
homoglyph	PER	supply_0005__m2718_homoglyph	adversarial	mut:homoglyph		LEAK	Смиpновa Л. О.
homoglyph	PER	supply_0010__m2718_homoglyph	adversarial	mut:homoglyph		LEAK	Hoвиkовa О. А.
homoglyph	PER	supply_0010__m2718_homoglyph	adversarial	mut:homoglyph		LEAK	Hовикова Oльгa Андpеевна
homoglyph	PER	supply_0010__m2718_homoglyph	adversarial	mut:homoglyph		LEAK	Ивaнов М. П.
homoglyph	PER	supply_0010__m2718_homoglyph	adversarial	mut:homoglyph		LEAK	Ивaнов Миxаил Петрович
homoglyph	PER	supply_0010__m2718_homoglyph	adversarial	mut:homoglyph		LEAK	Иванов Миxaил Пeтрoвич
homoglyph	PER	supply_0010__m2718_homoglyph	adversarial	mut:homoglyph		LEAK	Новиkoвa O. А.
homoglyph	PER	supply_0011__m2718_homoglyph	adversarial	mut:homoglyph		LEAK	Bоробьёв П. А.
homoglyph	PER	supply_0011__m2718_homoglyph	adversarial	mut:homoglyph		LEAK	Bоробьёв П. А.
homoglyph	PER	supply_0011__m2718_homoglyph	adversarial	mut:homoglyph		LEAK	Mихайлов Аpтёm Oлегович
homoglyph	PER	supply_0011__m2718_homoglyph	adversarial	mut:homoglyph		LEAK	Вoрoбьёв П. A.
homoglyph	PER	supply_0011__m2718_homoglyph	adversarial	mut:homoglyph		LEAK	Миxайлов А. O.
homoglyph	PER	supply_0011__m2718_homoglyph	adversarial	mut:homoglyph		LEAK	Михайлoву Артёму Oлеговичу
homoglyph	PER	supply_0012__m1337_homoglyph	adversarial	mut:homoglyph		LEAK	Cемёнову Алексею Дмитриевичy
homoglyph	PER	supply_0012__m1337_homoglyph	adversarial	mut:homoglyph		LEAK	Сеmёнов A. Д.
homoglyph	PER	works_0001__m2718_homoglyph	adversarial	mut:homoglyph		LEAK	Bолковa Юpия Дмитpиевича
homoglyph	PER	works_0001__m2718_homoglyph	adversarial	mut:homoglyph		LEAK	Волkов Ю. Д.
homoglyph	PER	works_0001__m2718_homoglyph	adversarial	mut:homoglyph		LEAK	Гyсевa Ю. A.
homoglyph	PER	works_0007	adversarial	homoglyph_latin_in_cyrillic		hidden	Попoв Ивaн Пaвлович
homoglyph	PER	works_0007__m2718_homoglyph	adversarial	mut:homoglyph		LEAK	Кpылoвой Екaтерины Иванoвны
homoglyph	PER	works_0007__m2718_homoglyph	adversarial	mut:homoglyph		LEAK	Крыловa Е. И.
homoglyph	PER	works_0007__m2718_homoglyph	adversarial	mut:homoglyph		LEAK	Попoв И. П.
homoglyph	PER	works_0008__m2718_homoglyph	adversarial	mut:homoglyph		LEAK	Вoлkова Е. Д.
homoglyph	PER	works_0008__m2718_homoglyph	adversarial	mut:homoglyph		LEAK	Волkoва Екатeрина Дмитpиевна
homoglyph	PER	works_0008__m2718_homoglyph	adversarial	mut:homoglyph		LEAK	Гyсевa И. О.
homoglyph	PER	works_0008__m2718_homoglyph	adversarial	mut:homoglyph		LEAK	Гyсевa Иринa Олеговна
homoglyph	PER	works_0008__m2718_homoglyph	adversarial	mut:homoglyph		LEAK	Гyсева\nИринa Oлeговна
homoglyph	PER	works_0008__m2718_homoglyph	adversarial	mut:homoglyph		LEAK	Гуcевa И. О.
homoglyph	PER	works_0008__m2718_homoglyph	adversarial	mut:homoglyph		LEAK	Гуcев a Иринa Oлег​овна
homoglyph	PHONE	agency_0001__m2718_homoglyph	adversarial	mut:homoglyph		LEAK	8(З83)221ЗЗ86
homoglyph	PHONE	agency_0001__m2718_homoglyph	adversarial	mut:homoglyph		LEAK	8-З83-Ч04-8б-75
homoglyph	PHONE	agency_0001__m2718_homoglyph	adversarial	mut:homoglyph		LEAK	84б 826851Ч
homoglyph	PHONE	agency_0006__m2718_homoglyph	adversarial	mut:homoglyph		LEAK	+7 (812) 79Ч-58-бО
homoglyph	PHONE	agency_0006__m2718_homoglyph	adversarial	mut:homoglyph		LEAK	+7 (843) 653-81-9З
homoglyph	PHONE	agency_0006__m2718_homoglyph	adversarial	mut:homoglyph		LEAK	+7 (З83) 9Ч8-Ч2-76
homoglyph	PHONE	agency_0006__m2718_homoglyph	adversarial	mut:homoglyph		LEAK	+7 (Ч99) 120-38-92
homoglyph	PHONE	agency_0007__m2718_homoglyph	adversarial	mut:homoglyph		LEAK	+7 (499) 498-Ч8-І9
homoglyph	PHONE	agency_0007__m2718_homoglyph	adversarial	mut:homoglyph		LEAK	+7 (843) 232-67-ЗЗ
homoglyph	PHONE	agency_0007__m2718_homoglyph	adversarial	mut:homoglyph		LEAK	+7 (8Ч3) 533-89-47
homoglyph	PHONE	agency_0007__m2718_homoglyph	adversarial	mut:homoglyph		LEAK	+7 (З8З) 795-І0-2І
homoglyph	PHONE	agency_0008__m1337_homoglyph	adversarial	mut:homoglyph		LEAK	+7 383 54О 25 70
homoglyph	PHONE	agency_0008__m1337_homoglyph	adversarial	mut:homoglyph		LEAK	+78437І8652І
homoglyph	PHONE	agency_0008__m1337_homoglyph	adversarial	mut:homoglyph		LEAK	8Ч958429415
homoglyph	PHONE	agency_0008__m1337_homoglyph	adversarial	mut:homoglyph		hidden	+7 (38З) І40-8О-2З доб. 510
homoglyph	PHONE	agency_0008__m1337_homoglyph	adversarial	mut:homoglyph		hidden	+7 499 497 Ч9 47
homoglyph	PHONE	cession_0003__m2718_homoglyph	adversarial	mut:homoglyph		LEAK	+7 (812) І20-Ч2-3І
homoglyph	PHONE	cession_0003__m2718_homoglyph	adversarial	mut:homoglyph		LEAK	+7 (8Ч3) 5б8-72-1Ч
homoglyph	PHONE	cession_0003__m2718_homoglyph	adversarial	mut:homoglyph		LEAK	+7 (8Ч6) 582-29-75
homoglyph	PHONE	labor_0001__m2718_homoglyph	adversarial	mut:homoglyph		LEAK	+7 (499) 759-42-ІЗ
homoglyph	PHONE	labor_0001__m2718_homoglyph	adversarial	mut:homoglyph		LEAK	+7 (8І2) 988-61-53
homoglyph	PHONE	labor_0001__m2718_homoglyph	adversarial	mut:homoglyph		hidden	+7 (8Чб) б92-21-11
homoglyph	PHONE	labor_0002__m2718_homoglyph	adversarial	mut:homoglyph		LEAK	+7 (499) 3І8-49-8б
homoglyph	PHONE	labor_0002__m2718_homoglyph	adversarial	mut:homoglyph		LEAK	+7 (84З) 75З-62-87
homoglyph	PHONE	labor_0002__m2718_homoglyph	adversarial	mut:homoglyph		LEAK	+7 (8І2) 837-2О-61
homoglyph	PHONE	labor_0004__m1337_homoglyph	adversarial	mut:homoglyph		LEAK	+7 843 94О 1З 3З
homoglyph	PHONE	labor_0004__m1337_homoglyph	adversarial	mut:homoglyph		LEAK	+7 8Ч3 7О7 42 Ч7
homoglyph	PHONE	labor_0004__m1337_homoglyph	adversarial	mut:homoglyph		LEAK	+7 Ч99 567 47 17
homoglyph	PHONE	labor_0004__m1337_homoglyph	adversarial	mut:homoglyph		LEAK	8(812)Ч47229І
homoglyph	PHONE	labor_0004__m1337_homoglyph	adversarial	mut:homoglyph		hidden	+7 (84З)  З01⁠-І0-1З
homoglyph	PHONE	labor_0007__m2718_homoglyph	adversarial	mut:homoglyph		LEAK	+7 (499) 271-67-Ч8
homoglyph	PHONE	labor_0007__m2718_homoglyph	adversarial	mut:homoglyph		LEAK	+7 (846) 82О-75-2І
homoglyph	PHONE	labor_0007__m2718_homoglyph	adversarial	mut:homoglyph		LEAK	+7 (8Ч6) 343-95-98
homoglyph	PHONE	lease_0001__m2718_homoglyph	adversarial	mut:homoglyph		LEAK	+7 (84З) 6О8-7З-44
homoglyph	PHONE	lease_0001__m2718_homoglyph	adversarial	mut:homoglyph		LEAK	+7 (Ч95) Ч5І-12-З3
homoglyph	PHONE	lease_0001__m2718_homoglyph	adversarial	mut:homoglyph		LEAK	+7 (Ч99) 415-27-93
homoglyph	PHONE	lease_0006__m1337_homoglyph	adversarial	mut:homoglyph		LEAK	+7 (38З) 1ОО-42-13
homoglyph	PHONE	lease_0006__m1337_homoglyph	adversarial	mut:homoglyph		LEAK	+7 (812) 77І-82-65
homoglyph	PHONE	lease_0006__m1337_homoglyph	adversarial	mut:homoglyph		LEAK	+7 (8Ч3) 521-64-85
homoglyph	PHONE	lease_0006__m1337_homoglyph	adversarial	mut:homoglyph		LEAK	+7 (Ч99) 557-25-85
homoglyph	PHONE	lease_0006__m1337_homoglyph	adversarial	mut:homoglyph		hidden	+7 (846) 854-96-55 дoб. 518
homoglyph	PHONE	lease_0007__m2718_homoglyph	adversarial	mut:homoglyph		LEAK	+7 (383) 1І7-46-27
homoglyph	PHONE	lease_0007__m2718_homoglyph	adversarial	mut:homoglyph		LEAK	+7 (499) 534-5О-72
homoglyph	PHONE	lease_0007__m2718_homoglyph	adversarial	mut:homoglyph		LEAK	+7 (812) 24З-95-ЧЧ
homoglyph	PHONE	loan_0001__m2718_homoglyph	adversarial	mut:homoglyph		LEAK	+7 (383) 892-58-8З
homoglyph	PHONE	loan_0001__m2718_homoglyph	adversarial	mut:homoglyph		LEAK	+7 (495) 978-94-І4
homoglyph	PHONE	loan_0001__m2718_homoglyph	adversarial	mut:homoglyph		LEAK	+7 (8І2) 258-41-29
homoglyph	PHONE	loan_0006__m2718_homoglyph	adversarial	mut:homoglyph		LEAK	+7 Ч95 815 22 48
homoglyph	PHONE	loan_0006__m2718_homoglyph	adversarial	mut:homoglyph		LEAK	8-812-29О-2б-7О
homoglyph	PHONE	loan_0006__m2718_homoglyph	adversarial	mut:homoglyph		hidden	+7 499 ІОЧ 39 35
homoglyph	PHONE	loan_0007__m2718_homoglyph	adversarial	mut:homoglyph		LEAK	+7 (812) І8Ч-27-50
homoglyph	PHONE	loan_0007__m2718_homoglyph	adversarial	mut:homoglyph		LEAK	+7 (84б) 247-З7-73
homoglyph	PHONE	loan_0007__m2718_homoglyph	adversarial	mut:homoglyph		LEAK	+7 (84б) 9бб-Ч5-68
homoglyph	PHONE	loan_0008__m1337_homoglyph	adversarial	mut:homoglyph		LEAK	+7 (38З) 433-73-78
homoglyph	PHONE	loan_0008__m1337_homoglyph	adversarial	mut:homoglyph		LEAK	+7 (495) 8З7-8О-І7
homoglyph	PHONE	loan_0008__m1337_homoglyph	adversarial	mut:homoglyph		LEAK	+7 (Ч 99) 5 20-б1-б8
homoglyph	PHONE	loan_0008__m1337_homoglyph	adversarial	mut:homoglyph		hidden	+7 (383) 35З-7І-64
homoglyph	PHONE	loan_0008__m1337_homoglyph	adversarial	mut:homoglyph		hidden	+7 (846) І7З-27-20 доб. І09
homoglyph	PHONE	sale_0003__m2718_homoglyph	adversarial	mut:homoglyph		LEAK	+7 (8Ч6) 985-52-92
homoglyph	PHONE	sale_0003__m2718_homoglyph	adversarial	mut:homoglyph		LEAK	+7 (8Ч6) 98б-94-46
homoglyph	PHONE	sale_0003__m2718_homoglyph	adversarial	mut:homoglyph		LEAK	+7 (З83) 213-61-92
homoglyph	PHONE	sale_0009__m2718_homoglyph	adversarial	mut:homoglyph		LEAK	+7 (495) З15-8б-21
homoglyph	PHONE	sale_0009__m2718_homoglyph	adversarial	mut:homoglyph		LEAK	+7 (812) 8О5-31-І4
homoglyph	PHONE	sale_0009__m2718_homoglyph	adversarial	mut:homoglyph		LEAK	+7 (З83) З36-42-2б
homoglyph	PHONE	sale_0012__m1337_homoglyph	adversarial	mut:homoglyph		LEAK	+7846928З859
homoglyph	PHONE	sale_0012__m1337_homoglyph	adversarial	mut:homoglyph		LEAK	846 4О34б54
homoglyph	PHONE	sale_0012__m1337_homoglyph	adversarial	mut:homoglyph		LEAK	З83 589Ч02І
homoglyph	PHONE	sale_0012__m1337_homoglyph	adversarial	mut:homoglyph		hidden	+7 812 440 б6 6О
homoglyph	PHONE	services_0001__m2718_homoglyph	adversarial	mut:homoglyph		LEAK	+7 (38З) б24-86-8Ч
homoglyph	PHONE	services_0001__m2718_homoglyph	adversarial	mut:homoglyph		LEAK	+7 (812) ІЧ7-98-72
homoglyph	PHONE	services_0001__m2718_homoglyph	adversarial	mut:homoglyph		LEAK	+7 (Ч95) 2О2-64-96
homoglyph	PHONE	services_0007__m2718_homoglyph	adversarial	mut:homoglyph		LEAK	+7 (495) Ч66-73-ЧЧ
homoglyph	PHONE	services_0007__m2718_homoglyph	adversarial	mut:homoglyph		LEAK	+7 (8Ч6) 877-48-74
homoglyph	PHONE	services_0007__m2718_homoglyph	adversarial	mut:homoglyph		LEAK	+7 (Ч95) 270-47-23
homoglyph	PHONE	services_0010__m2718_homoglyph	adversarial	mut:homoglyph		LEAK	8(Ч99)ЗЗ97139
homoglyph	PHONE	services_0010__m2718_homoglyph	adversarial	mut:homoglyph		LEAK	8-843-86Ч-9Ч-31
homoglyph	PHONE	services_0010__m2718_homoglyph	adversarial	mut:homoglyph		LEAK	8-8Ч3-723-52-2Ч
homoglyph	PHONE	services_0010__m2718_homoglyph	adversarial	mut:homoglyph		hidden	+7 (Ч95) 905-88-44 дoб. 188
homoglyph	PHONE	services_0010__m2718_homoglyph	adversarial	mut:homoglyph		hidden	+7 8Ч3 887 77 Чб
homoglyph	PHONE	services_0012__m1337_homoglyph	adversarial	mut:homoglyph		LEAK	+7 (84б) Чб8-З6-52
homoglyph	PHONE	services_0012__m1337_homoglyph	adversarial	mut:homoglyph		LEAK	+7 (Ч99) 286-20-б2
homoglyph	PHONE	services_0012__m1337_homoglyph	adversarial	mut:homoglyph		hidden	+7 (8ЧЗ) 562-7І-31
homoglyph	PHONE	services_0013__m2718_homoglyph	adversarial	mut:homoglyph		LEAK	+7 (499) бЧ8-55-б9
homoglyph	PHONE	services_0013__m2718_homoglyph	adversarial	mut:homoglyph		LEAK	+7 (812) І2І-3Ч-72
homoglyph	PHONE	services_0013__m2718_homoglyph	adversarial	mut:homoglyph		LEAK	+7 (З8З) 5Ч3-19-27
homoglyph	PHONE	services_0013__m2718_homoglyph	adversarial	mut:homoglyph		LEAK	+7 (Ч99) 951-38-88
homoglyph	PHONE	supply_0005__m2718_homoglyph	adversarial	mut:homoglyph		LEAK	+7 (495) 8О0-5І-83
homoglyph	PHONE	supply_0005__m2718_homoglyph	adversarial	mut:homoglyph		LEAK	+7 (843) 8б7-40-96
homoglyph	PHONE	supply_0005__m2718_homoglyph	adversarial	mut:homoglyph		LEAK	+7 (Ч99) 9О6-98-51
homoglyph	PHONE	supply_0010__m2718_homoglyph	adversarial	mut:homoglyph		LEAK	+7 (846) ЧЗ2-98-82
homoglyph	PHONE	supply_0010__m2718_homoglyph	adversarial	mut:homoglyph		LEAK	+7 (З8З) 652-Іб-78
homoglyph	PHONE	supply_0010__m2718_homoglyph	adversarial	mut:homoglyph		hidden	+7 (8Ч6) 755-88-75
homoglyph	PHONE	supply_0011__m2718_homoglyph	adversarial	mut:homoglyph		LEAK	+7 (499) І14-2б-67
homoglyph	PHONE	supply_0011__m2718_homoglyph	adversarial	mut:homoglyph		LEAK	+7 (8Ч6) 273-12-40
homoglyph	PHONE	supply_0011__m2718_homoglyph	adversarial	mut:homoglyph		LEAK	+7 (8Чб) 510-5О-89
homoglyph	PHONE	supply_0012__m1337_homoglyph	adversarial	mut:homoglyph		LEAK	+7 (499) ЗЗб-31-50
homoglyph	PHONE	supply_0012__m1337_homoglyph	adversarial	mut:homoglyph		LEAK	+7 (812) 274-б3-ЧІ
homoglyph	PHONE	supply_0012__m1337_homoglyph	adversarial	mut:homoglyph		LEAK	+7 (84З) бЗ2-З2-68
homoglyph	PHONE	works_0001__m2718_homoglyph	adversarial	mut:homoglyph		LEAK	+7 (495) 547-74-бЗ
homoglyph	PHONE	works_0001__m2718_homoglyph	adversarial	mut:homoglyph		LEAK	+7 (843) 6З5-І3-З0
homoglyph	PHONE	works_0001__m2718_homoglyph	adversarial	mut:homoglyph		LEAK	+7 (8Ч6) З99-53-93
homoglyph	PHONE	works_0001__m2718_homoglyph	adversarial	mut:homoglyph		LEAK	+7 (З83) 255-14-Ч2
homoglyph	PHONE	works_0007__m2718_homoglyph	adversarial	mut:homoglyph		LEAK	+7 (8І2) 2Ч7-80-92
homoglyph	PHONE	works_0007__m2718_homoglyph	adversarial	mut:homoglyph		LEAK	+7 (8Ч6) І26-78-14
homoglyph	PHONE	works_0007__m2718_homoglyph	adversarial	mut:homoglyph		LEAK	+7 (8Чб) 296-8О-58
homoglyph	PHONE	works_0008__m2718_homoglyph	adversarial	mut:homoglyph		LEAK	+7 (846) Ч34-8Ч-89
homoglyph	PHONE	works_0008__m2718_homoglyph	adversarial	mut:homoglyph		LEAK	+7 (З83) 905-25-87
homoglyph	PHONE	works_0008__m2718_homoglyph	adversarial	mut:homoglyph		LEAK	+‍7 (84б) 450 -50-57
homoglyph	PHONE	works_0008__m2718_homoglyph	adversarial	mut:homoglyph		hidden	+7 (812) 8І6-1З-7І
homoglyph	PHONE	works_0008__m2718_homoglyph	adversarial	mut:homoglyph		hidden	+7 (8Ч3) 441-64-57
invisible_char	ACCOUNT	agency_0002__m1337_invisible	adversarial	mut:invisible		LEAK	30101810⁠4000000 0‍0225
invisible_char	ACCOUNT	agency_0002__m1337_invisible	adversarial	mut:invisible		LEAK	4080281­04​\n45145 901597
invisible_char	ACCOUNT	agency_0002__m1337_invisible	adversarial	mut:invisible		LEAK	4080‍281044514590​159 7
invisible_char	ACCOUNT	agency_0002__m1337_invisible	adversarial	mut:invisible	valid	LEAK	407⁠0281⁠08063749023 78
invisible_char	ACCOUNT	agency_0002__m1337_invisible	adversarial	mut:invisible	valid	LEAK	40802⁠81044 5145​901597
invisible_char	ACCOUNT	agency_0003__m1337_invisible	adversarial	mut:invisible		LEAK	301018 102000⁠000­00593
invisible_char	ACCOUNT	agency_0003__m1337_invisible	adversarial	mut:invisible	valid	LEAK	4⁠07028­102793172879 57
invisible_char	ACCOUNT	agency_0009__m1337_invisible	adversarial	mut:invisible		LEAK	3010 18104452⁠50000‍360
invisible_char	ACCOUNT	agency_0009__m1337_invisible	adversarial	mut:invisible	valid	hidden	4070281058138185​2‍05⁠7
invisible_char	ACCOUNT	cession_0004__m2718_invisible	adversarial	mut:invisible		hidden	3010⁠18101­45 250000974
invisible_char	ACCOUNT	cession_0004__m2718_invisible	adversarial	mut:invisible	valid	LEAK	407 0281003 2762 267472
invisible_char	ACCOUNT	cession_0004__m2718_invisible	adversarial	mut:invisible	valid	LEAK	408 02­8​10175808782149
invisible_char	ACCOUNT	cession_0005__m1337_invisible	adversarial	mut:invisible		LEAK	301018­1090⁠0000000⁠790
invisible_char	ACCOUNT	cession_0005__m1337_invisible	adversarial	mut:invisible	valid	LEAK	407­0⁠281049197731644‍9
invisible_char	ACCOUNT	cession_0006__m1337_invisible	adversarial	mut:invisible	valid	LEAK	4080281010‍1­09385258‍4
invisible_char	ACCOUNT	cession_0006__m1337_invisible	adversarial	mut:invisible	valid	LEAK	40802 810375011153­65⁠2
invisible_char	ACCOUNT	labor_0003__m1337_invisible	adversarial	mut:invisible		LEAK	40 70 2810⁠ 9739 4‍252 3731
invisible_char	ACCOUNT	labor_0003__m1337_invisible	adversarial	mut:invisible		hidden	30­101810445­25000​0360
invisible_char	ACCOUNT	labor_0003__m1337_invisible	adversarial	mut:invisible	valid	LEAK	40 7028109739425 23­731
invisible_char	ACCOUNT	labor_0009__m1337_invisible	adversarial	mut:invisible		LEAK	30‍10181‍0200000000 593
invisible_char	ACCOUNT	labor_0009__m1337_invisible	adversarial	mut:invisible		LEAK	408178 105\n8⁠60‍67121756
invisible_char	ACCOUNT	labor_0009__m1337_invisible	adversarial	mut:invisible	valid	hidden	407028103‍4951‍128647 7
invisible_char	ACCOUNT	labor_0010__m2718_invisible	adversarial	mut:invisible		hidden	4 0817­8106618​98519375
invisible_char	ACCOUNT	labor_0010__m2718_invisible	adversarial	mut:invisible	valid	hidden	4 080­2810092‍472051181
invisible_char	ACCOUNT	labor_0012__m1337_invisible	adversarial	mut:invisible		LEAK	3010⁠18106000⁠00000⁠603
invisible_char	ACCOUNT	labor_0012__m1337_invisible	adversarial	mut:invisible	valid	hidden	40​702810 4898406­02529
invisible_char	ACCOUNT	lease_0003__m1337_invisible	adversarial	mut:invisible		LEAK	3010⁠181‍014525⁠0000974
invisible_char	ACCOUNT	lease_0009__m1337_invisible	adversarial	mut:invisible		LEAK	30 10‍18102000000007​00
invisible_char	ACCOUNT	lease_0009__m1337_invisible	adversarial	mut:invisible	valid	LEAK	40702 810923­375­010474
invisible_char	ACCOUNT	lease_0012__m2718_invisible	adversarial	mut:invisible		hidden	4081 ⁠7810 4638 7⁠85⁠3 6280
invisible_char	ACCOUNT	loan_0002__m1337_invisible	adversarial	mut:invisible		hidden	3010181⁠0 7000000001­87
invisible_char	ACCOUNT	loan_0002__m1337_invisible	adversarial	mut:invisible		hidden	408028107­663069716 2‍0
invisible_char	ACCOUNT	loan_0002__m1337_invisible	adversarial	mut:invisible	valid	LEAK	4​07028108 87794995​646
invisible_char	ACCOUNT	loan_0002__m1337_invisible	adversarial	mut:invisible	valid	hidden	40​80281076630‍69716⁠20
invisible_char	ACCOUNT	loan_0003__m1337_invisible	adversarial	mut:invisible		hidden	30101810 1​500400​00763
invisible_char	ACCOUNT	loan_0003__m1337_invisible	adversarial	mut:invisible	valid	LEAK	4070 2810​ 0622 2713 ⁠280 3
invisible_char	ACCOUNT	loan_0009__m1337_invisible	adversarial	mut:invisible		LEAK	3010181 015­004000­0763
invisible_char	ACCOUNT	loan_0009__m1337_invisible	adversarial	mut:invisible	valid	LEAK	40702⁠8109927­44732­704
invisible_char	ACCOUNT	sale_0004__m2718_invisible	adversarial	mut:invisible		LEAK	301­0181​04000000 00225
invisible_char	ACCOUNT	sale_0004__m2718_invisible	adversarial	mut:invisible		LEAK	4­08028101⁠\n8⁠4403400452
invisible_char	ACCOUNT	sale_0004__m2718_invisible	adversarial	mut:invisible	valid	LEAK	4070­28105251​5764​2631
invisible_char	ACCOUNT	sale_0004__m2718_invisible	adversarial	mut:invisible	valid	LEAK	40­802 81018440⁠3400452
invisible_char	ACCOUNT	sale_0005__m1337_invisible	adversarial	mut:invisible		LEAK	30101­81014 52‍50000974
invisible_char	ACCOUNT	sale_0005__m1337_invisible	adversarial	mut:invisible	valid	LEAK	4 0⁠7028100316 10833894
invisible_char	ACCOUNT	sale_0011__m1337_invisible	adversarial	mut:invisible		hidden	3­010181020‍000000070 0
invisible_char	ACCOUNT	sale_0011__m1337_invisible	adversarial	mut:invisible	valid	hidden	407­0281056 492039950‍1
invisible_char	ACCOUNT	services_0003__m1337_invisible	adversarial	mut:invisible		LEAK	3​010181 04452500‍00360
invisible_char	ACCOUNT	services_0003__m1337_invisible	adversarial	mut:invisible		hidden	301 018104000​000005⁠55
invisible_char	ACCOUNT	services_0003__m1337_invisible	adversarial	mut:invisible	valid	LEAK	40702​81‍078546538351​2
invisible_char	ACCOUNT	services_0003__m1337_invisible	adversarial	mut:invisible	valid	LEAK	407‍02810 6595774⁠05205
invisible_char	ACCOUNT	services_0004__m2718_invisible	adversarial	mut:invisible		LEAK	3010181­04​00000000​555
invisible_char	ACCOUNT	services_0004__m2718_invisible	adversarial	mut:invisible		hidden	4­0802⁠810900‍664549727
invisible_char	ACCOUNT	services_0006__m1337_invisible	adversarial	mut:invisible	valid	LEAK	40802810656‍7760027­8​9
invisible_char	ACCOUNT	services_0006__m1337_invisible	adversarial	mut:invisible	valid	LEAK	408‍02⁠8‍10440315969816
invisible_char	ACCOUNT	services_0009__m1337_invisible	adversarial	mut:invisible		LEAK	30101­8​1090000​0000790
invisible_char	ACCOUNT	services_0009__m1337_invisible	adversarial	mut:invisible		hidden	301018​1014 525000​0974
invisible_char	ACCOUNT	services_0009__m1337_invisible	adversarial	mut:invisible	valid	hidden	407028109‍50542226‍42​1
invisible_char	ACCOUNT	services_0009__m1337_invisible	adversarial	mut:invisible	valid	hidden	4070​281 037819514​0192
invisible_char	ACCOUNT	supply_0001__m1337_invisible	adversarial	mut:invisible		LEAK	301018104452​500⁠0036­0
invisible_char	ACCOUNT	supply_0001__m1337_invisible	adversarial	mut:invisible		LEAK	30101​8 1070 0000000187
invisible_char	ACCOUNT	supply_0001__m1337_invisible	adversarial	mut:invisible	valid	LEAK	4070⁠28104​285 55473613
invisible_char	ACCOUNT	supply_0001__m1337_invisible	adversarial	mut:invisible	valid	LEAK	40​702810238214­2 41050
invisible_char	ACCOUNT	supply_0004__m2718_invisible	adversarial	mut:invisible	valid	hidden	4080281038­8­0265083‍60
invisible_char	ACCOUNT	supply_0004__m2718_invisible	adversarial	mut:invisible	valid	hidden	408028​10713062848 3⁠17
invisible_char	ACCOUNT	supply_0007__m1337_invisible	adversarial	mut:invisible		LEAK	30101810600000 00​06​03
invisible_char	ACCOUNT	supply_0007__m1337_invisible	adversarial	mut:invisible		LEAK	3010​1⁠8104000‍00000555
invisible_char	ACCOUNT	supply_0007__m1337_invisible	adversarial	mut:invisible	valid	LEAK	407­02 81​0707675561869
invisible_char	ACCOUNT	supply_0007__m1337_invisible	adversarial	mut:invisible	valid	hidden	407028‍10​177 715603567
invisible_char	ACCOUNT	supply_0013__m1337_invisible	adversarial	mut:invisible		hidden	301018102​000000­0­0593
invisible_char	ACCOUNT	supply_0013__m1337_invisible	adversarial	mut:invisible		hidden	30‍101810​400­000000555
invisible_char	ACCOUNT	supply_0013__m1337_invisible	adversarial	mut:invisible	valid	LEAK	4070281038278 431­20 41
invisible_char	ACCOUNT	supply_0013__m1337_invisible	adversarial	mut:invisible	valid	LEAK	40⁠7028101­2⁠3010448859
invisible_char	ACCOUNT	works_0002__m2718_invisible	adversarial	mut:invisible		hidden	301​0181090 0 000000790
invisible_char	ACCOUNT	works_0002__m2718_invisible	adversarial	mut:invisible	valid	hidden	4070 2810 2⁠150 1‍31⁠1 9498
invisible_char	ACCOUNT	works_0002__m2718_invisible	adversarial	mut:invisible	valid	hidden	40802‍810646‍5767­48806
invisible_char	ACCOUNT	works_0003__m1337_invisible	adversarial	mut:invisible		hidden	301­01‍810150 040000763
invisible_char	ACCOUNT	works_0003__m1337_invisible	adversarial	mut:invisible	valid	LEAK	4070281 0593404335 35 8
invisible_char	ACCOUNT	works_0009__m1337_invisible	adversarial	mut:invisible		hidden	30‍1018 10600​000000603
invisible_char	ACCOUNT	works_0009__m1337_invisible	adversarial	mut:invisible	valid	hidden	407 028109867­572455‍27
invisible_char	ADDRESS	agency_0002__m1337_invisible	adversarial	mut:invisible		LEAK	Мос­ква, ‍Мира 68
invisible_char	ADDRESS	agency_0003__m1337_invisible	adversarial	mut:invisible		LEAK	Нов​осиби‍рск  Мир а 18
invisible_char	ADDRESS	agency_0009__m1337_invisible	adversarial	mut:invisible		LEAK	Мос ква Ле нина 47⁠/3 кв 67
invisible_char	ADDRESS	agency_0009__m1337_invisible	adversarial	mut:invisible		LEAK	Новос​ибир ск Лесная 3⁠4/4 кв 83
invisible_char	ADDRESS	agency_0009__m1337_invisible	adversarial	mut:invisible		LEAK	Самара‍ Победы 82­/4 ‍кв 79
invisible_char	ADDRESS	cession_0004__m2718_invisible	adversarial	mut:invisible		LEAK	Москва⁠ Проф‍союзная 88/1 кв‍ 33
invisible_char	ADDRESS	cession_0004__m2718_invisible	adversarial	mut:invisible		LEAK	Ново‍сиби⁠р‍ск, Лесная 11
invisible_char	ADDRESS	cession_0004__m2718_invisible	adversarial	mut:invisible		LEAK	Са нкт-Петербург, Советс⁠ка­я 63
invisible_char	ADDRESS	cession_0004__m2718_invisible	adversarial	mut:invisible		LEAK	Сан кт-П⁠етербург   Полевая 44
invisible_char	ADDRESS	labor_0010__m2718_invisible	adversarial	mut:invisible		LEAK	Химки,  Баум ана 12
invisible_char	ADDRESS	loan_0002__m1337_invisible	adversarial	mut:invisible		LEAK	Кр​асн огор­ск  Полевая 67
invisible_char	ADDRESS	loan_0003__m1337_invisible	adversarial	mut:invisible		LEAK	Свердлов­ская о бл., тер. ‍СНТ «Родник», уч. 232
invisible_char	ADDRESS	sale_0004__m2718_invisible	adversarial	mut:invisible		LEAK	а/я 24, г. ‍Новосиби рск,  630099
invisible_char	ADDRESS	sale_0004__m2718_invisible	adversarial	mut:invisible		LEAK	а/я 34, г. Воро неж­, 3 94000
invisible_char	ADDRESS	sale_0005__m1337_invisible	adversarial	mut:invisible		LEAK	Крас⁠ногор ск   Тверская 24
invisible_char	ADDRESS	supply_0001__m1337_invisible	adversarial	mut:invisible		LEAK	170100, ­г⁠. ​Тверь, пер. Тверская, д. 27, кв. 143
invisible_char	ADDRESS	works_0002__m2718_invisible	adversarial	mut:invisible		LEAK	Нижний ⁠Новгор од  Полева я 47
invisible_char	ADDRESS	works_0009__m1337_invisible	adversarial	mut:invisible		LEAK	К⁠расногорск ​ Гагар­ина 74
invisible_char	BIK	agency_0002__m1337_invisible	adversarial	mut:invisible		LEAK	04­4525225
invisible_char	BIK	agency_0002__m1337_invisible	adversarial	mut:invisible		hidden	04920 5603
invisible_char	BIK	agency_0003__m1337_invisible	adversarial	mut:invisible		LEAK	0445255­93
invisible_char	BIK	agency_0009__m1337_invisible	adversarial	mut:invisible		LEAK	044​525360
invisible_char	BIK	cession_0004__m2718_invisible	adversarial	mut:invisible		LEAK	044525 360
invisible_char	BIK	cession_0004__m2718_invisible	adversarial	mut:invisible		LEAK	0​44525974
invisible_char	BIK	cession_0004__m2718_invisible	adversarial	mut:invisible		LEAK	О445​25974
invisible_char	BIK	cession_0006__m1337_invisible	adversarial	mut:invisible		LEAK	04403­0790
invisible_char	BIK	cession_0006__m1337_invisible	adversarial	mut:invisible		LEAK	0­44525700
invisible_char	BIK	labor_0003__m1337_invisible	adversarial	mut:invisible		LEAK	044525 360
invisible_char	BIK	labor_0003__m1337_invisible	adversarial	mut:invisible		LEAK	ОЧЧ5253⁠60
invisible_char	BIK	labor_0009__m1337_invisible	adversarial	mut:invisible		LEAK	044525​593
invisible_char	BIK	labor_0010__m2718_invisible	adversarial	mut:invisible		LEAK	04452522⁠5
invisible_char	BIK	labor_0010__m2718_invisible	adversarial	mut:invisible		hidden	04Ч52​5593
invisible_char	BIK	labor_0012__m1337_invisible	adversarial	mut:invisible		LEAK	04920­5603
invisible_char	BIK	lease_0003__m1337_invisible	adversarial	mut:invisible		LEAK	04452 5974
invisible_char	BIK	loan_0002__m1337_invisible	adversarial	mut:invisible		LEAK	0445​25974
invisible_char	BIK	loan_0002__m1337_invisible	adversarial	mut:invisible		LEAK	044 525187
invisible_char	BIK	loan_0002__m1337_invisible	adversarial	mut:invisible		LEAK	О445251 87
invisible_char	BIK	loan_0003__m1337_invisible	adversarial	mut:invisible		LEAK	0 45004763
invisible_char	BIK	loan_0009__m1337_invisible	adversarial	mut:invisible		LEAK	0450047⁠63
invisible_char	BIK	sale_0004__m2718_invisible	adversarial	mut:invisible		LEAK	04452518 7
invisible_char	BIK	sale_0004__m2718_invisible	adversarial	mut:invisible		LEAK	04­4525225
invisible_char	BIK	sale_0005__m1337_invisible	adversarial	mut:invisible		LEAK	04452597 4
invisible_char	BIK	services_0003__m1337_invisible	adversarial	mut:invisible		LEAK	0445255­55
invisible_char	BIK	services_0003__m1337_invisible	adversarial	mut:invisible		LEAK	044 525360
invisible_char	BIK	services_0004__m2718_invisible	adversarial	mut:invisible		LEAK	0⁠44525555
invisible_char	BIK	services_0006__m1337_invisible	adversarial	mut:invisible		LEAK	04​4525700
invisible_char	BIK	services_0006__m1337_invisible	adversarial	mut:invisible		LEAK	0‍44525974
invisible_char	BIK	services_0009__m1337_invisible	adversarial	mut:invisible		LEAK	044‍525974
invisible_char	BIK	services_0009__m1337_invisible	adversarial	mut:invisible		LEAK	0­44030790
invisible_char	BIK	supply_0001__m1337_invisible	adversarial	mut:invisible		LEAK	04 4525187
invisible_char	BIK	supply_0001__m1337_invisible	adversarial	mut:invisible		LEAK	0 44525360
invisible_char	BIK	supply_0004__m2718_invisible	adversarial	mut:invisible		LEAK	044​030790
invisible_char	BIK	supply_0004__m2718_invisible	adversarial	mut:invisible		hidden	044‍525360
invisible_char	BIK	supply_0007__m1337_invisible	adversarial	mut:invisible		LEAK	0445255­55
invisible_char	BIK	supply_0007__m1337_invisible	adversarial	mut:invisible		LEAK	04‍9205603
invisible_char	BIK	supply_0013__m1337_invisible	adversarial	mut:invisible		LEAK	044525​555
invisible_char	BIK	works_0002__m2718_invisible	adversarial	mut:invisible		LEAK	0445⁠25187
invisible_char	BIK	works_0002__m2718_invisible	adversarial	mut:invisible		LEAK	О4Ч⁠О30790
invisible_char	BIK	works_0003__m1337_invisible	adversarial	mut:invisible		LEAK	0​45004763
invisible_char	BIK	works_0009__m1337_invisible	adversarial	mut:invisible		LEAK	0‍49205603
invisible_char	EMAIL	agency_0002__m1337_invisible	adversarial	mut:invisible		LEAK	b elyaev@si b​trans.ru
invisible_char	EMAIL	agency_0002__m1337_invisible	adversarial	mut:invisible		LEAK	s idorova@inbo​x.ru
invisible_char	EMAIL	agency_0003__m1337_invisible	adversarial	mut:invisible		LEAK	kuznec ova​@list.ru
invisible_char	EMAIL	agency_0003__m1337_invisible	adversarial	mut:invisible		LEAK	vin​ogrado‍v@mail.­ru
invisible_char	EMAIL	agency_0009__m1337_invisible	adversarial	mut:invisible		LEAK	ershova@l⁠is­t.ru
invisible_char	EMAIL	cession_0004__m2718_invisible	adversarial	mut:invisible		LEAK	maksim​ova@⁠yandex­.ru
invisible_char	EMAIL	cession_0004__m2718_invisible	adversarial	mut:invisible		LEAK	volkova@mai​l.​ru
invisible_char	EMAIL	cession_0005__m1337_invisible	adversarial	mut:invisible		LEAK	ni⁠kitina@sibtrans‍. ru
invisible_char	EMAIL	cession_0006__m1337_invisible	adversarial	mut:invisible		LEAK	kuzneco‍va@co rp-tehno.r‍u
invisible_char	EMAIL	cession_0006__m1337_invisible	adversarial	mut:invisible		LEAK	pa vlov@​gmail.com
invisible_char	EMAIL	labor_0003__m1337_invisible	adversarial	mut:invisible		LEAK	voro bev@in box.ru
invisible_char	EMAIL	labor_0009__m1337_invisible	adversarial	mut:invisible		LEAK	de@​bk.ru
invisible_char	EMAIL	labor_0009__m1337_invisible	adversarial	mut:invisible		LEAK	li‍@mail.ru
invisible_char	EMAIL	labor_0010__m2718_invisible	adversarial	mut:invisible		LEAK	m elnik@corp-t‍ehno.r­u
invisible_char	EMAIL	labor_0010__m2718_invisible	adversarial	mut:invisible		LEAK	sid­orov⁠@gmail.com
invisible_char	EMAIL	labor_0012__m1337_invisible	adversarial	mut:invisible		LEAK	ivano va@​gmail.com
invisible_char	EMAIL	labor_0012__m1337_invisible	adversarial	mut:invisible		LEAK	za‍yceva@yande x.ru
invisible_char	EMAIL	lease_0003__m1337_invisible	adversarial	mut:invisible		LEAK	guseva@b k.r‍u
invisible_char	EMAIL	lease_0003__m1337_invisible	adversarial	mut:invisible		LEAK	sokol ova@g⁠mail.­com
invisible_char	EMAIL	lease_0009__m1337_invisible	adversarial	mut:invisible		LEAK	belka‍@c orp-tehno​.ru
invisible_char	EMAIL	lease_0009__m1337_invisible	adversarial	mut:invisible		LEAK	novikov@s­ibtr­ans .ru
invisible_char	EMAIL	lease_0012__m2718_invisible	adversarial	mut:invisible		LEAK	smir​nova​@bk.ru
invisible_char	EMAIL	lease_0012__m2718_invisible	adversarial	mut:invisible		LEAK	soko lova@i nbox.ru
invisible_char	EMAIL	loan_0002__m1337_invisible	adversarial	mut:invisible		LEAK	pir‍og​ova@yande x.ru
invisible_char	EMAIL	loan_0003__m1337_invisible	adversarial	mut:invisible		LEAK	zay‍cev@gmai l.com
invisible_char	EMAIL	loan_0009__m1337_invisible	adversarial	mut:invisible		LEAK	kuz​necova​@list.ru
invisible_char	EMAIL	loan_0009__m1337_invisible	adversarial	mut:invisible		LEAK	maka‍rov@y­andex.ru
invisible_char	EMAIL	sale_0004__m2718_invisible	adversarial	mut:invisible		LEAK	ivanova.pet ro va@s⁠ibtrans.ru
invisible_char	EMAIL	sale_0004__m2718_invisible	adversarial	mut:invisible		LEAK	maksimova@ gma​il.co m
invisible_char	EMAIL	sale_0005__m1337_invisible	adversarial	mut:invisible		LEAK	ivanova@m­a​il.ru
invisible_char	EMAIL	sale_0011__m1337_invisible	adversarial	mut:invisible		LEAK	no‍vikov@bk. ru
invisible_char	EMAIL	sale_0011__m1337_invisible	adversarial	mut:invisible		LEAK	v­orobev@sibt­rans.‍ru
invisible_char	EMAIL	services_0003__m1337_invisible	adversarial	mut:invisible		LEAK	kisel@ro m­ashka.ru
invisible_char	EMAIL	services_0003__m1337_invisible	adversarial	mut:invisible		LEAK	kiselev@ gmai⁠l.com
invisible_char	EMAIL	services_0004__m2718_invisible	adversarial	mut:invisible		LEAK	b elov@c­orp-tehno‍.ru
invisible_char	EMAIL	services_0004__m2718_invisible	adversarial	mut:invisible		LEAK	o​rlov@⁠cor p-tehno.ru
invisible_char	EMAIL	services_0006__m1337_invisible	adversarial	mut:invisible		LEAK	fedorov@r om ashka.r u
invisible_char	EMAIL	services_0006__m1337_invisible	adversarial	mut:invisible		LEAK	pe tro⁠v@sibtrans.­ru
invisible_char	EMAIL	services_0009__m1337_invisible	adversarial	mut:invisible		LEAK	gusev​a‍@mail.ru
invisible_char	EMAIL	supply_0001__m1337_invisible	adversarial	mut:invisible		LEAK	leb­edeva@gma⁠il.co­m
invisible_char	EMAIL	supply_0001__m1337_invisible	adversarial	mut:invisible		LEAK	z a yceva@corp-tehno‍.ru
invisible_char	EMAIL	supply_0004__m2718_invisible	adversarial	mut:invisible		LEAK	nikit​ina@m‍ail.ru
invisible_char	EMAIL	supply_0004__m2718_invisible	adversarial	mut:invisible		LEAK	titova​@l ist.ru
invisible_char	EMAIL	supply_0006__m1337_invisible	adversarial	mut:invisible		LEAK	makarov@‍sib­tr ans.ru
invisible_char	EMAIL	supply_0006__m1337_invisible	adversarial	mut:invisible		LEAK	ni kitina@inb ox.ru
invisible_char	EMAIL	supply_0007__m1337_invisible	adversarial	mut:invisible		LEAK	ivan⁠ova@yan dex.ru
invisible_char	EMAIL	supply_0007__m1337_invisible	adversarial	mut:invisible		LEAK	smirnov a@list.​ru
invisible_char	EMAIL	supply_0013__m1337_invisible	adversarial	mut:invisible		LEAK	orlov@ma­i l.ru
invisible_char	EMAIL	supply_0013__m1337_invisible	adversarial	mut:invisible		LEAK	pirogova@ yan dex .ru
invisible_char	EMAIL	works_0002__m2718_invisible	adversarial	mut:invisible		LEAK	de@yan⁠dex­.ru
invisible_char	EMAIL	works_0002__m2718_invisible	adversarial	mut:invisible		LEAK	sm irnova@ya⁠nde x.ru
invisible_char	EMAIL	works_0003__m1337_invisible	adversarial	mut:invisible		LEAK	bel ka@list .ru
invisible_char	EMAIL	works_0009__m1337_invisible	adversarial	mut:invisible		LEAK	m⁠or‍ozova​@yandex.ru
invisible_char	EMAIL	works_0009__m1337_invisible	adversarial	mut:invisible		LEAK	oganesyan@⁠gma il.co‍m
invisible_char	INN	agency_0002__m1337_invisible	adversarial	mut:invisible	valid	LEAK	3668⁠224952 72
invisible_char	INN	agency_0002__m1337_invisible	adversarial	mut:invisible	valid	LEAK	36⁠682249­5272
invisible_char	INN	agency_0002__m1337_invisible	adversarial	mut:invisible	valid	hidden	07⁠63201410
invisible_char	INN	agency_0003__m1337_invisible	adversarial	mut:invisible		LEAK	9177­276266
invisible_char	INN	agency_0003__m1337_invisible	adversarial	mut:invisible	valid	LEAK	91772­76266
invisible_char	INN	agency_0009__m1337_invisible	adversarial	mut:invisible		hidden	764 9153997
invisible_char	INN	agency_0009__m1337_invisible	adversarial	mut:invisible	valid	hidden	2​771348⁠38781
invisible_char	INN	cession_0004__m2718_invisible	adversarial	mut:invisible		LEAK	253747995⁠2
invisible_char	INN	cession_0004__m2718_invisible	adversarial	mut:invisible		LEAK	25З747­9952
invisible_char	INN	cession_0004__m2718_invisible	adversarial	mut:invisible	valid	LEAK	253‍7479952
invisible_char	INN	cession_0004__m2718_invisible	adversarial	mut:invisible	valid	LEAK	4321992022⁠5‍8
invisible_char	INN	cession_0004__m2718_invisible	adversarial	mut:invisible	valid	LEAK	43⁠21​99202258
invisible_char	INN	cession_0005__m1337_invisible	adversarial	mut:invisible		hidden	198720 2275
invisible_char	INN	cession_0005__m1337_invisible	adversarial	mut:invisible	valid	LEAK	884051​899​450
invisible_char	INN	cession_0005__m1337_invisible	adversarial	mut:invisible	valid	hidden	578034​6415
invisible_char	INN	cession_0006__m1337_invisible	adversarial	mut:invisible	valid	LEAK	118277362 8‍22
invisible_char	INN	cession_0006__m1337_invisible	adversarial	mut:invisible	valid	LEAK	118⁠27736282­2
invisible_char	INN	cession_0006__m1337_invisible	adversarial	mut:invisible	valid	hidden	5424 90⁠082080
invisible_char	INN	cession_0006__m1337_invisible	adversarial	mut:invisible	valid	hidden	542‍4 90082080
invisible_char	INN	labor_0003__m1337_invisible	adversarial	mut:invisible		LEAK	318-­9​74-9893
invisible_char	INN	labor_0003__m1337_invisible	adversarial	mut:invisible		LEAK	3І8‍974989З
invisible_char	INN	labor_0003__m1337_invisible	adversarial	mut:invisible	valid	LEAK	318⁠9749893
invisible_char	INN	labor_0003__m1337_invisible	adversarial	mut:invisible	valid	LEAK	69375‍071 3322
invisible_char	INN	labor_0009__m1337_invisible	adversarial	mut:invisible	valid	LEAK	0 6​1718579747
invisible_char	INN	labor_0009__m1337_invisible	adversarial	mut:invisible	valid	hidden	1917­095446
invisible_char	INN	labor_0010__m2718_invisible	adversarial	mut:invisible		LEAK	457​І030Ч8 585
invisible_char	INN	labor_0010__m2718_invisible	adversarial	mut:invisible		LEAK	5⁠99393 588895
invisible_char	INN	labor_0010__m2718_invisible	adversarial	mut:invisible	valid	LEAK	45​71​03048585
invisible_char	INN	labor_0010__m2718_invisible	adversarial	mut:invisible	valid	LEAK	5­99393588 895
invisible_char	INN	labor_0010__m2718_invisible	adversarial	mut:invisible	valid	LEAK	5 9939⁠3588895
invisible_char	INN	labor_0012__m1337_invisible	adversarial	mut:invisible	valid	hidden	8806 2010131⁠5
invisible_char	INN	lease_0009__m1337_invisible	adversarial	mut:invisible	valid	hidden	401​261268⁠407
invisible_char	INN	lease_0009__m1337_invisible	adversarial	mut:invisible	valid	hidden	72009441‍82
invisible_char	INN	lease_0012__m2718_invisible	adversarial	mut:invisible		LEAK	313​-168-32‍7750
invisible_char	INN	lease_0012__m2718_invisible	adversarial	mut:invisible		LEAK	313 1 6832775 0
invisible_char	INN	lease_0012__m2718_invisible	adversarial	mut:invisible	valid	LEAK	24­359­2564376
invisible_char	INN	lease_0012__m2718_invisible	adversarial	mut:invisible	valid	LEAK	3131⁠6832­7750
invisible_char	INN	loan_0002__m1337_invisible	adversarial	mut:invisible		hidden	661944828⁠6
invisible_char	INN	loan_0002__m1337_invisible	adversarial	mut:invisible		hidden	661944828⁠б
invisible_char	INN	loan_0002__m1337_invisible	adversarial	mut:invisible	valid	LEAK	0667‍3​9141431
invisible_char	INN	loan_0002__m1337_invisible	adversarial	mut:invisible	valid	LEAK	066‍73914­1431
invisible_char	INN	loan_0003__m1337_invisible	adversarial	mut:invisible		hidden	556⁠2653470
invisible_char	INN	loan_0003__m1337_invisible	adversarial	mut:invisible	valid	hidden	3  986  171 934
invisible_char	INN	loan_0003__m1337_invisible	adversarial	mut:invisible	valid	hidden	935023‍06⁠4684
invisible_char	INN	loan_0009__m1337_invisible	adversarial	mut:invisible		hidden	87108­11657
invisible_char	INN	loan_0009__m1337_invisible	adversarial	mut:invisible	valid	LEAK	22697‍46554⁠12
invisible_char	INN	loan_0009__m1337_invisible	adversarial	mut:invisible	valid	hidden	8710811 657
invisible_char	INN	sale_0004__m2718_invisible	adversarial	mut:invisible	valid	LEAK	5577172⁠87­940
invisible_char	INN	sale_0004__m2718_invisible	adversarial	mut:invisible	valid	LEAK	5883784­675
invisible_char	INN	sale_0004__m2718_invisible	adversarial	mut:invisible	valid	LEAK	5‍57‍717287940
invisible_char	INN	sale_0005__m1337_invisible	adversarial	mut:invisible		LEAK	61498351⁠57
invisible_char	INN	sale_0005__m1337_invisible	adversarial	mut:invisible	valid	LEAK	614­9835157
invisible_char	INN	sale_0005__m1337_invisible	adversarial	mut:invisible	valid	hidden	39492​259723 4
invisible_char	INN	sale_0011__m1337_invisible	adversarial	mut:invisible		hidden	9010509​178
invisible_char	INN	sale_0011__m1337_invisible	adversarial	mut:invisible	valid	LEAK	10‍62528849​15
invisible_char	INN	sale_0011__m1337_invisible	adversarial	mut:invisible	valid	hidden	16495‍72933
invisible_char	INN	services_0003__m1337_invisible	adversarial	mut:invisible	valid	hidden	02432730‍95
invisible_char	INN	services_0003__m1337_invisible	adversarial	mut:invisible	valid	hidden	328631682‍4
invisible_char	INN	services_0006__m1337_invisible	adversarial	mut:invisible	valid	LEAK	5⁠327707​68180
invisible_char	INN	services_0006__m1337_invisible	adversarial	mut:invisible	valid	LEAK	5⁠32 770768180
invisible_char	INN	services_0006__m1337_invisible	adversarial	mut:invisible	valid	LEAK	69665117​4­202
invisible_char	INN	services_0006__m1337_invisible	adversarial	mut:invisible	valid	LEAK	69665⁠117‍4202
invisible_char	INN	services_0009__m1337_invisible	adversarial	mut:invisible	valid	LEAK	855‍6126167
invisible_char	INN	services_0009__m1337_invisible	adversarial	mut:invisible	valid	hidden	255792⁠8606
invisible_char	INN	supply_0001__m1337_invisible	adversarial	mut:invisible	valid	hidden	286233​5730
invisible_char	INN	supply_0001__m1337_invisible	adversarial	mut:invisible	valid	hidden	97146‍75799
invisible_char	INN	supply_0004__m2718_invisible	adversarial	mut:invisible	valid	LEAK	6334732 2992⁠0
invisible_char	INN	supply_0004__m2718_invisible	adversarial	mut:invisible	valid	LEAK	6334​73⁠229920
invisible_char	INN	supply_0004__m2718_invisible	adversarial	mut:invisible	valid	LEAK	787​6051787⁠08
invisible_char	INN	supply_0004__m2718_invisible	adversarial	mut:invisible	valid	LEAK	78­76⁠05178708
invisible_char	INN	supply_0006__m1337_invisible	adversarial	mut:invisible	valid	LEAK	458‍27​1955379
invisible_char	INN	supply_0006__m1337_invisible	adversarial	mut:invisible	valid	LEAK	6485 9397826 7
invisible_char	INN	supply_0007__m1337_invisible	adversarial	mut:invisible	valid	hidden	503842916​5
invisible_char	INN	supply_0013__m1337_invisible	adversarial	mut:invisible	valid	hidden	546893276­5
invisible_char	INN	supply_0013__m1337_invisible	adversarial	mut:invisible	valid	hidden	8938885­889
invisible_char	INN	works_0002__m2718_invisible	adversarial	mut:invisible		LEAK	05423 74415
invisible_char	INN	works_0002__m2718_invisible	adversarial	mut:invisible		LEAK	0542З74­415
invisible_char	INN	works_0002__m2718_invisible	adversarial	mut:invisible	valid	LEAK	0 542 ​37­4 415
invisible_char	INN	works_0002__m2718_invisible	adversarial	mut:invisible	valid	LEAK	8383889 608 51
invisible_char	INN	works_0002__m2718_invisible	adversarial	mut:invisible	valid	LEAK	838​3­88960851
invisible_char	INN	works_0003__m1337_invisible	adversarial	mut:invisible		hidden	077153‍8150
invisible_char	INN	works_0003__m1337_invisible	adversarial	mut:invisible	valid	LEAK	9​4335​2390816
invisible_char	INN	works_0003__m1337_invisible	adversarial	mut:invisible	valid	hidden	2283‍780056
invisible_char	INN	works_0009__m1337_invisible	adversarial	mut:invisible		hidden	102606685​8
invisible_char	INN	works_0009__m1337_invisible	adversarial	mut:invisible	valid	LEAK	9956‍6828943‍0
invisible_char	INN	works_0009__m1337_invisible	adversarial	mut:invisible	valid	hidden	102606685 8
invisible_char	KPP	agency_0003__m1337_invisible	adversarial	mut:invisible		hidden	80774 5661
invisible_char	KPP	agency_0009__m1337_invisible	adversarial	mut:invisible		LEAK	5537⁠55830
invisible_char	KPP	cession_0004__m2718_invisible	adversarial	mut:invisible		LEAK	2417757‍96
invisible_char	KPP	cession_0004__m2718_invisible	adversarial	mut:invisible		LEAK	24177­5796
invisible_char	KPP	cession_0005__m1337_invisible	adversarial	mut:invisible		hidden	66200 5550
invisible_char	KPP	lease_0009__m1337_invisible	adversarial	mut:invisible		hidden	216953­647
invisible_char	KPP	loan_0002__m1337_invisible	adversarial	mut:invisible		LEAK	40715679⁠0
invisible_char	KPP	loan_0002__m1337_invisible	adversarial	mut:invisible		LEAK	4071⁠56790
invisible_char	KPP	loan_0003__m1337_invisible	adversarial	mut:invisible		hidden	77578⁠7474
invisible_char	KPP	loan_0009__m1337_invisible	adversarial	mut:invisible		hidden	9304474‍28
invisible_char	KPP	loan_0009__m1337_invisible	adversarial	mut:invisible		hidden	9304 47428
invisible_char	KPP	sale_0004__m2718_invisible	adversarial	mut:invisible		LEAK	4239⁠19130
invisible_char	KPP	sale_0005__m1337_invisible	adversarial	mut:invisible		LEAK	39396215­1
invisible_char	KPP	sale_0005__m1337_invisible	adversarial	mut:invisible		LEAK	393­962151
invisible_char	KPP	services_0003__m1337_invisible	adversarial	mut:invisible		hidden	336­875395
invisible_char	KPP	services_0003__m1337_invisible	adversarial	mut:invisible		hidden	4453814­94
invisible_char	KPP	services_0009__m1337_invisible	adversarial	mut:invisible		hidden	209⁠850885
invisible_char	KPP	supply_0001__m1337_invisible	adversarial	mut:invisible		hidden	55 9361337
invisible_char	KPP	supply_0001__m1337_invisible	adversarial	mut:invisible		hidden	70043 0818
invisible_char	KPP	supply_0007__m1337_invisible	adversarial	mut:invisible		hidden	240‍565064
invisible_char	KPP	supply_0013__m1337_invisible	adversarial	mut:invisible		hidden	110­952465
invisible_char	KPP	supply_0013__m1337_invisible	adversarial	mut:invisible		hidden	982​952657
invisible_char	KPP	works_0002__m2718_invisible	adversarial	mut:invisible		LEAK	728755​858
invisible_char	KPP	works_0002__m2718_invisible	adversarial	mut:invisible		LEAK	7287­55858
invisible_char	KPP	works_0003__m1337_invisible	adversarial	mut:invisible		hidden	1840­68190
invisible_char	KPP	works_0009__m1337_invisible	adversarial	mut:invisible		LEAK	72­0111650
invisible_char	KPP	works_0009__m1337_invisible	adversarial	mut:invisible		LEAK	72‍0111650
invisible_char	OGRN	agency_0002__m1337_invisible	adversarial	mut:invisible	valid	LEAK	1004251‍93452­1
invisible_char	OGRN	agency_0002__m1337_invisible	adversarial	mut:invisible	valid	hidden	368288336787 0​64
invisible_char	OGRN	agency_0003__m1337_invisible	adversarial	mut:invisible	valid	LEAK	17512­7990‍3956
invisible_char	OGRN	agency_0009__m1337_invisible	adversarial	mut:invisible	valid	hidden	180049 8­399887
invisible_char	OGRN	cession_0004__m2718_invisible	adversarial	mut:invisible	valid	LEAK	1‍06217363‍7316
invisible_char	OGRN	cession_0004__m2718_invisible	adversarial	mut:invisible	valid	hidden	3 84018544536⁠164
invisible_char	OGRN	cession_0005__m1337_invisible	adversarial	mut:invisible	valid	LEAK	1⁠241058⁠397975
invisible_char	OGRN	cession_0006__m1337_invisible	adversarial	mut:invisible	valid	LEAK	37083 60‍28662928
invisible_char	OGRN	cession_0006__m1337_invisible	adversarial	mut:invisible	valid	hidden	305549 0‍97967720
invisible_char	OGRN	labor_0003__m1337_invisible	adversarial	mut:invisible	valid	hidden	122848035⁠619 1
invisible_char	OGRN	labor_0009__m1337_invisible	adversarial	mut:invisible	valid	hidden	189 9‍539524014
invisible_char	OGRN	labor_0010__m2718_invisible	adversarial	mut:invisible	valid	LEAK	34174205­918­8541
invisible_char	OGRN	labor_0012__m1337_invisible	adversarial	mut:invisible	valid	hidden	15292⁠4​3535842
invisible_char	OGRN	lease_0009__m1337_invisible	adversarial	mut:invisible	valid	LEAK	187⁠56751297 35
invisible_char	OGRN	loan_0002__m1337_invisible	adversarial	mut:invisible	valid	LEAK	1257­56164513​1
invisible_char	OGRN	loan_0002__m1337_invisible	adversarial	mut:invisible	valid	hidden	3098­51‍813898446
invisible_char	OGRN	loan_0003__m1337_invisible	adversarial	mut:invisible	valid	LEAK	1 ⁠780 050 9‍40 305
invisible_char	OGRN	loan_0009__m1337_invisible	adversarial	mut:invisible	valid	LEAK	188 55610⁠51451
invisible_char	OGRN	sale_0004__m2718_invisible	adversarial	mut:invisible	valid	LEAK	18​151 98063195
invisible_char	OGRN	sale_0004__m2718_invisible	adversarial	mut:invisible	valid	LEAK	3­688150 74584840
invisible_char	OGRN	sale_0005__m1337_invisible	adversarial	mut:invisible	valid	LEAK	1646​9358909⁠85
invisible_char	OGRN	sale_0011__m1337_invisible	adversarial	mut:invisible	valid	LEAK	118150­44767‍13
invisible_char	OGRN	services_0003__m1337_invisible	adversarial	mut:invisible	valid	LEAK	1096299 651­304
invisible_char	OGRN	services_0003__m1337_invisible	adversarial	mut:invisible	valid	LEAK	14 7207109731 0
invisible_char	OGRN	services_0006__m1337_invisible	adversarial	mut:invisible	valid	hidden	369050397⁠5713​54
invisible_char	OGRN	services_0006__m1337_invisible	adversarial	mut:invisible	valid	hidden	38695111⁠563186 0
invisible_char	OGRN	services_0009__m1337_invisible	adversarial	mut:invisible	valid	LEAK	11962302​954​69
invisible_char	OGRN	services_0009__m1337_invisible	adversarial	mut:invisible	valid	LEAK	17859910 111 56
invisible_char	OGRN	supply_0001__m1337_invisible	adversarial	mut:invisible	valid	LEAK	17­2072763087­5
invisible_char	OGRN	supply_0001__m1337_invisible	adversarial	mut:invisible	valid	hidden	100271340 5‍232
invisible_char	OGRN	supply_0004__m2718_invisible	adversarial	mut:invisible	valid	hidden	34‍206​3575288663
invisible_char	OGRN	supply_0004__m2718_invisible	adversarial	mut:invisible	valid	hidden	38145­980388⁠0535
invisible_char	OGRN	supply_0007__m1337_invisible	adversarial	mut:invisible	valid	LEAK	140400​441196 4
invisible_char	OGRN	supply_0007__m1337_invisible	adversarial	mut:invisible	valid	LEAK	18759⁠523­06107
invisible_char	OGRN	supply_0013__m1337_invisible	adversarial	mut:invisible	valid	LEAK	11598250⁠203⁠32
invisible_char	OGRN	supply_0013__m1337_invisible	adversarial	mut:invisible	valid	hidden	117936752‍396⁠1
invisible_char	OGRN	works_0002__m2718_invisible	adversarial	mut:invisible	valid	hidden	1  539 449 20‍5 096
invisible_char	OGRN	works_0002__m2718_invisible	adversarial	mut:invisible	valid	hidden	344146 4 59739259
invisible_char	OGRN	works_0003__m1337_invisible	adversarial	mut:invisible	valid	hidden	1­464​284732339
invisible_char	OGRN	works_0009__m1337_invisible	adversarial	mut:invisible	valid	LEAK	118 76⁠76555351
invisible_char	ORG	cession_0004__m2718_invisible	adversarial	mut:invisible		LEAK	Петров К​онсалт инг
invisible_char	ORG	cession_0004__m2718_invisible	adversarial	mut:invisible		LEAK	Петров‍ Консалт инг
invisible_char	ORG	cession_0004__m2718_invisible	adversarial	mut:invisible		LEAK	Петро⁠в Ко нсалтинг
invisible_char	ORG	labor_0003__m1337_invisible	adversarial	mut:invisible		hidden	О­О‍О «Иванов»
invisible_char	ORG	lease_0003__m1337_invisible	adversarial	mut:invisible		LEAK	ПА‍О « Ромашк⁠а-Плюс»
invisible_char	ORG	lease_0009__m1337_invisible	adversarial	mut:invisible		LEAK	ООО‍ «Стройинвес⁠т»
invisible_char	ORG	loan_0009__m1337_invisible	adversarial	mut:invisible		LEAK	ОО­О М еридиан
invisible_char	ORG	loan_0009__m1337_invisible	adversarial	mut:invisible		LEAK	ООО‍  «Меридиан»
invisible_char	ORG	sale_0005__m1337_invisible	adversarial	mut:invisible		LEAK	О​ОО «Гр анит»
invisible_char	ORG	sale_0011__m1337_invisible	adversarial	mut:invisible		LEAK	ОО​О «Мед⁠ведев»
invisible_char	ORG	services_0004__m2718_invisible	adversarial	mut:invisible		LEAK	О⁠ОО «Альтаи р»
invisible_char	ORG	services_0009__m1337_invisible	adversarial	mut:invisible		LEAK	ООО​ «Соко лов»
invisible_char	ORG	services_0009__m1337_invisible	adversarial	mut:invisible		LEAK	ОО⁠О «И ванов»
invisible_char	ORG	supply_0007__m1337_invisible	adversarial	mut:invisible		LEAK	А­О⁠ «Василёк»
invisible_char	ORG	supply_0013__m1337_invisible	adversarial	mut:invisible		LEAK	АО ⁠«Северн ый Вет‍ер»
invisible_char	ORG	supply_0013__m1337_invisible	adversarial	mut:invisible		LEAK	А О  «Северный Вете⁠р»
invisible_char	ORG	works_0002__m2718_invisible	adversarial	mut:invisible		LEAK	АО ‍«Альтаир­»
invisible_char	ORG	works_0009__m1337_invisible	adversarial	mut:invisible		LEAK	ООО ‍Медв⁠едев
invisible_char	PASSPORT	agency_0003__m1337_invisible	adversarial	mut:invisible		LEAK	13 10  0⁠06794
invisible_char	PASSPORT	agency_0003__m1337_invisible	adversarial	mut:invisible		LEAK	13­ 10 ­006794
invisible_char	PASSPORT	agency_0003__m1337_invisible	adversarial	mut:invisible		LEAK	275-5 92
invisible_char	PASSPORT	agency_0003__m1337_invisible	adversarial	mut:invisible		LEAK	275-5­92
invisible_char	PASSPORT	agency_0009__m1337_invisible	adversarial	mut:invisible		LEAK	82­6-644
invisible_char	PASSPORT	agency_0009__m1337_invisible	adversarial	mut:invisible		hidden	38 10 5492 5 2
invisible_char	PASSPORT	agency_0009__m1337_invisible	adversarial	mut:invisible		hidden	38 ‍10‍ 549252
invisible_char	PASSPORT	cession_0005__m1337_invisible	adversarial	mut:invisible		LEAK	699-26​4
invisible_char	PASSPORT	cession_0005__m1337_invisible	adversarial	mut:invisible		LEAK	699-2 64
invisible_char	PASSPORT	cession_0005__m1337_invisible	adversarial	mut:invisible		hidden	32  24­ 111336
invisible_char	PASSPORT	cession_0005__m1337_invisible	adversarial	mut:invisible		hidden	3‍2 24 1 11336
invisible_char	PASSPORT	labor_0003__m1337_invisible	adversarial	mut:invisible		LEAK	38 01 8 9 0562
invisible_char	PASSPORT	labor_0003__m1337_invisible	adversarial	mut:invisible		LEAK	38 ​0​1 890562
invisible_char	PASSPORT	labor_0003__m1337_invisible	adversarial	mut:invisible		LEAK	50 4-992
invisible_char	PASSPORT	labor_0009__m1337_invisible	adversarial	mut:invisible		LEAK	76 ­09 94​1391
invisible_char	PASSPORT	labor_0009__m1337_invisible	adversarial	mut:invisible		LEAK	76‍ 09​ 941391
invisible_char	PASSPORT	labor_0009__m1337_invisible	adversarial	mut:invisible		hidden	247-9­37
invisible_char	PASSPORT	labor_0009__m1337_invisible	adversarial	mut:invisible		hidden	2‍47-937
invisible_char	PASSPORT	labor_0010__m2718_invisible	adversarial	mut:invisible		LEAK	04­5-121
invisible_char	PASSPORT	labor_0010__m2718_invisible	adversarial	mut:invisible		LEAK	54 10 6‍2443 4
invisible_char	PASSPORT	labor_0010__m2718_invisible	adversarial	mut:invisible		LEAK	54 1­0 62 4434
invisible_char	PASSPORT	labor_0012__m1337_invisible	adversarial	mut:invisible		LEAK	07  1⁠9 053498
invisible_char	PASSPORT	labor_0012__m1337_invisible	adversarial	mut:invisible		LEAK	0‍7 19 053 498
invisible_char	PASSPORT	labor_0012__m1337_invisible	adversarial	mut:invisible		LEAK	105-7 72
invisible_char	PASSPORT	labor_0012__m1337_invisible	adversarial	mut:invisible		LEAK	10​5-772
invisible_char	PASSPORT	lease_0003__m1337_invisible	adversarial	mut:invisible		LEAK	31 21 ­174 310
invisible_char	PASSPORT	lease_0003__m1337_invisible	adversarial	mut:invisible		LEAK	31⁠ 2­1 174310
invisible_char	PASSPORT	lease_0003__m1337_invisible	adversarial	mut:invisible		hidden	205‍-879
invisible_char	PASSPORT	lease_0003__m1337_invisible	adversarial	mut:invisible		hidden	2​05-879
invisible_char	PASSPORT	lease_0009__m1337_invisible	adversarial	mut:invisible		LEAK	87 15 32­3 953
invisible_char	PASSPORT	lease_0009__m1337_invisible	adversarial	mut:invisible		LEAK	87 15  32395‍3
invisible_char	PASSPORT	lease_0009__m1337_invisible	adversarial	mut:invisible		LEAK	907-10­8
invisible_char	PASSPORT	lease_0009__m1337_invisible	adversarial	mut:invisible		LEAK	907-10​8
invisible_char	PASSPORT	lease_0012__m2718_invisible	adversarial	mut:invisible		LEAK	641​-413
invisible_char	PASSPORT	lease_0012__m2718_invisible	adversarial	mut:invisible		LEAK	64­1-413
invisible_char	PASSPORT	lease_0012__m2718_invisible	adversarial	mut:invisible		LEAK	668​-653
invisible_char	PASSPORT	lease_0012__m2718_invisible	adversarial	mut:invisible		LEAK	668‍-653
invisible_char	PASSPORT	lease_0012__m2718_invisible	adversarial	mut:invisible		LEAK	82 1 9 5­90023
invisible_char	PASSPORT	lease_0012__m2718_invisible	adversarial	mut:invisible		LEAK	82  19 59002 3
invisible_char	PASSPORT	lease_0012__m2718_invisible	adversarial	mut:invisible		hidden	61 14­ 735 102
invisible_char	PASSPORT	lease_0012__m2718_invisible	adversarial	mut:invisible		hidden	61  1‍4 735102
invisible_char	PASSPORT	loan_0003__m1337_invisible	adversarial	mut:invisible		LEAK	06 2 4 57099­8
invisible_char	PASSPORT	loan_0003__m1337_invisible	adversarial	mut:invisible		LEAK	06­ 24 570 998
invisible_char	PASSPORT	loan_0003__m1337_invisible	adversarial	mut:invisible		LEAK	708-​657
invisible_char	PASSPORT	loan_0003__m1337_invisible	adversarial	mut:invisible		LEAK	70 8-657
invisible_char	PASSPORT	loan_0009__m1337_invisible	adversarial	mut:invisible		LEAK	62 4-830
invisible_char	PASSPORT	loan_0009__m1337_invisible	adversarial	mut:invisible		LEAK	6 24-830
invisible_char	PASSPORT	loan_0009__m1337_invisible	adversarial	mut:invisible		hidden	8 8 04 53761⁠8
invisible_char	PASSPORT	loan_0009__m1337_invisible	adversarial	mut:invisible		hidden	8­8 0​4 537618
invisible_char	PASSPORT	sale_0005__m1337_invisible	adversarial	mut:invisible		LEAK	02⁠9-306
invisible_char	PASSPORT	sale_0005__m1337_invisible	adversarial	mut:invisible		LEAK	0​29-306
invisible_char	PASSPORT	sale_0005__m1337_invisible	adversarial	mut:invisible		LEAK	12 25 99 87​58
invisible_char	PASSPORT	sale_0005__m1337_invisible	adversarial	mut:invisible		LEAK	12 25 ⁠9987​58
invisible_char	PASSPORT	sale_0011__m1337_invisible	adversarial	mut:invisible		LEAK	43 02 0 1 3071
invisible_char	PASSPORT	sale_0011__m1337_invisible	adversarial	mut:invisible		LEAK	43  02⁠ 013071
invisible_char	PASSPORT	sale_0011__m1337_invisible	adversarial	mut:invisible		hidden	2­63-964
invisible_char	PASSPORT	sale_0011__m1337_invisible	adversarial	mut:invisible		hidden	2⁠63-964
invisible_char	PASSPORT	supply_0006__m1337_invisible	adversarial	mut:invisible		LEAK	30 03 30 94­19
invisible_char	PASSPORT	supply_0006__m1337_invisible	adversarial	mut:invisible		LEAK	30 03 3­0‍9419
invisible_char	PASSPORT	supply_0006__m1337_invisible	adversarial	mut:invisible		LEAK	47 6-485
invisible_char	PASSPORT	supply_0006__m1337_invisible	adversarial	mut:invisible		LEAK	47​6-485
invisible_char	PASSPORT	supply_0006__m1337_invisible	adversarial	mut:invisible		LEAK	665-1‍26
invisible_char	PASSPORT	supply_0006__m1337_invisible	adversarial	mut:invisible		LEAK	665-⁠126
invisible_char	PASSPORT	supply_0006__m1337_invisible	adversarial	mut:invisible		hidden	09 0​8  941013
invisible_char	PASSPORT	supply_0006__m1337_invisible	adversarial	mut:invisible		hidden	0­9​ 08 941013
invisible_char	PASSPORT	works_0003__m1337_invisible	adversarial	mut:invisible		LEAK	65 18 66­7‍977
invisible_char	PASSPORT	works_0003__m1337_invisible	adversarial	mut:invisible		LEAK	6‍5 18 66 7977
invisible_char	PASSPORT	works_0003__m1337_invisible	adversarial	mut:invisible		hidden	71⁠0-697
invisible_char	PASSPORT	works_0003__m1337_invisible	adversarial	mut:invisible		hidden	7​10-697
invisible_char	PASSPORT	works_0009__m1337_invisible	adversarial	mut:invisible		LEAK	28 07 ­698​271
invisible_char	PASSPORT	works_0009__m1337_invisible	adversarial	mut:invisible		LEAK	28 0⁠7 69827 1
invisible_char	PASSPORT	works_0009__m1337_invisible	adversarial	mut:invisible		LEAK	308-­065
invisible_char	PER	agency_0002__m1337_invisible	adversarial	mut:invisible		LEAK	Беляев Олег‍ ‍Олегов ич
invisible_char	PER	agency_0002__m1337_invisible	adversarial	mut:invisible		LEAK	Беляев  Оле­г Олего вич
invisible_char	PER	agency_0002__m1337_invisible	adversarial	mut:invisible		hidden	Бе ляе‍в О. О.
invisible_char	PER	agency_0003__m1337_invisible	adversarial	mut:invisible		LEAK	кузне⁠цо­вой марией ‍дмитриевной
invisible_char	PER	agency_0009__m1337_invisible	adversarial	mut:invisible		LEAK	Ершова Тать­яна Д митриевн а
invisible_char	PER	agency_0009__m1337_invisible	adversarial	mut:invisible		LEAK	Н. ​Н. Павло­в
invisible_char	PER	cession_0004__m2718_invisible	adversarial	mut:invisible		LEAK	В­ол⁠кова М ария Юрьевна
invisible_char	PER	cession_0004__m2718_invisible	adversarial	mut:invisible		LEAK	В​олкова М . Ю.
invisible_char	PER	cession_0004__m2718_invisible	adversarial	mut:invisible		LEAK	Мaкcиmова С‍ветлaна В​лади мировна
invisible_char	PER	cession_0004__m2718_invisible	adversarial	mut:invisible		LEAK	С. В​. Максим⁠ова
invisible_char	PER	cession_0006__m1337_invisible	adversarial	mut:invisible		LEAK	Кузнецова Юлия В ладимиро вн‍а
invisible_char	PER	cession_0006__m1337_invisible	adversarial	mut:invisible		LEAK	Кузнецова Юл⁠ия Вл адимир⁠овна
invisible_char	PER	cession_0006__m1337_invisible	adversarial	mut:invisible		LEAK	Павлов Владим⁠ир­ Егоров​ич
invisible_char	PER	cession_0006__m1337_invisible	adversarial	mut:invisible		LEAK	Павлов⁠ ‍В. Е.
invisible_char	PER	cession_0006__m1337_invisible	adversarial	mut:invisible		LEAK	павловы м⁠ вла­димиром егоровичем
invisible_char	PER	labor_0003__m1337_invisible	adversarial	mut:invisible		LEAK	Лeбедева  Еkaт​ер­ина Пaвловна
invisible_char	PER	labor_0003__m1337_invisible	adversarial	mut:invisible		LEAK	Лебеде​ва ⁠Е. П.
invisible_char	PER	labor_0003__m1337_invisible	adversarial	mut:invisible		hidden	Лебеде вой Екате⁠рины Павл⁠овны
invisible_char	PER	labor_0009__m1337_invisible	adversarial	mut:invisible		LEAK	Ли В​.
invisible_char	PER	labor_0009__m1337_invisible	adversarial	mut:invisible		LEAK	Ли ⁠Вэй
invisible_char	PER	labor_0009__m1337_invisible	adversarial	mut:invisible		LEAK	де Врис Й­.
invisible_char	PER	labor_0010__m2718_invisible	adversarial	mut:invisible		LEAK	Д.Ю.Мельни​к
invisible_char	PER	labor_0010__m2718_invisible	adversarial	mut:invisible		LEAK	Мель н ик Дмитри­й Юрьевич
invisible_char	PER	labor_0010__m2718_invisible	adversarial	mut:invisible		LEAK	Сидоров‍ Ю.­ О.
invisible_char	PER	labor_0012__m1337_invisible	adversarial	mut:invisible		LEAK	и​вано​во й ириной юрьевной
invisible_char	PER	lease_0003__m1337_invisible	adversarial	mut:invisible		LEAK	И. А. Со кол­ова
invisible_char	PER	lease_0009__m1337_invisible	adversarial	mut:invisible		LEAK	Белка ⁠А. М.
invisible_char	PER	lease_0009__m1337_invisible	adversarial	mut:invisible		hidden	Белкы А нны  Михайл овны
invisible_char	PER	lease_0012__m2718_invisible	adversarial	mut:invisible		LEAK	Сми​рнова ‍И. П.
invisible_char	PER	loan_0002__m1337_invisible	adversarial	mut:invisible		LEAK	П​ирог​овa На талья Михaйлoвна
invisible_char	PER	loan_0002__m1337_invisible	adversarial	mut:invisible		LEAK	Смирн­ов ‍В. А.
invisible_char	PER	loan_0002__m1337_invisible	adversarial	mut:invisible		LEAK	Смирнов  Владим⁠ир Алексеев‍ич
invisible_char	PER	loan_0002__m1337_invisible	adversarial	mut:invisible		LEAK	Смир⁠нов В​. А.
invisible_char	PER	loan_0003__m1337_invisible	adversarial	mut:invisible		LEAK	Зай⁠цев Михаил Ол­егов​ич
invisible_char	PER	loan_0003__m1337_invisible	adversarial	mut:invisible		LEAK	За‍й⁠цев М. О.
invisible_char	PER	loan_0003__m1337_invisible	adversarial	mut:invisible		LEAK	Мороз ов ​С. А.
invisible_char	PER	loan_0003__m1337_invisible	adversarial	mut:invisible		LEAK	Моро​зов Сергей А‍ндр⁠еевич
invisible_char	PER	loan_0009__m1337_invisible	adversarial	mut:invisible		LEAK	Мака‍ров П⁠. И.
invisible_char	PER	loan_0009__m1337_invisible	adversarial	mut:invisible		LEAK	к уз нецовой дарьей владим​ировной
invisible_char	PER	sale_0004	adversarial	invisible_chars		LEAK	Иванова-⁠Петрова Алла ‍Юрьевна
invisible_char	PER	sale_0004__m1337_cell_split	adversarial	invisible_chars		LEAK	Иванова-⁠Петрова Алла ‍Юрьевна
invisible_char	PER	sale_0004__m2718_invisible	adversarial	mut:invisible		LEAK	И ванова-Пе­трова А. Ю­.
invisible_char	PER	sale_0004__m2718_invisible	adversarial	mut:invisible		LEAK	Иванова-Петрова Алла​  Юрь​евна
invisible_char	PER	sale_0004__m2718_invisible	adversarial	mut:invisible		LEAK	Иванова-⁠Петро­ва Ал ла  ‍Юрьевна
invisible_char	PER	sale_0004__m2718_invisible	adversarial	mut:invisible		hidden	Волк‍ов Ол е⁠г Павлович
invisible_char	PER	sale_0004__m2718_invisible	adversarial	mut:invisible		hidden	Ив ановой-Петров⁠ой А‍лле Юрьевне
invisible_char	PER	sale_0005__m1337_invisible	adversarial	mut:invisible		LEAK	И‍вано‍ва Юлия ‍Сергеевна
invisible_char	PER	sale_0005__m1337_invisible	adversarial	mut:invisible		LEAK	Леб‍едева В. П .
invisible_char	PER	sale_0005__m1337_invisible	adversarial	mut:invisible		LEAK	ивановой ​ю​лией сер‍геевной
invisible_char	PER	sale_0005__m1337_invisible	adversarial	mut:invisible		hidden	Попов Ан­дрей​ Ник олаевич
invisible_char	PER	sale_0011	adversarial	invisible_chars		LEAK	Воробьё­в Пётр А лексеевич
invisible_char	PER	sale_0011__m1337_invisible	adversarial	mut:invisible		LEAK	Воробь ёв ‍П. А.
invisible_char	PER	services_0003__m1337_invisible	adversarial	mut:invisible		LEAK	Кисель  А.​ С.
invisible_char	PER	services_0004__m2718_invisible	adversarial	mut:invisible		LEAK	Бел­ов Р. Д.
invisible_char	PER	services_0004__m2718_invisible	adversarial	mut:invisible		LEAK	Белов Роман​ Дми​т риевич
invisible_char	PER	services_0004__m2718_invisible	adversarial	mut:invisible		LEAK	Бел​ов Р. Д.
invisible_char	PER	services_0006__m1337_invisible	adversarial	mut:invisible		LEAK	Петров Влади мир Д‍м­итриевич
invisible_char	PER	services_0006__m1337_invisible	adversarial	mut:invisible		LEAK	Петр⁠ов В⁠. Д.
invisible_char	PER	services_0006__m1337_invisible	adversarial	mut:invisible		LEAK	Фёдоров А​.  Д.
invisible_char	PER	services_0006__m1337_invisible	adversarial	mut:invisible		LEAK	Фёдоро‍в ​А. Д.
invisible_char	PER	services_0009__m1337_invisible	adversarial	mut:invisible		LEAK	Синиц⁠а А. ­А.
invisible_char	PER	services_0009__m1337_invisible	adversarial	mut:invisible		LEAK	С​иницы Анны А⁠лексеев ны
invisible_char	PER	services_0009__m1337_invisible	adversarial	mut:invisible		hidden	Гусевой‍ Марии Михай л овны
invisible_char	PER	supply_0004__m2718_invisible	adversarial	mut:invisible		LEAK	Никитин­а  Е. Д.
invisible_char	PER	supply_0004__m2718_invisible	adversarial	mut:invisible		LEAK	Т‍итова И . А.
invisible_char	PER	supply_0004__m2718_invisible	adversarial	mut:invisible		LEAK	Т‍итова Ирина ­Ал­ексеевна
invisible_char	PER	supply_0013__m1337_invisible	adversarial	mut:invisible		LEAK	Пирого​в‍а Ю. И.
invisible_char	PER	works_0002__m2718_invisible	adversarial	mut:invisible		LEAK	Смирнов­а И⁠рина­ Сергеевна
invisible_char	PER	works_0002__m2718_invisible	adversarial	mut:invisible		LEAK	С​мирнова И.­ С.
invisible_char	PER	works_0002__m2718_invisible	adversarial	mut:invisible		LEAK	де Вр​ис Й.
invisible_char	PER	works_0002__m2718_invisible	adversarial	mut:invisible		hidden	Ку­знецова Вера Андрее‍в​на
invisible_char	PER	works_0003__m1337_invisible	adversarial	mut:invisible		LEAK	Бел‍ка Юлия ­Олег­овна
invisible_char	PER	works_0003__m1337_invisible	adversarial	mut:invisible		LEAK	П​етрова ​О. Ю.
invisible_char	PER	works_0009__m1337_invisible	adversarial	mut:invisible		LEAK	М орозова А. ⁠Н.
invisible_char	PER	works_0009__m1337_invisible	adversarial	mut:invisible		LEAK	Морозова⁠ Анна ­Ник⁠олаевна
invisible_char	PER	works_0009__m1337_invisible	adversarial	mut:invisible		LEAK	Огане⁠ся‍н Г. А.
invisible_char	PER	works_0009__m1337_invisible	adversarial	mut:invisible		LEAK	морозовой​  анной ник⁠олаевной
invisible_char	PHONE	agency_0002	adversarial	invisible_chars		LEAK	+7‍ (846) 4⁠55-90-65
invisible_char	PHONE	agency_0002__m1337_invisible	adversarial	mut:invisible		LEAK	+7  (499)  298 -46-18
invisible_char	PHONE	agency_0002__m1337_invisible	adversarial	mut:invisible		LEAK	+‍7 (812)­ 97­7-59-47
invisible_char	PHONE	agency_0002__m1337_invisible	adversarial	mut:invisible		LEAK	+‍7‍ (846)  4⁠⁠55-90-65
invisible_char	PHONE	agency_0002__m1337_invisible	adversarial	mut:invisible		hidden	+7 ( 843­) ​801-48-72
invisible_char	PHONE	agency_0003__m1337_invisible	adversarial	mut:invisible		LEAK	+7 (495‍)​ 458-43-​43
invisible_char	PHONE	agency_0003__m1337_invisible	adversarial	mut:invisible		LEAK	+7 (846­) 115-65⁠- 97
invisible_char	PHONE	agency_0003__m1337_invisible	adversarial	mut:invisible		LEAK	+7 (​4­95) 409-87​-66
invisible_char	PHONE	agency_0003__m1337_invisible	adversarial	mut:invisible		LEAK	8495​6701555
invisible_char	PHONE	agency_0009	adversarial	invisible_chars		LEAK	+7 (495) 2⁠32-1­7-88
invisible_char	PHONE	agency_0009__m1337_invisible	adversarial	mut:invisible		LEAK	+7 (495­) 2⁠32-​1­7 -88
invisible_char	PHONE	agency_0009__m1337_invisible	adversarial	mut:invisible		LEAK	+7 (843) 74⁠3‍-‍98-67
invisible_char	PHONE	agency_0009__m1337_invisible	adversarial	mut:invisible		LEAK	+7  (383) 299-96-­8⁠1
invisible_char	PHONE	agency_0009__m1337_invisible	adversarial	mut:invisible		LEAK	+7  (49⁠5) 236-86⁠-23
invisible_char	PHONE	agency_0009__m2718_case	adversarial	invisible_chars		LEAK	+7 (495) 2⁠32-1­7-88
invisible_char	PHONE	cession_0004__m2718_invisible	adversarial	mut:invisible		LEAK	+7 (84 3­) 159-49⁠-84
invisible_char	PHONE	cession_0004__m2718_invisible	adversarial	mut:invisible		LEAK	+7 (8⁠46) 321-46⁠-5‍3
invisible_char	PHONE	cession_0004__m2718_invisible	adversarial	mut:invisible		LEAK	+7  ( 495) 190-95 -63
invisible_char	PHONE	cession_0005	adversarial	invisible_chars		LEAK	+7 (84​3)​ 330-30-67
invisible_char	PHONE	cession_0005__m1337_invisible	adversarial	mut:invisible		LEAK	+7 (495) 298- 3­1​-89
invisible_char	PHONE	cession_0005__m1337_invisible	adversarial	mut:invisible		LEAK	+7 (84​3)​ 33­0-30- 6​7
invisible_char	PHONE	cession_0005__m1337_invisible	adversarial	mut:invisible		LEAK	+7 ­(­812)⁠ 650-43-46
invisible_char	PHONE	cession_0005__m1337_invisible	adversarial	mut:invisible		LEAK	+7 ​(499) 805- 86-7‍6
invisible_char	PHONE	cession_0005__m2718_case	adversarial	invisible_chars		LEAK	+7 (84​3)​ 330-30-67
invisible_char	PHONE	cession_0006__m1337_invisible	adversarial	mut:invisible		LEAK	+7 (495) 743⁠-5 8-​99
invisible_char	PHONE	cession_0006__m1337_invisible	adversarial	mut:invisible		LEAK	+7 (495) 98​5-5 8-3­1
invisible_char	PHONE	cession_0006__m1337_invisible	adversarial	mut:invisible		LEAK	+7 ( 812)⁠ 947-1‍2-33
invisible_char	PHONE	labor_0003__m1337_invisible	adversarial	mut:invisible		LEAK	+7 (499) 704​-2­4⁠-89
invisible_char	PHONE	labor_0003__m1337_invisible	adversarial	mut:invisible		LEAK	+7 ​(495) 7​50-1 1-78
invisible_char	PHONE	labor_0003__m1337_invisible	adversarial	mut:invisible		LEAK	+7  (81​2) 86‍2-45-65
invisible_char	PHONE	labor_0003__m1337_invisible	adversarial	mut:invisible		LEAK	+7​ (81​2) 1 80-73-14
invisible_char	PHONE	labor_0004	adversarial	invisible_chars		LEAK	+7 (843)  301⁠-10-13
invisible_char	PHONE	labor_0004__m2718_case	adversarial	invisible_chars		LEAK	+7 (843)  301⁠-10-13
invisible_char	PHONE	labor_0009__m1337_invisible	adversarial	mut:invisible		LEAK	+7 (4⁠99) 325-6‍5⁠-83
invisible_char	PHONE	labor_0009__m1337_invisible	adversarial	mut:invisible		LEAK	+7  (812) ‍2​50-32-83
invisible_char	PHONE	labor_0009__m1337_invisible	adversarial	mut:invisible		LEAK	+⁠7 (843) 8­1 1-84-47
invisible_char	PHONE	labor_0010__m2718_invisible	adversarial	mut:invisible		LEAK	+7 (812)‍ ­364-25­-25
invisible_char	PHONE	labor_0010__m2718_invisible	adversarial	mut:invisible		LEAK	+7 (843​) ⁠23­2-40-16
invisible_char	PHONE	labor_0010__m2718_invisible	adversarial	mut:invisible		LEAK	+7 (8 43) 434 -70- 42
invisible_char	PHONE	labor_0010__m2718_invisible	adversarial	mut:invisible		LEAK	+7 ­(843) 223- 25-9‍6
invisible_char	PHONE	labor_0010__m2718_invisible	adversarial	mut:invisible		LEAK	+7846­9869⁠927
invisible_char	PHONE	labor_0010__m2718_invisible	adversarial	mut:invisible		LEAK	+7  ⁠(812) 792-33-4​8
invisible_char	PHONE	labor_0011	adversarial	invisible_chars		LEAK	+7 ( 383) 4‍60-16-53
invisible_char	PHONE	labor_0011__m1337_digit_spaces	adversarial	invisible_chars		LEAK	+7 ( 383) 4‍60-16-53
invisible_char	PHONE	labor_0012__m1337_invisible	adversarial	mut:invisible		LEAK	+7 (49⁠5) 4⁠36-59-4​7
invisible_char	PHONE	labor_0012__m1337_invisible	adversarial	mut:invisible		LEAK	+7 (​495​) 940- 79-28
invisible_char	PHONE	labor_0012__m1337_invisible	adversarial	mut:invisible		LEAK	+7​ (​81­2) 181-90-19
invisible_char	PHONE	lease_0003__m1337_invisible	adversarial	mut:invisible		LEAK	+7 (843 ) 161-75⁠-92  доб. 716
invisible_char	PHONE	lease_0003__m1337_invisible	adversarial	mut:invisible		LEAK	499 1144­829
invisible_char	PHONE	lease_0003__m1337_invisible	adversarial	mut:invisible		hidden	+⁠7 4⁠99 676 71 41
invisible_char	PHONE	lease_0009__m1337_invisible	adversarial	mut:invisible		LEAK	+7 (38⁠3) 88­1 -99-82
invisible_char	PHONE	lease_0009__m1337_invisible	adversarial	mut:invisible		LEAK	+7 (812) 4­5⁠6-7​5-51
invisible_char	PHONE	lease_0009__m1337_invisible	adversarial	mut:invisible		LEAK	+‍7 (846)⁠ 5 23-98-27
invisible_char	PHONE	lease_0009__m1337_invisible	adversarial	mut:invisible		LEAK	+ 7 ( 846) 692-8 7-82
invisible_char	PHONE	lease_0012__m2718_invisible	adversarial	mut:invisible		LEAK	+7 (499) ​386-3​2​-53
invisible_char	PHONE	lease_0012__m2718_invisible	adversarial	mut:invisible		LEAK	+7 (4 99)  993-43- 58
invisible_char	PHONE	lease_0012__m2718_invisible	adversarial	mut:invisible		LEAK	+7 (846) 655-5­7­-7 8
invisible_char	PHONE	loan_0002__m1337_invisible	adversarial	mut:invisible		LEAK	+7 (8⁠12)​ 10‍7-65-11
invisible_char	PHONE	loan_0002__m1337_invisible	adversarial	mut:invisible		LEAK	+7 (­843) ​255-44-‍91
invisible_char	PHONE	loan_0002__m1337_invisible	adversarial	mut:invisible		LEAK	881266­98753
invisible_char	PHONE	loan_0002__m1337_invisible	adversarial	mut:invisible		hidden	+7 (846) 7­91‍-91-­21
invisible_char	PHONE	loan_0003	adversarial	invisible_chars		LEAK	+7  (499) 115-55-⁠31
invisible_char	PHONE	loan_0003__m1337_invisible	adversarial	mut:invisible		LEAK	+7 (38⁠3) 52⁠3- 29-79
invisible_char	PHONE	loan_0003__m1337_invisible	adversarial	mut:invisible		LEAK	+7 (3⁠83​) 895-49 -42
invisible_char	PHONE	loan_0003__m1337_invisible	adversarial	mut:invisible		LEAK	+7 (81‍2) 2‍21-​16-54
invisible_char	PHONE	loan_0003__m1337_invisible	adversarial	mut:invisible		LEAK	+7 (8 46) 28‍5-66​-69
invisible_char	PHONE	loan_0003__m1337_invisible	adversarial	mut:invisible		LEAK	+7 ⁠ ‍(499)  115-55-⁠31
invisible_char	PHONE	loan_0003__m2718_case	adversarial	invisible_chars		LEAK	+7  (499) 115-55-⁠31
invisible_char	PHONE	loan_0008	adversarial	invisible_chars		LEAK	+7 (4 99) 5 20-61-68
invisible_char	PHONE	loan_0008__m2718_case	adversarial	invisible_chars		LEAK	+7 (4 99) 5 20-61-68
invisible_char	PHONE	loan_0009__m1337_invisible	adversarial	mut:invisible		LEAK	+7 (383⁠) 8 30-78-8​5
invisible_char	PHONE	loan_0009__m1337_invisible	adversarial	mut:invisible		LEAK	+7 (8⁠43) ​842-69-8 4
invisible_char	PHONE	loan_0009__m1337_invisible	adversarial	mut:invisible		LEAK	+7 ⁠(499) 6‍41-8 2-89
invisible_char	PHONE	loan_0009__m1337_invisible	adversarial	mut:invisible		hidden	83‍839041520
invisible_char	PHONE	sale_0004	adversarial	invisible_chars		LEAK	+7 ‍(383) 23​0-33-29
invisible_char	PHONE	sale_0004__m1337_cell_split	adversarial	invisible_chars		LEAK	+7 ‍(383) 23​0-33-29
invisible_char	PHONE	sale_0004__m2718_invisible	adversarial	mut:invisible		LEAK	+7 (812) ‍830-8⁠4-⁠18
invisible_char	PHONE	sale_0004__m2718_invisible	adversarial	mut:invisible		LEAK	+ 7 (­846) ­550-26-15
invisible_char	PHONE	sale_0004__m2718_invisible	adversarial	mut:invisible		LEAK	+⁠7 ( 383) 388-1​3-99
invisible_char	PHONE	sale_0004__m2718_invisible	adversarial	mut:invisible		LEAK	+⁠7 ‍( 383) 23​0-33⁠-29
invisible_char	PHONE	sale_0004__m2718_invisible	adversarial	mut:invisible		hidden	+7 (846) 289​-43-11 доб­. 25⁠9
invisible_char	PHONE	sale_0005__m1337_invisible	adversarial	mut:invisible		LEAK	+7 (812) 467 -79‍-9⁠0
invisible_char	PHONE	sale_0005__m1337_invisible	adversarial	mut:invisible		LEAK	+7 (846)‍ 63­6-68‍-77
invisible_char	PHONE	sale_0005__m1337_invisible	adversarial	mut:invisible		LEAK	+7 (​843) 596-8⁠4​-89
invisible_char	PHONE	sale_0005__m1337_invisible	adversarial	mut:invisible		LEAK	+7 ­(499) 91 7-30‍-64
invisible_char	PHONE	sale_0005__m1337_invisible	adversarial	mut:invisible		LEAK	+7‍ (4 99) 866-4­8-55
invisible_char	PHONE	sale_0005__m1337_invisible	adversarial	mut:invisible		LEAK	88123641​419
invisible_char	PHONE	sale_0011	adversarial	invisible_chars		LEAK	+7 (812) ⁠751-4‍5-66
invisible_char	PHONE	sale_0011__m1337_invisible	adversarial	mut:invisible		LEAK	+7 (38 3) 544-5 4⁠-10
invisible_char	PHONE	sale_0011__m1337_invisible	adversarial	mut:invisible		LEAK	+7 (8 12)​ ⁠751-4‍5 -66
invisible_char	PHONE	sale_0011__m1337_invisible	adversarial	mut:invisible		LEAK	+7  (​4​99) 665-53-18
invisible_char	PHONE	sale_0011__m1337_invisible	adversarial	mut:invisible		LEAK	+⁠7 (383)‍ ​924-31-78
invisible_char	PHONE	sale_0011__m2718_case	adversarial	invisible_chars		LEAK	+7 (812) ⁠751-4‍5-66
invisible_char	PHONE	services_0003__m1337_invisible	adversarial	mut:invisible		LEAK	+7 (843) 18 6-8 0 -96
invisible_char	PHONE	services_0003__m1337_invisible	adversarial	mut:invisible		LEAK	+7 (846­) 79⁠0-25- 43
invisible_char	PHONE	services_0003__m1337_invisible	adversarial	mut:invisible		LEAK	+7 (8 46) ⁠104- 93-58
invisible_char	PHONE	services_0003__m1337_invisible	adversarial	mut:invisible		LEAK	+‍7 (49 9‍) 975-93-41
invisible_char	PHONE	services_0004__m2718_invisible	adversarial	mut:invisible		LEAK	+7 (383) 4​97-16-⁠73 доб‍. 332
invisible_char	PHONE	services_0004__m2718_invisible	adversarial	mut:invisible		LEAK	8(499)466‍486‍2
invisible_char	PHONE	services_0004__m2718_invisible	adversarial	mut:invisible		hidden	+781 216 76329
invisible_char	PHONE	services_0006__m1337_invisible	adversarial	mut:invisible		LEAK	+7 (383) 5 2 9-6 2-57
invisible_char	PHONE	services_0006__m1337_invisible	adversarial	mut:invisible		LEAK	+7 (846­) 96 7-⁠14-31
invisible_char	PHONE	services_0006__m1337_invisible	adversarial	mut:invisible		LEAK	+7­ (383) ­9­65-16-43
invisible_char	PHONE	services_0006__m1337_invisible	adversarial	mut:invisible		LEAK	+­7 (383) 8 55- 78-58
invisible_char	PHONE	services_0009__m1337_invisible	adversarial	mut:invisible		LEAK	+7 (495)  705-9 0 -52
invisible_char	PHONE	services_0009__m1337_invisible	adversarial	mut:invisible		LEAK	+7 (4⁠99) 351⁠-67­-37
invisible_char	PHONE	services_0009__m1337_invisible	adversarial	mut:invisible		LEAK	+7  (495 ) 3​26-49-57
invisible_char	PHONE	supply_0001__m1337_invisible	adversarial	mut:invisible		LEAK	+7 (4 9​9) 305­-23-53
invisible_char	PHONE	supply_0001__m1337_invisible	adversarial	mut:invisible		LEAK	+7 (​49⁠9) 24​4-22-19
invisible_char	PHONE	supply_0001__m1337_invisible	adversarial	mut:invisible		LEAK	+­7 ( 843) 38­6-38-37
invisible_char	PHONE	supply_0001__m1337_invisible	adversarial	mut:invisible		LEAK	+​7 (38 3) 643-76-6‍6
invisible_char	PHONE	supply_0004__m2718_invisible	adversarial	mut:invisible		LEAK	+7 (843)  291­-48- 18
invisible_char	PHONE	supply_0004__m2718_invisible	adversarial	mut:invisible		LEAK	+7 (​499) 919​-67­-83
invisible_char	PHONE	supply_0004__m2718_invisible	adversarial	mut:invisible		hidden	+7 (​812) 1‍06-7‍2-16
invisible_char	PHONE	supply_0006__m1337_invisible	adversarial	mut:invisible		LEAK	+7 (383) 991⁠-51- 9­7
invisible_char	PHONE	supply_0006__m1337_invisible	adversarial	mut:invisible		LEAK	+7 (81 2) 215‍-8⁠5-50
invisible_char	PHONE	supply_0006__m1337_invisible	adversarial	mut:invisible		LEAK	+7 ‍(84­6) 71​3-26-67
invisible_char	PHONE	supply_0007__m1337_invisible	adversarial	mut:invisible		LEAK	+7 (3 83) ­886-5‍8-78
invisible_char	PHONE	supply_0007__m1337_invisible	adversarial	mut:invisible		LEAK	+7  (‍499) 4­10-43-31
invisible_char	PHONE	supply_0007__m1337_invisible	adversarial	mut:invisible		LEAK	+⁠7  ⁠(495) 287-61-13
invisible_char	PHONE	supply_0013__m1337_invisible	adversarial	mut:invisible		LEAK	+7 (383) 3‍9⁠6-99⁠-66
invisible_char	PHONE	supply_0013__m1337_invisible	adversarial	mut:invisible		LEAK	+7​ (499)​ 746-­70-33
invisible_char	PHONE	supply_0013__m1337_invisible	adversarial	mut:invisible		LEAK	+​7 (812)   110-11-33
invisible_char	PHONE	works_0002__m2718_invisible	adversarial	mut:invisible		LEAK	+7 (38‍3) 27 4-16-⁠15
invisible_char	PHONE	works_0002__m2718_invisible	adversarial	mut:invisible		LEAK	+7 (843​) ​982-77 -49
invisible_char	PHONE	works_0002__m2718_invisible	adversarial	mut:invisible		LEAK	+7­ ‍(846) 105-‍12-32
invisible_char	PHONE	works_0002__m2718_invisible	adversarial	mut:invisible		LEAK	884­69722272
invisible_char	PHONE	works_0002__m2718_invisible	adversarial	mut:invisible		hidden	+7 (84 3)  982-79-7‍2 доб. 910
invisible_char	PHONE	works_0003	adversarial	invisible_chars		LEAK	+7 (49​5) 7 85-22-91
invisible_char	PHONE	works_0003__m1337_invisible	adversarial	mut:invisible		LEAK	+7 (4 9​⁠5) ‍7 85-22-91
invisible_char	PHONE	works_0003__m1337_invisible	adversarial	mut:invisible		LEAK	+7 ­(⁠812) 738-78-‍66
invisible_char	PHONE	works_0003__m1337_invisible	adversarial	mut:invisible		LEAK	+7 ⁠(495) 707‍- 25-66
invisible_char	PHONE	works_0003__m1337_invisible	adversarial	mut:invisible		LEAK	+‍7 ­(49­9) 199-18-44
invisible_char	PHONE	works_0003__m2718_case	adversarial	invisible_chars		LEAK	+7 (49​5) 7 85-22-91
invisible_char	PHONE	works_0008	adversarial	invisible_chars		LEAK	+‍7 (846) 450 -50-57
invisible_char	PHONE	works_0009__m1337_invisible	adversarial	mut:invisible		LEAK	+7 (499‍) 170‍-36-8 4
invisible_char	PHONE	works_0009__m1337_invisible	adversarial	mut:invisible		LEAK	+7 (4 99)  104-9 9-44
invisible_char	PHONE	works_0009__m1337_invisible	adversarial	mut:invisible		LEAK	+7 ­(8 12) 518-39-‍15
invisible_char	PHONE	works_0009__m1337_invisible	adversarial	mut:invisible		hidden	84 998346591
no_detector_for_type	BIRTHDATE	agency_0003	canonical			LEAK	10.07.1996
no_detector_for_type	BIRTHDATE	agency_0003__m1337_invisible	adversarial	mut:invisible		LEAK	10.07.1‍996
no_detector_for_type	BIRTHDATE	agency_0003__m2718_case	canonical			LEAK	10.07.1996
no_detector_for_type	BIRTHDATE	agency_0005	canonical			LEAK	15.11.1996
no_detector_for_type	BIRTHDATE	agency_0005__m1337_digit_spaces	adversarial	mut:digit_spaces		LEAK	15.11.199 6
no_detector_for_type	BIRTHDATE	agency_0005__m2718_linebreak	adversarial	mut:linebreak		LEAK	15\n.11.1996
no_detector_for_type	BIRTHDATE	agency_0006	canonical			LEAK	21.05.1976
no_detector_for_type	BIRTHDATE	agency_0006	canonical			LEAK	25.02.1956
no_detector_for_type	BIRTHDATE	agency_0006__m1337_combo	adversarial	mut:combo		LEAK	21.О5 .197б
no_detector_for_type	BIRTHDATE	agency_0006__m1337_combo	adversarial	mut:combo		LEAK	25.О2​.195б
no_detector_for_type	BIRTHDATE	agency_0006__m2718_homoglyph	adversarial	mut:homoglyph		LEAK	21.05.І976
no_detector_for_type	BIRTHDATE	agency_0006__m2718_homoglyph	adversarial	mut:homoglyph		LEAK	25.02.195б
no_detector_for_type	BIRTHDATE	agency_0009	canonical			LEAK	16.04.1955
no_detector_for_type	BIRTHDATE	agency_0009__m1337_invisible	adversarial	mut:invisible		LEAK	16.04⁠.1955
no_detector_for_type	BIRTHDATE	agency_0009__m2718_case	canonical			LEAK	16.04.1955
no_detector_for_type	BIRTHDATE	cession_0001	canonical			LEAK	05.06.1986
no_detector_for_type	BIRTHDATE	cession_0001__m1337_digit_spaces	canonical			LEAK	05.06.1986
no_detector_for_type	BIRTHDATE	cession_0001__m2718_linebreak	adversarial	mut:linebreak		LEAK	05.06.19\n86
no_detector_for_type	BIRTHDATE	cession_0002	canonical			LEAK	03.06.1956
no_detector_for_type	BIRTHDATE	cession_0002	canonical			LEAK	12.10.1965
no_detector_for_type	BIRTHDATE	cession_0002__m1337_linebreak	adversarial	mut:linebreak		LEAK	03.06\n.1956
no_detector_for_type	BIRTHDATE	cession_0002__m1337_linebreak	adversarial	mut:linebreak		LEAK	12.10.\n1965
no_detector_for_type	BIRTHDATE	cession_0002__m2718_cell_split	canonical			LEAK	03.06.1956
no_detector_for_type	BIRTHDATE	cession_0002__m2718_cell_split	canonical			LEAK	12.10.1965
no_detector_for_type	BIRTHDATE	cession_0005	canonical			LEAK	04.02.1996
no_detector_for_type	BIRTHDATE	cession_0005__m1337_invisible	adversarial	mut:invisible		LEAK	04 .02.1996
no_detector_for_type	BIRTHDATE	cession_0005__m2718_case	canonical			LEAK	04.02.1996
no_detector_for_type	BIRTHDATE	cession_0007	canonical			LEAK	23.08.1984
no_detector_for_type	BIRTHDATE	cession_0007__m1337_digit_spaces	canonical			LEAK	23.08.1984
no_detector_for_type	BIRTHDATE	cession_0007__m2718_linebreak	adversarial	mut:linebreak		LEAK	23.08.\n1984
no_detector_for_type	BIRTHDATE	cession_0008	canonical			LEAK	16.11.1990
no_detector_for_type	BIRTHDATE	cession_0008	canonical			LEAK	19.12.1962
no_detector_for_type	BIRTHDATE	cession_0008__m1337_digit_spaces	adversarial	mut:digit_spaces		LEAK	16.11.199 0
no_detector_for_type	BIRTHDATE	cession_0008__m1337_digit_spaces	canonical			LEAK	19.12.1962
no_detector_for_type	BIRTHDATE	cession_0008__m2718_combo	adversarial	mut:combo		LEAK	16.І⁠1.1990
no_detector_for_type	BIRTHDATE	cession_0008__m2718_combo	adversarial	mut:combo		LEAK	19.12.19б⁠2
no_detector_for_type	BIRTHDATE	labor_0001	canonical			LEAK	28.07.1988
no_detector_for_type	BIRTHDATE	labor_0001__m1337_combo	adversarial	mut:combo		LEAK	28.О7.‍1988
no_detector_for_type	BIRTHDATE	labor_0001__m2718_homoglyph	adversarial	mut:homoglyph		LEAK	28.О7.1988
no_detector_for_type	BIRTHDATE	labor_0002	canonical			LEAK	17.09.1983
no_detector_for_type	BIRTHDATE	labor_0002__m1337_combo	adversarial	mut:combo		LEAK	17⁠.09.І983
no_detector_for_type	BIRTHDATE	labor_0002__m2718_homoglyph	adversarial	mut:homoglyph		LEAK	17.09.І983
no_detector_for_type	BIRTHDATE	labor_0003	canonical			LEAK	15.09.1993
no_detector_for_type	BIRTHDATE	labor_0003__m1337_invisible	adversarial	mut:invisible		LEAK	15⁠.09.1993
no_detector_for_type	BIRTHDATE	labor_0003__m2718_case	canonical			LEAK	15.09.1993
no_detector_for_type	BIRTHDATE	labor_0004	canonical			LEAK	07.03.2000
no_detector_for_type	BIRTHDATE	labor_0004__m1337_homoglyph	adversarial	mut:homoglyph		LEAK	О7.О3.2О0О
no_detector_for_type	BIRTHDATE	labor_0004__m2718_case	canonical			LEAK	07.03.2000
no_detector_for_type	BIRTHDATE	labor_0005	canonical			LEAK	25.03.1980
no_detector_for_type	BIRTHDATE	labor_0005__m1337_digit_spaces	canonical			LEAK	25.03.1980
no_detector_for_type	BIRTHDATE	labor_0005__m2718_linebreak	adversarial	mut:linebreak		LEAK	25.03.1\n980
no_detector_for_type	BIRTHDATE	labor_0006	canonical			LEAK	27.06.1959
no_detector_for_type	BIRTHDATE	labor_0006__m1337_case	canonical			LEAK	27.06.1959
no_detector_for_type	BIRTHDATE	labor_0006__m2718_linebreak	adversarial	mut:linebreak		LEAK	27.0\n6.1959
no_detector_for_type	BIRTHDATE	labor_0007	canonical			LEAK	07.07.1963
no_detector_for_type	BIRTHDATE	labor_0007__m1337_combo	adversarial	mut:combo		LEAK	О7.07.19​6З
no_detector_for_type	BIRTHDATE	labor_0007__m2718_homoglyph	adversarial	mut:homoglyph		LEAK	О7.07.1963
no_detector_for_type	BIRTHDATE	labor_0008	canonical			LEAK	16.05.1969
no_detector_for_type	BIRTHDATE	labor_0008__m1337_linebreak	adversarial	mut:linebreak		LEAK	16.05.1\n969
no_detector_for_type	BIRTHDATE	labor_0008__m2718_cell_split	canonical			LEAK	16.05.1969
no_detector_for_type	BIRTHDATE	labor_0009	canonical			LEAK	16.12.1971
no_detector_for_type	BIRTHDATE	labor_0009__m1337_invisible	adversarial	mut:invisible		LEAK	1‍6.12.1971
no_detector_for_type	BIRTHDATE	labor_0009__m2718_case	canonical			LEAK	16.12.1971
no_detector_for_type	BIRTHDATE	labor_0010	canonical			LEAK	22.07.1961
no_detector_for_type	BIRTHDATE	labor_0010__m1337_cell_split	canonical			LEAK	22.07.1961
no_detector_for_type	BIRTHDATE	labor_0010__m2718_invisible	adversarial	mut:invisible		LEAK	22.‍07.1961
no_detector_for_type	BIRTHDATE	labor_0011	canonical			LEAK	01.01.1971
no_detector_for_type	BIRTHDATE	labor_0011__m1337_digit_spaces	canonical			LEAK	01.01.1971
no_detector_for_type	BIRTHDATE	labor_0011__m2718_linebreak	adversarial	mut:linebreak		LEAK	01.01.19\n71
no_detector_for_type	BIRTHDATE	labor_0012	canonical			LEAK	11.04.1998
no_detector_for_type	BIRTHDATE	labor_0012__m1337_invisible	adversarial	mut:invisible		LEAK	11.04.1 998
no_detector_for_type	BIRTHDATE	labor_0012__m2718_digit_spaces	adversarial	mut:digit_spaces		LEAK	11.04.199-8-
no_detector_for_type	BIRTHDATE	lease_0003	canonical			LEAK	08.09.1980
no_detector_for_type	BIRTHDATE	lease_0003__m1337_invisible	adversarial	mut:invisible		LEAK	08.09.198​0
no_detector_for_type	BIRTHDATE	lease_0003__m2718_case	canonical			LEAK	08.09.1980
no_detector_for_type	BIRTHDATE	lease_0005	canonical			LEAK	05.05.1987
no_detector_for_type	BIRTHDATE	lease_0005__m1337_digit_spaces	canonical			LEAK	05.05.1987
no_detector_for_type	BIRTHDATE	lease_0005__m2718_linebreak	adversarial	mut:linebreak		LEAK	05.\n05.1987
no_detector_for_type	BIRTHDATE	lease_0006	canonical			LEAK	14.03.1958
no_detector_for_type	BIRTHDATE	lease_0006	canonical			LEAK	27.12.1998
no_detector_for_type	BIRTHDATE	lease_0006__m1337_homoglyph	adversarial	mut:homoglyph		LEAK	14.О3.1958
no_detector_for_type	BIRTHDATE	lease_0006__m1337_homoglyph	adversarial	mut:homoglyph		LEAK	27.12.І998
no_detector_for_type	BIRTHDATE	lease_0006__m2718_case	canonical			LEAK	14.03.1958
no_detector_for_type	BIRTHDATE	lease_0006__m2718_case	canonical			LEAK	27.12.1998
no_detector_for_type	BIRTHDATE	lease_0009	canonical			LEAK	10.07.1971
no_detector_for_type	BIRTHDATE	lease_0009__m1337_invisible	adversarial	mut:invisible		LEAK	10.0‍7.1971
no_detector_for_type	BIRTHDATE	lease_0009__m2718_case	canonical			LEAK	10.07.1971
no_detector_for_type	BIRTHDATE	lease_0011	canonical			LEAK	14.08.1971
no_detector_for_type	BIRTHDATE	lease_0011__m1337_digit_spaces	canonical			LEAK	14.08.1971
no_detector_for_type	BIRTHDATE	lease_0011__m2718_linebreak	adversarial	mut:linebreak		LEAK	14.0\n8.1971
no_detector_for_type	BIRTHDATE	lease_0012	canonical			LEAK	10.05.1993
no_detector_for_type	BIRTHDATE	lease_0012	canonical			LEAK	19.11.1962
no_detector_for_type	BIRTHDATE	lease_0012__m1337_cell_split	canonical			LEAK	10.05.1993
no_detector_for_type	BIRTHDATE	lease_0012__m1337_cell_split	canonical			LEAK	19.11.1962
no_detector_for_type	BIRTHDATE	lease_0012__m2718_invisible	adversarial	mut:invisible		LEAK	10.0 5.1993
no_detector_for_type	BIRTHDATE	lease_0012__m2718_invisible	adversarial	mut:invisible		LEAK	19.11 .1962
no_detector_for_type	BIRTHDATE	loan_0003	canonical			LEAK	03.03.1992
no_detector_for_type	BIRTHDATE	loan_0003__m1337_invisible	adversarial	mut:invisible		LEAK	0⁠3.03.1992
no_detector_for_type	BIRTHDATE	loan_0003__m2718_case	canonical			LEAK	03.03.1992
no_detector_for_type	BIRTHDATE	loan_0005	canonical			LEAK	01.11.1978
no_detector_for_type	BIRTHDATE	loan_0005__m1337_digit_spaces	adversarial	mut:digit_spaces		LEAK	01.11.197 8
no_detector_for_type	BIRTHDATE	loan_0005__m2718_linebreak	adversarial	mut:linebreak		LEAK	01.\n11.1978
no_detector_for_type	BIRTHDATE	loan_0006	canonical			LEAK	27.06.1976
no_detector_for_type	BIRTHDATE	loan_0006	canonical			LEAK	28.09.1993
no_detector_for_type	BIRTHDATE	loan_0006__m1337_combo	adversarial	mut:combo		LEAK	27.О6.1 976
no_detector_for_type	BIRTHDATE	loan_0006__m1337_combo	adversarial	mut:combo		LEAK	28.09.І9 9З
no_detector_for_type	BIRTHDATE	loan_0006__m2718_homoglyph	adversarial	mut:homoglyph		LEAK	27.О6.1976
no_detector_for_type	BIRTHDATE	loan_0006__m2718_homoglyph	adversarial	mut:homoglyph		LEAK	28.09.І993
no_detector_for_type	BIRTHDATE	loan_0009	canonical			LEAK	27.10.1979
no_detector_for_type	BIRTHDATE	loan_0009__m1337_invisible	adversarial	mut:invisible		LEAK	27.10.197⁠9
no_detector_for_type	BIRTHDATE	loan_0009__m2718_case	canonical			LEAK	27.10.1979
no_detector_for_type	BIRTHDATE	sale_0001	canonical			LEAK	18.08.1963
no_detector_for_type	BIRTHDATE	sale_0001__m1337_digit_spaces	adversarial	mut:digit_spaces		LEAK	18.08.1963-
no_detector_for_type	BIRTHDATE	sale_0001__m2718_linebreak	adversarial	mut:linebreak		LEAK	18.\n08.1963
no_detector_for_type	BIRTHDATE	sale_0002	canonical			LEAK	06.01.1959
no_detector_for_type	BIRTHDATE	sale_0002	canonical			LEAK	14.10.1972
no_detector_for_type	BIRTHDATE	sale_0002__m1337_linebreak	adversarial	mut:linebreak		LEAK	06.01.1\n959
no_detector_for_type	BIRTHDATE	sale_0002__m1337_linebreak	adversarial	mut:linebreak		LEAK	14.10.\n1972
no_detector_for_type	BIRTHDATE	sale_0002__m2718_cell_split	canonical			LEAK	06.01.1959
no_detector_for_type	BIRTHDATE	sale_0002__m2718_cell_split	canonical			LEAK	14.10.1972
no_detector_for_type	BIRTHDATE	sale_0005	canonical			LEAK	02.08.1977
no_detector_for_type	BIRTHDATE	sale_0005__m1337_invisible	adversarial	mut:invisible		LEAK	02.08.19­77
no_detector_for_type	BIRTHDATE	sale_0005__m2718_case	canonical			LEAK	02.08.1977
no_detector_for_type	BIRTHDATE	sale_0007	canonical			LEAK	18.04.1988
no_detector_for_type	BIRTHDATE	sale_0007__m1337_digit_spaces	canonical			LEAK	18.04.1988
no_detector_for_type	BIRTHDATE	sale_0007__m2718_linebreak	adversarial	mut:linebreak		LEAK	18\n.04.1988
no_detector_for_type	BIRTHDATE	sale_0008	canonical			LEAK	15.04.1991
no_detector_for_type	BIRTHDATE	sale_0008	canonical			LEAK	26.01.1986
no_detector_for_type	BIRTHDATE	sale_0008__m1337_digit_spaces	adversarial	mut:digit_spaces		LEAK	15.04.1991-
no_detector_for_type	BIRTHDATE	sale_0008__m1337_digit_spaces	canonical			LEAK	26.01.1986
no_detector_for_type	BIRTHDATE	sale_0008__m2718_combo	adversarial	mut:combo		LEAK	15. О4.199І
no_detector_for_type	BIRTHDATE	sale_0008__m2718_combo	adversarial	mut:combo		LEAK	2­б.01.1986
no_detector_for_type	BIRTHDATE	sale_0011	canonical			LEAK	15.02.1961
no_detector_for_type	BIRTHDATE	sale_0011__m1337_invisible	adversarial	mut:invisible		LEAK	15.02.19 61
no_detector_for_type	BIRTHDATE	sale_0011__m2718_case	canonical			LEAK	15.02.1961
no_detector_for_type	BIRTHDATE	sale_0013	canonical			LEAK	19.07.1995
no_detector_for_type	BIRTHDATE	sale_0013__m1337_digit_spaces	canonical			LEAK	19.07.1995
no_detector_for_type	BIRTHDATE	sale_0013__m2718_linebreak	adversarial	mut:linebreak		LEAK	19.0\n7.1995
no_detector_for_type	BIRTHDATE	sale_0014	canonical			LEAK	23.05.1976
no_detector_for_type	BIRTHDATE	sale_0014	canonical			LEAK	27.10.1978
no_detector_for_type	BIRTHDATE	sale_0014__m1337_case	canonical			LEAK	23.05.1976
no_detector_for_type	BIRTHDATE	sale_0014__m1337_case	canonical			LEAK	27.10.1978
no_detector_for_type	BIRTHDATE	sale_0014__m2718_linebreak	adversarial	mut:linebreak		LEAK	23.\n05.1976
no_detector_for_type	BIRTHDATE	sale_0014__m2718_linebreak	adversarial	mut:linebreak		LEAK	27.\n10.1978
no_detector_for_type	BIRTHDATE	services_0001	canonical			LEAK	21.01.1960
no_detector_for_type	BIRTHDATE	services_0001__m1337_combo	adversarial	mut:combo		LEAK	21.0І.196‍О
no_detector_for_type	BIRTHDATE	services_0001__m2718_homoglyph	adversarial	mut:homoglyph		LEAK	21.О1.19б0
no_detector_for_type	BIRTHDATE	services_0002	canonical			LEAK	04.03.1968
no_detector_for_type	BIRTHDATE	services_0002	canonical			LEAK	10.02.1959
no_detector_for_type	BIRTHDATE	services_0002__m1337_linebreak	adversarial	mut:linebreak		LEAK	04.03.19\n68
no_detector_for_type	BIRTHDATE	services_0002__m1337_linebreak	adversarial	mut:linebreak		LEAK	10\n.02.1959
no_detector_for_type	BIRTHDATE	services_0002__m2718_cell_split	canonical			LEAK	04.03.1968
no_detector_for_type	BIRTHDATE	services_0002__m2718_cell_split	canonical			LEAK	10.02.1959
no_detector_for_type	BIRTHDATE	services_0005	canonical			LEAK	26.01.1986
no_detector_for_type	BIRTHDATE	services_0005__m1337_digit_spaces	adversarial	mut:digit_spaces		LEAK	26.01.198 6
no_detector_for_type	BIRTHDATE	services_0005__m2718_linebreak	adversarial	mut:linebreak		LEAK	26.01.1\n986
no_detector_for_type	BIRTHDATE	services_0007	canonical			LEAK	16.01.1969
no_detector_for_type	BIRTHDATE	services_0007__m1337_combo	adversarial	mut:combo		LEAK	Іб.О1.196­9
no_detector_for_type	BIRTHDATE	services_0007__m2718_homoglyph	adversarial	mut:homoglyph		LEAK	І6.01.1969
no_detector_for_type	BIRTHDATE	services_0008	canonical			LEAK	13.07.1957
no_detector_for_type	BIRTHDATE	services_0008	canonical			LEAK	17.08.1977
no_detector_for_type	BIRTHDATE	services_0008__m1337_digit_spaces	adversarial	mut:digit_spaces		LEAK	13.07.195 7
no_detector_for_type	BIRTHDATE	services_0008__m1337_digit_spaces	canonical			LEAK	17.08.1977
no_detector_for_type	BIRTHDATE	services_0008__m2718_combo	adversarial	mut:combo		LEAK	1​7.О8.1977
no_detector_for_type	BIRTHDATE	services_0008__m2718_combo	adversarial	mut:combo		LEAK	ІЗ.О7.1 957
no_detector_for_type	BIRTHDATE	services_0011	canonical			LEAK	10.10.1963
no_detector_for_type	BIRTHDATE	services_0011__m1337_digit_spaces	adversarial	mut:digit_spaces		LEAK	10.10.196 3
no_detector_for_type	BIRTHDATE	services_0011__m2718_linebreak	adversarial	mut:linebreak		LEAK	10.10.19\n63
no_detector_for_type	BIRTHDATE	services_0013	canonical			LEAK	11.10.1962
no_detector_for_type	BIRTHDATE	services_0013__m1337_combo	adversarial	mut:combo		LEAK	11.І0 .І962
no_detector_for_type	BIRTHDATE	services_0013__m2718_homoglyph	adversarial	mut:homoglyph		LEAK	11.10.І9б2
no_detector_for_type	BIRTHDATE	services_0014	canonical			LEAK	02.01.1983
no_detector_for_type	BIRTHDATE	services_0014	canonical			LEAK	03.05.1977
no_detector_for_type	BIRTHDATE	services_0014__m1337_case	canonical			LEAK	02.01.1983
no_detector_for_type	BIRTHDATE	services_0014__m1337_case	canonical			LEAK	03.05.1977
no_detector_for_type	BIRTHDATE	services_0014__m2718_linebreak	adversarial	mut:linebreak		LEAK	02.01.1\n983
no_detector_for_type	BIRTHDATE	services_0014__m2718_linebreak	adversarial	mut:linebreak		LEAK	03.0\n5.1977
no_detector_for_type	BIRTHDATE	supply_0003	canonical			LEAK	03.05.1991
no_detector_for_type	BIRTHDATE	supply_0003__m1337_digit_spaces	canonical			LEAK	03.05.1991
no_detector_for_type	BIRTHDATE	supply_0003__m2718_linebreak	adversarial	mut:linebreak		LEAK	03.05\n.1991
no_detector_for_type	BIRTHDATE	supply_0005	canonical			LEAK	24.12.1969
no_detector_for_type	BIRTHDATE	supply_0005__m1337_combo	adversarial	mut:combo		LEAK	2Ч.12.​1969
no_detector_for_type	BIRTHDATE	supply_0005__m2718_homoglyph	adversarial	mut:homoglyph		LEAK	2Ч.І2.І969
no_detector_for_type	BIRTHDATE	supply_0006	canonical			LEAK	08.02.1984
no_detector_for_type	BIRTHDATE	supply_0006	canonical			LEAK	11.09.1973
no_detector_for_type	BIRTHDATE	supply_0006__m1337_invisible	adversarial	mut:invisible		LEAK	08.02.19‍84
no_detector_for_type	BIRTHDATE	supply_0006__m1337_invisible	adversarial	mut:invisible		LEAK	11.09.1‍973
no_detector_for_type	BIRTHDATE	supply_0006__m2718_digit_spaces	adversarial	mut:digit_spaces		LEAK	08.02.198 4
no_detector_for_type	BIRTHDATE	supply_0006__m2718_digit_spaces	adversarial	mut:digit_spaces		LEAK	11.09.197 3
no_detector_for_type	BIRTHDATE	supply_0009	canonical			LEAK	24.09.1973
no_detector_for_type	BIRTHDATE	supply_0009__m1337_digit_spaces	canonical			LEAK	24.09.1973
no_detector_for_type	BIRTHDATE	supply_0009__m2718_linebreak	adversarial	mut:linebreak		LEAK	24\n.09.1973
no_detector_for_type	BIRTHDATE	supply_0011	canonical			LEAK	02.02.1986
no_detector_for_type	BIRTHDATE	supply_0011__m1337_combo	adversarial	mut:combo		LEAK	О2.­02.198б
no_detector_for_type	BIRTHDATE	supply_0011__m2718_homoglyph	adversarial	mut:homoglyph		LEAK	О2.02.1986
no_detector_for_type	BIRTHDATE	supply_0012	canonical			LEAK	05.06.1983
no_detector_for_type	BIRTHDATE	supply_0012	canonical			LEAK	23.12.1960
no_detector_for_type	BIRTHDATE	supply_0012__m1337_homoglyph	adversarial	mut:homoglyph		LEAK	23.12.19б0
no_detector_for_type	BIRTHDATE	supply_0012__m1337_homoglyph	adversarial	mut:homoglyph		LEAK	О5.06.1983
no_detector_for_type	BIRTHDATE	supply_0012__m2718_case	canonical			LEAK	05.06.1983
no_detector_for_type	BIRTHDATE	supply_0012__m2718_case	canonical			LEAK	23.12.1960
no_detector_for_type	BIRTHDATE	supply_0015	canonical			LEAK	25.10.1981
no_detector_for_type	BIRTHDATE	supply_0015__m1337_digit_spaces	adversarial	mut:digit_spaces		LEAK	25.10.1981-
no_detector_for_type	BIRTHDATE	supply_0015__m2718_linebreak	adversarial	mut:linebreak		LEAK	25.10.\n1981
no_detector_for_type	BIRTHDATE	works_0003	canonical			LEAK	24.04.1982
no_detector_for_type	BIRTHDATE	works_0003__m1337_invisible	adversarial	mut:invisible		LEAK	24.04​.1982
no_detector_for_type	BIRTHDATE	works_0003__m2718_case	canonical			LEAK	24.04.1982
no_detector_for_type	BIRTHDATE	works_0005	canonical			LEAK	19.04.1975
no_detector_for_type	BIRTHDATE	works_0005__m1337_digit_spaces	canonical			LEAK	19.04.1975
no_detector_for_type	BIRTHDATE	works_0005__m2718_linebreak	adversarial	mut:linebreak		LEAK	19\n.04.1975
no_detector_for_type	BIRTHDATE	works_0006	canonical			LEAK	10.04.1962
no_detector_for_type	BIRTHDATE	works_0006	canonical			LEAK	27.09.1988
no_detector_for_type	BIRTHDATE	works_0006__m1337_digit_spaces	adversarial	mut:digit_spaces		LEAK	10.04.196 2
no_detector_for_type	BIRTHDATE	works_0006__m1337_digit_spaces	canonical			LEAK	27.09.1988
no_detector_for_type	BIRTHDATE	works_0006__m2718_combo	adversarial	mut:combo		LEAK	10.О4​.І9б2
no_detector_for_type	BIRTHDATE	works_0006__m2718_combo	adversarial	mut:combo		LEAK	27.09.І98‍8
no_detector_for_type	BIRTHDATE	works_0009	canonical			LEAK	18.10.1990
no_detector_for_type	BIRTHDATE	works_0009__m1337_invisible	adversarial	mut:invisible		LEAK	18.1​0.1990
no_detector_for_type	BIRTHDATE	works_0009__m2718_case	canonical			LEAK	18.10.1990
no_detector_for_type	BIRTHDATE	works_0011	canonical			LEAK	08.01.1988
no_detector_for_type	BIRTHDATE	works_0011__m1337_digit_spaces	adversarial	mut:digit_spaces		LEAK	08.01.198 8
no_detector_for_type	BIRTHDATE	works_0011__m2718_linebreak	adversarial	mut:linebreak		LEAK	08\n.01.1988
no_detector_for_type	BIRTHDATE	works_0012	canonical			LEAK	12.10.1960
no_detector_for_type	BIRTHDATE	works_0012	canonical			LEAK	27.08.1982
no_detector_for_type	BIRTHDATE	works_0012__m1337_case	canonical			LEAK	12.10.1960
no_detector_for_type	BIRTHDATE	works_0012__m1337_case	canonical			LEAK	27.08.1982
no_detector_for_type	BIRTHDATE	works_0012__m2718_linebreak	adversarial	mut:linebreak		LEAK	12.10.19\n60
no_detector_for_type	BIRTHDATE	works_0012__m2718_linebreak	adversarial	mut:linebreak		LEAK	27.08.1\n982
no_detector_for_type	SNILS	agency_0003	canonical		valid	LEAK	110-924-374 23
no_detector_for_type	SNILS	agency_0003__m1337_invisible	adversarial	mut:invisible	valid	LEAK	110​-924-374 2­3
no_detector_for_type	SNILS	agency_0003__m2718_case	canonical		valid	LEAK	110-924-374 23
no_detector_for_type	SNILS	agency_0005	canonical		valid	LEAK	710-042-212 08
no_detector_for_type	SNILS	agency_0005__m1337_digit_spaces	adversarial	mut:digit_spaces	valid	LEAK	710--042--212 08
no_detector_for_type	SNILS	agency_0005__m2718_linebreak	adversarial	mut:linebreak	valid	LEAK	710-\n042-212 08
no_detector_for_type	SNILS	agency_0006	canonical		valid	LEAK	140-806-878 58
no_detector_for_type	SNILS	agency_0006	canonical		valid	LEAK	958-554-742 77
no_detector_for_type	SNILS	agency_0006__m1337_combo	adversarial	mut:combo	valid	hidden	1‍40-80б-878‍ 58
no_detector_for_type	SNILS	agency_0006__m1337_combo	adversarial	mut:combo	valid	hidden	958-55⁠Ч­-742 77
no_detector_for_type	SNILS	agency_0006__m2718_homoglyph	adversarial	mut:homoglyph	valid	LEAK	958-554-7Ч2 77
no_detector_for_type	SNILS	agency_0006__m2718_homoglyph	adversarial	mut:homoglyph	valid	LEAK	ІЧ0-8О6-878 58
no_detector_for_type	SNILS	agency_0009	canonical		valid	LEAK	117-799-538 16
no_detector_for_type	SNILS	agency_0009__m1337_invisible	adversarial	mut:invisible	valid	hidden	117‍-799-5­38 16
no_detector_for_type	SNILS	agency_0009__m2718_case	canonical		valid	LEAK	117-799-538 16
no_detector_for_type	SNILS	cession_0001	canonical		valid	LEAK	881-100-601 67
no_detector_for_type	SNILS	cession_0001__m1337_digit_spaces	canonical		valid	LEAK	881-100-601 67
no_detector_for_type	SNILS	cession_0001__m2718_linebreak	adversarial	mut:linebreak	valid	LEAK	881-100\n-601 67
no_detector_for_type	SNILS	cession_0002	canonical		valid	LEAK	427-324-284 70
no_detector_for_type	SNILS	cession_0002	canonical		valid	LEAK	957-294-982 86
no_detector_for_type	SNILS	cession_0002__m1337_linebreak	adversarial	mut:linebreak	valid	LEAK	427-3\n24-284 70
no_detector_for_type	SNILS	cession_0002__m1337_linebreak	adversarial	mut:linebreak	valid	hidden	957-294-9\n82 86
no_detector_for_type	SNILS	cession_0002__m2718_cell_split	canonical		valid	LEAK	427-324-284 70
no_detector_for_type	SNILS	cession_0002__m2718_cell_split	canonical		valid	LEAK	957-294-982 86
no_detector_for_type	SNILS	cession_0005	canonical		valid	LEAK	323-047-109 23
no_detector_for_type	SNILS	cession_0005__m1337_invisible	adversarial	mut:invisible	valid	LEAK	3‍23-0­47-109 23
no_detector_for_type	SNILS	cession_0005__m2718_case	canonical		valid	LEAK	323-047-109 23
no_detector_for_type	SNILS	cession_0007	canonical		valid	LEAK	730-900-661 71
no_detector_for_type	SNILS	cession_0007__m1337_digit_spaces	adversarial	mut:digit_spaces	valid	LEAK	730 -900 -661  71
no_detector_for_type	SNILS	cession_0007__m2718_linebreak	adversarial	mut:linebreak	valid	LEAK	730-900\n-661 71
no_detector_for_type	SNILS	cession_0008	canonical		valid	LEAK	005-590-852 45
no_detector_for_type	SNILS	cession_0008	canonical		valid	LEAK	126-227-588 55
no_detector_for_type	SNILS	cession_0008__m1337_digit_spaces	adversarial	mut:digit_spaces	valid	LEAK	005-590 -852 45
no_detector_for_type	SNILS	cession_0008__m1337_digit_spaces	adversarial	mut:digit_spaces	valid	LEAK	126-227-588  55
no_detector_for_type	SNILS	cession_0008__m2718_combo	adversarial	mut:combo	valid	LEAK	00­5-5‍9О-852 45
no_detector_for_type	SNILS	cession_0008__m2718_combo	adversarial	mut:combo	valid	LEAK	І26-227-588­ 5⁠5
no_detector_for_type	SNILS	labor_0001	canonical		valid	LEAK	815-652-213 94
no_detector_for_type	SNILS	labor_0001__m1337_combo	adversarial	mut:combo	valid	LEAK	8І5-б­52-2І3 9​Ч
no_detector_for_type	SNILS	labor_0001__m2718_homoglyph	adversarial	mut:homoglyph	valid	LEAK	815-652-2ІЗ 94
no_detector_for_type	SNILS	labor_0002	canonical		valid	LEAK	880-433-075 04
no_detector_for_type	SNILS	labor_0002__m1337_combo	adversarial	mut:combo	valid	LEAK	880- 433-075  О4
no_detector_for_type	SNILS	labor_0002__m2718_homoglyph	adversarial	mut:homoglyph	valid	LEAK	88О-433-075 04
no_detector_for_type	SNILS	labor_0003	canonical		valid	LEAK	747-435-938 42
no_detector_for_type	SNILS	labor_0003__m1337_invisible	adversarial	mut:invisible	valid	LEAK	7­47-435-9 38 42
no_detector_for_type	SNILS	labor_0003__m2718_case	canonical		valid	LEAK	747-435-938 42
no_detector_for_type	SNILS	labor_0004	canonical		valid	LEAK	106-209-345 20
no_detector_for_type	SNILS	labor_0004__m1337_homoglyph	adversarial	mut:homoglyph	valid	LEAK	106-209-345 2О
no_detector_for_type	SNILS	labor_0004__m2718_case	canonical		valid	hidden	106-209-345 20
no_detector_for_type	SNILS	labor_0005	canonical		invalid	LEAK	599-690-726 97
no_detector_for_type	SNILS	labor_0005__m1337_digit_spaces	canonical		invalid	LEAK	599-690-726 97
no_detector_for_type	SNILS	labor_0005__m2718_linebreak	adversarial	mut:linebreak	invalid	LEAK	599-690-7\n26 97
no_detector_for_type	SNILS	labor_0006	canonical		valid	LEAK	251-938-976 11
no_detector_for_type	SNILS	labor_0006__m1337_case	canonical		valid	hidden	251-938-976 11
no_detector_for_type	SNILS	labor_0006__m2718_linebreak	adversarial	mut:linebreak	valid	LEAK	251-938-9\n76 11
no_detector_for_type	SNILS	labor_0007	canonical		valid	LEAK	594-213-439 00
no_detector_for_type	SNILS	labor_0007__m1337_combo	adversarial	mut:combo	valid	hidden	5­9Ч-213-ЧЗ9­ 00
no_detector_for_type	SNILS	labor_0007__m2718_homoglyph	adversarial	mut:homoglyph	valid	LEAK	594-213-Ч39 О0
no_detector_for_type	SNILS	labor_0008	canonical		valid	LEAK	222-091-663 29
no_detector_for_type	SNILS	labor_0008__m1337_linebreak	adversarial	mut:linebreak	valid	LEAK	222-091-\n663 29
no_detector_for_type	SNILS	labor_0008__m2718_cell_split	canonical		valid	LEAK	222-091-663 29
no_detector_for_type	SNILS	labor_0009	canonical		valid	LEAK	999-661-140 95
no_detector_for_type	SNILS	labor_0009__m1337_invisible	adversarial	mut:invisible	valid	LEAK	999-661-1­40  95
no_detector_for_type	SNILS	labor_0009__m2718_case	canonical		valid	LEAK	999-661-140 95
no_detector_for_type	SNILS	labor_0010	canonical		valid	LEAK	872-201-733 87
no_detector_for_type	SNILS	labor_0010__m1337_cell_split	canonical		valid	LEAK	872-201-733 87
no_detector_for_type	SNILS	labor_0010__m2718_invisible	adversarial	mut:invisible	valid	LEAK	87‍2-201-733 8‍7
no_detector_for_type	SNILS	labor_0011	canonical		invalid	LEAK	659-792-317 75
no_detector_for_type	SNILS	labor_0011__m1337_digit_spaces	adversarial	mut:digit_spaces	invalid	LEAK	659 -792-317 75
no_detector_for_type	SNILS	labor_0011__m2718_linebreak	adversarial	mut:linebreak	invalid	LEAK	659-792\n-317 75
no_detector_for_type	SNILS	labor_0012	canonical		valid	LEAK	854-022-934 94
no_detector_for_type	SNILS	labor_0012__m1337_invisible	adversarial	mut:invisible	valid	LEAK	854⁠-022-93 4 94
no_detector_for_type	SNILS	labor_0012__m2718_digit_spaces	adversarial	mut:digit_spaces	valid	LEAK	854 -022-934 94
no_detector_for_type	SNILS	lease_0003	canonical		invalid	LEAK	128-975-306 10
no_detector_for_type	SNILS	lease_0003__m1337_invisible	adversarial	mut:invisible	invalid	LEAK	128-97 5⁠-306 10
no_detector_for_type	SNILS	lease_0003__m2718_case	canonical		invalid	LEAK	128-975-306 10
no_detector_for_type	SNILS	lease_0005	canonical		valid	LEAK	030-963-382 46
no_detector_for_type	SNILS	lease_0005__m1337_digit_spaces	adversarial	mut:digit_spaces	valid	LEAK	030 -963 -382 46
no_detector_for_type	SNILS	lease_0005__m2718_linebreak	adversarial	mut:linebreak	valid	LEAK	030-96\n3-382 46
no_detector_for_type	SNILS	lease_0006	canonical		valid	LEAK	223-011-439 91
no_detector_for_type	SNILS	lease_0006	canonical		valid	LEAK	495-326-670 25
no_detector_for_type	SNILS	lease_0006__m1337_homoglyph	adversarial	mut:homoglyph	valid	LEAK	223-011-4З9 91
no_detector_for_type	SNILS	lease_0006__m1337_homoglyph	adversarial	mut:homoglyph	valid	LEAK	495-32б-б7О 25
no_detector_for_type	SNILS	lease_0006__m2718_case	canonical		valid	LEAK	223-011-439 91
no_detector_for_type	SNILS	lease_0006__m2718_case	canonical		valid	LEAK	495-326-670 25
no_detector_for_type	SNILS	lease_0009	canonical		valid	LEAK	659-261-004 05
no_detector_for_type	SNILS	lease_0009__m1337_invisible	adversarial	mut:invisible	valid	hidden	65­9-261-00⁠4 05
no_detector_for_type	SNILS	lease_0009__m2718_case	canonical		valid	LEAK	659-261-004 05
no_detector_for_type	SNILS	lease_0011	canonical		valid	LEAK	809-753-626 40
no_detector_for_type	SNILS	lease_0011__m1337_digit_spaces	adversarial	mut:digit_spaces	valid	LEAK	809-753 -626  40
no_detector_for_type	SNILS	lease_0011__m2718_linebreak	adversarial	mut:linebreak	valid	LEAK	809-753-6\n26 40
no_detector_for_type	SNILS	lease_0012	canonical		valid	LEAK	317-981-682 16
no_detector_for_type	SNILS	lease_0012	canonical		valid	LEAK	636-578-488 51
no_detector_for_type	SNILS	lease_0012__m1337_cell_split	canonical		valid	LEAK	317-981-682 16
no_detector_for_type	SNILS	lease_0012__m1337_cell_split	canonical		valid	LEAK	636-578-488 51
no_detector_for_type	SNILS	lease_0012__m2718_invisible	adversarial	mut:invisible	valid	LEAK	317­-981-68 2 16
no_detector_for_type	SNILS	lease_0012__m2718_invisible	adversarial	mut:invisible	valid	LEAK	636-578- 488 ­51
no_detector_for_type	SNILS	loan_0003	canonical		valid	LEAK	601-337-781 59
no_detector_for_type	SNILS	loan_0003__m1337_invisible	adversarial	mut:invisible	valid	hidden	6⁠01-337-7 81 59
no_detector_for_type	SNILS	loan_0003__m2718_case	canonical		valid	LEAK	601-337-781 59
no_detector_for_type	SNILS	loan_0005	canonical		valid	LEAK	071-546-390 63
no_detector_for_type	SNILS	loan_0005__m1337_digit_spaces	adversarial	mut:digit_spaces	valid	LEAK	071-546-390  63
no_detector_for_type	SNILS	loan_0005__m2718_linebreak	adversarial	mut:linebreak	valid	LEAK	071-5\n46-390 63
no_detector_for_type	SNILS	loan_0006	canonical		invalid	LEAK	031-114-062 79
no_detector_for_type	SNILS	loan_0006	canonical		invalid	LEAK	336-643-317 85
no_detector_for_type	SNILS	loan_0006__m1337_combo	adversarial	mut:combo	invalid	LEAK	З36- 6 4З-3І7 85
no_detector_for_type	SNILS	loan_0006__m1337_combo	adversarial	mut:combo	invalid	LEAK	О3 1-114-062  79
no_detector_for_type	SNILS	loan_0006__m2718_homoglyph	adversarial	mut:homoglyph	invalid	LEAK	З3б-643-317 85
no_detector_for_type	SNILS	loan_0006__m2718_homoglyph	adversarial	mut:homoglyph	invalid	hidden	03І-114-062 79
no_detector_for_type	SNILS	loan_0009	canonical		valid	LEAK	079-366-372 14
no_detector_for_type	SNILS	loan_0009__m1337_invisible	adversarial	mut:invisible	valid	LEAK	0​79-366-­372 14
no_detector_for_type	SNILS	loan_0009__m2718_case	canonical		valid	LEAK	079-366-372 14
no_detector_for_type	SNILS	sale_0001	canonical		valid	LEAK	254-755-449 00
no_detector_for_type	SNILS	sale_0001__m1337_digit_spaces	adversarial	mut:digit_spaces	valid	LEAK	254-755-449  00
no_detector_for_type	SNILS	sale_0001__m2718_linebreak	adversarial	mut:linebreak	valid	LEAK	254-75\n5-449 00
no_detector_for_type	SNILS	sale_0002	canonical		valid	LEAK	725-331-939 92
no_detector_for_type	SNILS	sale_0002	canonical		valid	LEAK	898-177-681 01
no_detector_for_type	SNILS	sale_0002__m1337_linebreak	adversarial	mut:linebreak	valid	LEAK	725-331-\n939 92
no_detector_for_type	SNILS	sale_0002__m1337_linebreak	adversarial	mut:linebreak	valid	LEAK	898-177-68\n1 01
no_detector_for_type	SNILS	sale_0002__m2718_cell_split	canonical		valid	LEAK	725-331-939 92
no_detector_for_type	SNILS	sale_0002__m2718_cell_split	canonical		valid	LEAK	898-177-681 01
no_detector_for_type	SNILS	sale_0005	canonical		valid	LEAK	649-843-374 54
no_detector_for_type	SNILS	sale_0005__m1337_invisible	adversarial	mut:invisible	valid	hidden	649-843-3­74­ 54
no_detector_for_type	SNILS	sale_0005__m2718_case	canonical		valid	LEAK	649-843-374 54
no_detector_for_type	SNILS	sale_0007	canonical		valid	LEAK	431-625-539 62
no_detector_for_type	SNILS	sale_0007__m1337_digit_spaces	adversarial	mut:digit_spaces	valid	LEAK	431 -625 -539 62
no_detector_for_type	SNILS	sale_0007__m2718_linebreak	adversarial	mut:linebreak	valid	LEAK	43\n1-625-539 62
no_detector_for_type	SNILS	sale_0008	canonical		valid	LEAK	267-795-615 45
no_detector_for_type	SNILS	sale_0008	canonical		valid	LEAK	684-983-340 67
no_detector_for_type	SNILS	sale_0008__m1337_digit_spaces	adversarial	mut:digit_spaces	valid	LEAK	267 -795-615  45
no_detector_for_type	SNILS	sale_0008__m1337_digit_spaces	adversarial	mut:digit_spaces	valid	LEAK	684-983-340- 67
no_detector_for_type	SNILS	sale_0008__m2718_combo	adversarial	mut:combo	valid	LEAK	267-7⁠95-​6І5 45
no_detector_for_type	SNILS	sale_0008__m2718_combo	adversarial	mut:combo	valid	LEAK	684-­983-3Ч​0 б7
no_detector_for_type	SNILS	sale_0011	canonical		valid	LEAK	088-678-998 74
no_detector_for_type	SNILS	sale_0011__m1337_invisible	adversarial	mut:invisible	valid	LEAK	0⁠88-678-99‍8 74
no_detector_for_type	SNILS	sale_0011__m2718_case	canonical		valid	LEAK	088-678-998 74
no_detector_for_type	SNILS	sale_0013	canonical		invalid	LEAK	437-178-656 21
no_detector_for_type	SNILS	sale_0013__m1337_digit_spaces	adversarial	mut:digit_spaces	invalid	LEAK	437-178 -656 21
no_detector_for_type	SNILS	sale_0013__m2718_linebreak	adversarial	mut:linebreak	invalid	LEAK	437-178-6\n56 21
no_detector_for_type	SNILS	sale_0014	canonical		valid	LEAK	297-621-516 10
no_detector_for_type	SNILS	sale_0014	canonical		valid	LEAK	420-887-569 02
no_detector_for_type	SNILS	sale_0014__m1337_case	canonical		valid	LEAK	297-621-516 10
no_detector_for_type	SNILS	sale_0014__m1337_case	canonical		valid	LEAK	420-887-569 02
no_detector_for_type	SNILS	sale_0014__m2718_linebreak	adversarial	mut:linebreak	valid	LEAK	297-6\n21-516 10
no_detector_for_type	SNILS	sale_0014__m2718_linebreak	adversarial	mut:linebreak	valid	LEAK	420-887-56\n9 02
no_detector_for_type	SNILS	services_0001	canonical		valid	LEAK	793-234-941 33
no_detector_for_type	SNILS	services_0001__m1337_combo	adversarial	mut:combo	valid	LEAK	79З-23Ч-‍9Ч1‍ З3
no_detector_for_type	SNILS	services_0001__m2718_homoglyph	adversarial	mut:homoglyph	valid	LEAK	79З-234-941 33
no_detector_for_type	SNILS	services_0002	canonical		valid	LEAK	601-127-487 39
no_detector_for_type	SNILS	services_0002	canonical		valid	LEAK	979-548-871 18
no_detector_for_type	SNILS	services_0002__m1337_linebreak	adversarial	mut:linebreak	valid	LEAK	601-127\n-487 39
no_detector_for_type	SNILS	services_0002__m1337_linebreak	adversarial	mut:linebreak	valid	LEAK	979-548-87\n1 18
no_detector_for_type	SNILS	services_0002__m2718_cell_split	canonical		valid	LEAK	601-127-487 39
no_detector_for_type	SNILS	services_0002__m2718_cell_split	canonical		valid	LEAK	979-548-871 18
no_detector_for_type	SNILS	services_0005	canonical		valid	LEAK	680-244-155 83
no_detector_for_type	SNILS	services_0005__m1337_digit_spaces	adversarial	mut:digit_spaces	valid	LEAK	680 -244-155  83
no_detector_for_type	SNILS	services_0005__m2718_linebreak	adversarial	mut:linebreak	valid	LEAK	680-244-155 \n83
no_detector_for_type	SNILS	services_0007	canonical		valid	LEAK	555-324-281 86
no_detector_for_type	SNILS	services_0007__m1337_combo	adversarial	mut:combo	valid	LEAK	555-З24-2⁠81​ 86
no_detector_for_type	SNILS	services_0007__m2718_homoglyph	adversarial	mut:homoglyph	valid	hidden	555-З24-28І 86
no_detector_for_type	SNILS	services_0008	canonical		valid	LEAK	262-865-547 06
no_detector_for_type	SNILS	services_0008	canonical		valid	LEAK	418-471-823 93
no_detector_for_type	SNILS	services_0008__m1337_digit_spaces	adversarial	mut:digit_spaces	valid	LEAK	262 -865-547  06
no_detector_for_type	SNILS	services_0008__m1337_digit_spaces	adversarial	mut:digit_spaces	valid	LEAK	418 -471-823 93
no_detector_for_type	SNILS	services_0008__m2718_combo	adversarial	mut:combo	valid	LEAK	2б2-8­6 5-5Ч7 Об
no_detector_for_type	SNILS	services_0008__m2718_combo	adversarial	mut:combo	valid	LEAK	ЧІ8-Ч­7І-⁠823 93
no_detector_for_type	SNILS	services_0011	canonical		invalid	LEAK	600-912-277 54
no_detector_for_type	SNILS	services_0011__m1337_digit_spaces	canonical		invalid	LEAK	600-912-277 54
no_detector_for_type	SNILS	services_0011__m2718_linebreak	adversarial	mut:linebreak	invalid	LEAK	600-912\n-277 54
no_detector_for_type	SNILS	services_0013	canonical		valid	LEAK	501-163-148 18
no_detector_for_type	SNILS	services_0013__m1337_combo	adversarial	mut:combo	valid	LEAK	5‍01-1б3-І‍Ч8 І8
no_detector_for_type	SNILS	services_0013__m2718_homoglyph	adversarial	mut:homoglyph	valid	LEAK	5О1-163-148 18
no_detector_for_type	SNILS	services_0014	canonical		valid	LEAK	024-389-520 56
no_detector_for_type	SNILS	services_0014	canonical		valid	LEAK	687-587-173 83
no_detector_for_type	SNILS	services_0014__m1337_case	canonical		valid	LEAK	024-389-520 56
no_detector_for_type	SNILS	services_0014__m1337_case	canonical		valid	LEAK	687-587-173 83
no_detector_for_type	SNILS	services_0014__m2718_linebreak	adversarial	mut:linebreak	valid	LEAK	024\n-389-520 56
no_detector_for_type	SNILS	services_0014__m2718_linebreak	adversarial	mut:linebreak	valid	LEAK	687-587-173\n 83
no_detector_for_type	SNILS	supply_0003	canonical		valid	LEAK	003-219-113 82
no_detector_for_type	SNILS	supply_0003__m1337_digit_spaces	adversarial	mut:digit_spaces	valid	LEAK	003-219 -113  82
no_detector_for_type	SNILS	supply_0003__m2718_linebreak	adversarial	mut:linebreak	valid	LEAK	003-219-113\n 82
no_detector_for_type	SNILS	supply_0005	canonical		valid	LEAK	722-072-858 77
no_detector_for_type	SNILS	supply_0005__m1337_combo	adversarial	mut:combo	valid	LEAK	72 2-­О72-858 77
no_detector_for_type	SNILS	supply_0005__m2718_homoglyph	adversarial	mut:homoglyph	valid	hidden	722-О72-858 77
no_detector_for_type	SNILS	supply_0006	canonical		valid	LEAK	080-700-327 25
no_detector_for_type	SNILS	supply_0006	canonical		valid	LEAK	090-405-714 42
no_detector_for_type	SNILS	supply_0006__m1337_invisible	adversarial	mut:invisible	valid	LEAK	080-700­-327  25
no_detector_for_type	SNILS	supply_0006__m1337_invisible	adversarial	mut:invisible	valid	LEAK	090-405-7­1­4 42
no_detector_for_type	SNILS	supply_0006__m2718_digit_spaces	adversarial	mut:digit_spaces	valid	LEAK	090 -405 -714  42
no_detector_for_type	SNILS	supply_0006__m2718_digit_spaces	canonical		valid	LEAK	080-700-327 25
no_detector_for_type	SNILS	supply_0009	canonical		valid	LEAK	745-777-738 68
no_detector_for_type	SNILS	supply_0009__m1337_digit_spaces	adversarial	mut:digit_spaces	valid	LEAK	745-777-738  68
no_detector_for_type	SNILS	supply_0009__m2718_linebreak	adversarial	mut:linebreak	valid	LEAK	745-777-738 \n68
no_detector_for_type	SNILS	supply_0011	canonical		valid	LEAK	835-251-776 11
no_detector_for_type	SNILS	supply_0011__m1337_combo	adversarial	mut:combo	valid	LEAK	835­-251-77­б 11
no_detector_for_type	SNILS	supply_0011__m2718_homoglyph	adversarial	mut:homoglyph	valid	LEAK	8З5-251-77б 11
no_detector_for_type	SNILS	supply_0012	canonical		valid	LEAK	225-203-484 24
no_detector_for_type	SNILS	supply_0012	canonical		valid	LEAK	915-316-957 13
no_detector_for_type	SNILS	supply_0012__m1337_homoglyph	adversarial	mut:homoglyph	valid	LEAK	225-2ОЗ-48Ч 24
no_detector_for_type	SNILS	supply_0012__m1337_homoglyph	adversarial	mut:homoglyph	valid	LEAK	915-31б-957 1З
no_detector_for_type	SNILS	supply_0012__m2718_case	canonical		valid	LEAK	225-203-484 24
no_detector_for_type	SNILS	supply_0012__m2718_case	canonical		valid	LEAK	915-316-957 13
no_detector_for_type	SNILS	supply_0015	canonical		valid	LEAK	097-390-416 02
no_detector_for_type	SNILS	supply_0015__m1337_digit_spaces	adversarial	mut:digit_spaces	valid	LEAK	097 -390 -416  02
no_detector_for_type	SNILS	supply_0015__m2718_linebreak	adversarial	mut:linebreak	valid	LEAK	097-390-416 \n02
no_detector_for_type	SNILS	works_0003	canonical		valid	LEAK	003-458-758 40
no_detector_for_type	SNILS	works_0003__m1337_invisible	adversarial	mut:invisible	valid	LEAK	003-458-758 ­4⁠0
no_detector_for_type	SNILS	works_0003__m2718_case	canonical		valid	LEAK	003-458-758 40
no_detector_for_type	SNILS	works_0005	canonical		invalid	LEAK	879-362-328 73
no_detector_for_type	SNILS	works_0005__m1337_digit_spaces	adversarial	mut:digit_spaces	invalid	LEAK	879--362--328- 73
no_detector_for_type	SNILS	works_0005__m2718_linebreak	adversarial	mut:linebreak	invalid	LEAK	879-362\n-328 73
no_detector_for_type	SNILS	works_0006	canonical		valid	LEAK	332-107-481 27
no_detector_for_type	SNILS	works_0006	canonical		valid	LEAK	819-579-415 61
no_detector_for_type	SNILS	works_0006__m1337_digit_spaces	adversarial	mut:digit_spaces	valid	LEAK	332 -107-481  27
no_detector_for_type	SNILS	works_0006__m1337_digit_spaces	adversarial	mut:digit_spaces	valid	LEAK	819 -579 -415 61
no_detector_for_type	SNILS	works_0006__m2718_combo	adversarial	mut:combo	valid	LEAK	819-⁠579-Ч15​ 61
no_detector_for_type	SNILS	works_0006__m2718_combo	adversarial	mut:combo	valid	LEAK	З32-І‍07-4 81 27
no_detector_for_type	SNILS	works_0009	canonical		valid	LEAK	741-174-179 84
no_detector_for_type	SNILS	works_0009__m1337_invisible	adversarial	mut:invisible	valid	LEAK	741-1⁠7‍4-179 84
no_detector_for_type	SNILS	works_0009__m2718_case	canonical		valid	LEAK	741-174-179 84
no_detector_for_type	SNILS	works_0011	canonical		invalid	LEAK	633-679-176 34
no_detector_for_type	SNILS	works_0011__m1337_digit_spaces	adversarial	mut:digit_spaces	invalid	LEAK	633 -679 -176 34
no_detector_for_type	SNILS	works_0011__m2718_linebreak	adversarial	mut:linebreak	invalid	LEAK	633-679-17\n6 34
no_detector_for_type	SNILS	works_0012	canonical		valid	LEAK	331-065-029 20
no_detector_for_type	SNILS	works_0012	canonical		valid	LEAK	989-563-041 87
no_detector_for_type	SNILS	works_0012__m1337_case	canonical		valid	LEAK	331-065-029 20
no_detector_for_type	SNILS	works_0012__m1337_case	canonical		valid	LEAK	989-563-041 87
no_detector_for_type	SNILS	works_0012__m2718_linebreak	adversarial	mut:linebreak	valid	LEAK	331-065\n-029 20
no_detector_for_type	SNILS	works_0012__m2718_linebreak	adversarial	mut:linebreak	valid	LEAK	989-563-041 \n87
no_detector_passport_subdiv	PASSPORT	agency_0003	ugly			hidden	275-592
no_detector_passport_subdiv	PASSPORT	agency_0003	ugly			hidden	275-592
no_detector_passport_subdiv	PASSPORT	agency_0003__m2718_case	ugly			LEAK	275-592
no_detector_passport_subdiv	PASSPORT	agency_0003__m2718_case	ugly			LEAK	275-592
no_detector_passport_subdiv	PASSPORT	agency_0005	ugly			LEAK	704-068
no_detector_passport_subdiv	PASSPORT	agency_0005	ugly			LEAK	704-068
no_detector_passport_subdiv	PASSPORT	agency_0005__m1337_digit_spaces	adversarial	mut:digit_spaces		LEAK	704 -068
no_detector_passport_subdiv	PASSPORT	agency_0005__m1337_digit_spaces	adversarial	mut:digit_spaces		LEAK	704 -068
no_detector_passport_subdiv	PASSPORT	agency_0005__m2718_linebreak	adversarial	mut:linebreak		LEAK	704-\n068
no_detector_passport_subdiv	PASSPORT	agency_0005__m2718_linebreak	adversarial	mut:linebreak		LEAK	704\n-068
no_detector_passport_subdiv	PASSPORT	agency_0006	ugly			LEAK	080-124
no_detector_passport_subdiv	PASSPORT	agency_0006	ugly			LEAK	080-124
no_detector_passport_subdiv	PASSPORT	agency_0006	ugly			LEAK	085-796
no_detector_passport_subdiv	PASSPORT	agency_0006	ugly			LEAK	085-796
no_detector_passport_subdiv	PASSPORT	agency_0009	ugly			hidden	826-644
no_detector_passport_subdiv	PASSPORT	agency_0009	ugly			hidden	826-644
no_detector_passport_subdiv	PASSPORT	agency_0009__m1337_invisible	adversarial	mut:invisible		LEAK	826- 644
no_detector_passport_subdiv	PASSPORT	agency_0009__m2718_case	ugly			hidden	826-644
no_detector_passport_subdiv	PASSPORT	agency_0009__m2718_case	ugly			hidden	826-644
no_detector_passport_subdiv	PASSPORT	cession_0001	ugly			LEAK	787-280
no_detector_passport_subdiv	PASSPORT	cession_0001	ugly			LEAK	787-280
no_detector_passport_subdiv	PASSPORT	cession_0001__m1337_digit_spaces	ugly			LEAK	787-280
no_detector_passport_subdiv	PASSPORT	cession_0001__m2718_linebreak	adversarial	mut:linebreak		LEAK	787-\n280
no_detector_passport_subdiv	PASSPORT	cession_0002	ugly			LEAK	117-815
no_detector_passport_subdiv	PASSPORT	cession_0002	ugly			LEAK	117-815
no_detector_passport_subdiv	PASSPORT	cession_0002	ugly			LEAK	926-827
no_detector_passport_subdiv	PASSPORT	cession_0002	ugly			LEAK	926-827
no_detector_passport_subdiv	PASSPORT	cession_0002__m1337_linebreak	adversarial	mut:linebreak		LEAK	117-\n815
no_detector_passport_subdiv	PASSPORT	cession_0002__m1337_linebreak	adversarial	mut:linebreak		LEAK	117\n-815
no_detector_passport_subdiv	PASSPORT	cession_0002__m2718_cell_split	ugly			LEAK	117-815
no_detector_passport_subdiv	PASSPORT	cession_0002__m2718_cell_split	ugly			LEAK	117-815
no_detector_passport_subdiv	PASSPORT	cession_0002__m2718_cell_split	ugly			LEAK	926-827
no_detector_passport_subdiv	PASSPORT	cession_0002__m2718_cell_split	ugly			LEAK	926-827
no_detector_passport_subdiv	PASSPORT	cession_0005	ugly			hidden	699-264
no_detector_passport_subdiv	PASSPORT	cession_0005	ugly			hidden	699-264
no_detector_passport_subdiv	PASSPORT	cession_0005__m2718_case	ugly			hidden	699-264
no_detector_passport_subdiv	PASSPORT	cession_0005__m2718_case	ugly			hidden	699-264
no_detector_passport_subdiv	PASSPORT	cession_0007	ugly			LEAK	356-324
no_detector_passport_subdiv	PASSPORT	cession_0007	ugly			LEAK	356-324
no_detector_passport_subdiv	PASSPORT	cession_0007__m1337_digit_spaces	adversarial	mut:digit_spaces		LEAK	356 -324
no_detector_passport_subdiv	PASSPORT	cession_0007__m1337_digit_spaces	adversarial	mut:digit_spaces		LEAK	356 -324
no_detector_passport_subdiv	PASSPORT	cession_0007__m2718_linebreak	adversarial	mut:linebreak		LEAK	356\n-324
no_detector_passport_subdiv	PASSPORT	cession_0008	ugly			LEAK	083-218
no_detector_passport_subdiv	PASSPORT	cession_0008	ugly			LEAK	083-218
no_detector_passport_subdiv	PASSPORT	cession_0008	ugly			LEAK	681-287
no_detector_passport_subdiv	PASSPORT	cession_0008	ugly			LEAK	681-287
no_detector_passport_subdiv	PASSPORT	cession_0008__m1337_digit_spaces	adversarial	mut:digit_spaces		LEAK	083 -218
no_detector_passport_subdiv	PASSPORT	cession_0008__m1337_digit_spaces	adversarial	mut:digit_spaces		LEAK	681 -287
no_detector_passport_subdiv	PASSPORT	labor_0001	ugly			LEAK	622-513
no_detector_passport_subdiv	PASSPORT	labor_0001	ugly			LEAK	622-513
no_detector_passport_subdiv	PASSPORT	labor_0002	ugly			LEAK	306-273
no_detector_passport_subdiv	PASSPORT	labor_0002	ugly			LEAK	306-273
no_detector_passport_subdiv	PASSPORT	labor_0003	ugly			LEAK	504-992
no_detector_passport_subdiv	PASSPORT	labor_0003	ugly			LEAK	504-992
no_detector_passport_subdiv	PASSPORT	labor_0003__m1337_invisible	adversarial	mut:invisible		LEAK	504 -992
no_detector_passport_subdiv	PASSPORT	labor_0003__m2718_case	ugly			LEAK	504-992
no_detector_passport_subdiv	PASSPORT	labor_0003__m2718_case	ugly			LEAK	504-992
no_detector_passport_subdiv	PASSPORT	labor_0004	ugly			LEAK	074-207
no_detector_passport_subdiv	PASSPORT	labor_0004	ugly			LEAK	074-207
no_detector_passport_subdiv	PASSPORT	labor_0004__m2718_case	ugly			LEAK	074-207
no_detector_passport_subdiv	PASSPORT	labor_0004__m2718_case	ugly			LEAK	074-207
no_detector_passport_subdiv	PASSPORT	labor_0005	ugly			LEAK	272-910
no_detector_passport_subdiv	PASSPORT	labor_0005	ugly			LEAK	272-910
no_detector_passport_subdiv	PASSPORT	labor_0005__m1337_digit_spaces	adversarial	mut:digit_spaces		LEAK	272 -910
no_detector_passport_subdiv	PASSPORT	labor_0005__m2718_linebreak	adversarial	mut:linebreak		hidden	272\n-910
no_detector_passport_subdiv	PASSPORT	labor_0006	ugly			LEAK	567-240
no_detector_passport_subdiv	PASSPORT	labor_0006	ugly			LEAK	567-240
no_detector_passport_subdiv	PASSPORT	labor_0006__m1337_case	ugly			LEAK	567-240
no_detector_passport_subdiv	PASSPORT	labor_0006__m1337_case	ugly			LEAK	567-240
no_detector_passport_subdiv	PASSPORT	labor_0007	ugly			hidden	282-227
no_detector_passport_subdiv	PASSPORT	labor_0007	ugly			hidden	282-227
no_detector_passport_subdiv	PASSPORT	labor_0007__m2718_homoglyph	ugly			hidden	282-227
no_detector_passport_subdiv	PASSPORT	labor_0007__m2718_homoglyph	ugly			hidden	282-227
no_detector_passport_subdiv	PASSPORT	labor_0008	ugly			LEAK	347-995
no_detector_passport_subdiv	PASSPORT	labor_0008	ugly			LEAK	347-995
no_detector_passport_subdiv	PASSPORT	labor_0008__m1337_linebreak	adversarial	mut:linebreak		LEAK	347-\n995
no_detector_passport_subdiv	PASSPORT	labor_0008__m1337_linebreak	adversarial	mut:linebreak		LEAK	347\n-995
no_detector_passport_subdiv	PASSPORT	labor_0008__m2718_cell_split	ugly			LEAK	347-995
no_detector_passport_subdiv	PASSPORT	labor_0008__m2718_cell_split	ugly			LEAK	347-995
no_detector_passport_subdiv	PASSPORT	labor_0009	ugly			LEAK	247-937
no_detector_passport_subdiv	PASSPORT	labor_0009	ugly			LEAK	247-937
no_detector_passport_subdiv	PASSPORT	labor_0009__m2718_case	ugly			LEAK	247-937
no_detector_passport_subdiv	PASSPORT	labor_0009__m2718_case	ugly			LEAK	247-937
no_detector_passport_subdiv	PASSPORT	labor_0010	ugly			LEAK	045-121
no_detector_passport_subdiv	PASSPORT	labor_0010	ugly			LEAK	045-121
no_detector_passport_subdiv	PASSPORT	labor_0010__m1337_cell_split	ugly			LEAK	045-121
no_detector_passport_subdiv	PASSPORT	labor_0010__m1337_cell_split	ugly			LEAK	045-121
no_detector_passport_subdiv	PASSPORT	labor_0010__m2718_invisible	adversarial	mut:invisible		LEAK	045 -121
no_detector_passport_subdiv	PASSPORT	labor_0011	ugly			hidden	998-988
no_detector_passport_subdiv	PASSPORT	labor_0011	ugly			hidden	998-988
no_detector_passport_subdiv	PASSPORT	labor_0011__m1337_digit_spaces	adversarial	mut:digit_spaces		LEAK	998 -988
no_detector_passport_subdiv	PASSPORT	labor_0011__m1337_digit_spaces	ugly			LEAK	998-988
no_detector_passport_subdiv	PASSPORT	labor_0011__m2718_linebreak	adversarial	mut:linebreak		hidden	998\n-988
no_detector_passport_subdiv	PASSPORT	labor_0011__m2718_linebreak	adversarial	mut:linebreak		hidden	998\n-988
no_detector_passport_subdiv	PASSPORT	labor_0012	ugly			LEAK	105-772
no_detector_passport_subdiv	PASSPORT	labor_0012	ugly			LEAK	105-772
no_detector_passport_subdiv	PASSPORT	labor_0012__m2718_digit_spaces	ugly			LEAK	105-772
no_detector_passport_subdiv	PASSPORT	lease_0003	ugly			hidden	205-879
no_detector_passport_subdiv	PASSPORT	lease_0003	ugly			hidden	205-879
no_detector_passport_subdiv	PASSPORT	lease_0003__m2718_case	ugly			hidden	205-879
no_detector_passport_subdiv	PASSPORT	lease_0003__m2718_case	ugly			hidden	205-879
no_detector_passport_subdiv	PASSPORT	lease_0005	ugly			LEAK	117-042
no_detector_passport_subdiv	PASSPORT	lease_0005	ugly			LEAK	117-042
no_detector_passport_subdiv	PASSPORT	lease_0005__m1337_digit_spaces	ugly			LEAK	117-042
no_detector_passport_subdiv	PASSPORT	lease_0005__m1337_digit_spaces	ugly			LEAK	117-042
no_detector_passport_subdiv	PASSPORT	lease_0005__m2718_linebreak	adversarial	mut:linebreak		hidden	117\n-042
no_detector_passport_subdiv	PASSPORT	lease_0006	ugly			LEAK	338-549
no_detector_passport_subdiv	PASSPORT	lease_0006	ugly			LEAK	338-549
no_detector_passport_subdiv	PASSPORT	lease_0006	ugly			LEAK	616-306
no_detector_passport_subdiv	PASSPORT	lease_0006	ugly			LEAK	616-306
no_detector_passport_subdiv	PASSPORT	lease_0006__m2718_case	ugly			LEAK	338-549
no_detector_passport_subdiv	PASSPORT	lease_0006__m2718_case	ugly			LEAK	338-549
no_detector_passport_subdiv	PASSPORT	lease_0006__m2718_case	ugly			LEAK	616-306
no_detector_passport_subdiv	PASSPORT	lease_0006__m2718_case	ugly			LEAK	616-306
no_detector_passport_subdiv	PASSPORT	lease_0009	ugly			LEAK	907-108
no_detector_passport_subdiv	PASSPORT	lease_0009	ugly			LEAK	907-108
no_detector_passport_subdiv	PASSPORT	lease_0009__m2718_case	ugly			hidden	907-108
no_detector_passport_subdiv	PASSPORT	lease_0009__m2718_case	ugly			hidden	907-108
no_detector_passport_subdiv	PASSPORT	lease_0011	ugly			hidden	777-183
no_detector_passport_subdiv	PASSPORT	lease_0011	ugly			hidden	777-183
no_detector_passport_subdiv	PASSPORT	lease_0011__m1337_digit_spaces	ugly			hidden	777-183
no_detector_passport_subdiv	PASSPORT	lease_0011__m1337_digit_spaces	ugly			hidden	777-183
no_detector_passport_subdiv	PASSPORT	lease_0011__m2718_linebreak	adversarial	mut:linebreak		LEAK	777-\n183
no_detector_passport_subdiv	PASSPORT	lease_0012	ugly			LEAK	641-413
no_detector_passport_subdiv	PASSPORT	lease_0012	ugly			LEAK	641-413
no_detector_passport_subdiv	PASSPORT	lease_0012	ugly			LEAK	668-653
no_detector_passport_subdiv	PASSPORT	lease_0012	ugly			LEAK	668-653
no_detector_passport_subdiv	PASSPORT	lease_0012__m1337_cell_split	ugly			LEAK	641-413
no_detector_passport_subdiv	PASSPORT	lease_0012__m1337_cell_split	ugly			LEAK	641-413
no_detector_passport_subdiv	PASSPORT	lease_0012__m1337_cell_split	ugly			LEAK	668-653
no_detector_passport_subdiv	PASSPORT	lease_0012__m1337_cell_split	ugly			LEAK	668-653
no_detector_passport_subdiv	PASSPORT	loan_0003	ugly			LEAK	708-657
no_detector_passport_subdiv	PASSPORT	loan_0003	ugly			LEAK	708-657
no_detector_passport_subdiv	PASSPORT	loan_0003__m2718_case	ugly			LEAK	708-657
no_detector_passport_subdiv	PASSPORT	loan_0003__m2718_case	ugly			LEAK	708-657
no_detector_passport_subdiv	PASSPORT	loan_0005	ugly			hidden	321-993
no_detector_passport_subdiv	PASSPORT	loan_0005	ugly			hidden	321-993
no_detector_passport_subdiv	PASSPORT	loan_0005__m1337_digit_spaces	ugly			hidden	321-993
no_detector_passport_subdiv	PASSPORT	loan_0005__m1337_digit_spaces	ugly			hidden	321-993
no_detector_passport_subdiv	PASSPORT	loan_0005__m2718_linebreak	adversarial	mut:linebreak		LEAK	321\n-993
no_detector_passport_subdiv	PASSPORT	loan_0006	ugly			LEAK	371-970
no_detector_passport_subdiv	PASSPORT	loan_0006	ugly			LEAK	371-970
no_detector_passport_subdiv	PASSPORT	loan_0006	ugly			LEAK	953-175
no_detector_passport_subdiv	PASSPORT	loan_0006	ugly			LEAK	953-175
no_detector_passport_subdiv	PASSPORT	loan_0009	ugly			hidden	624-830
no_detector_passport_subdiv	PASSPORT	loan_0009	ugly			hidden	624-830
no_detector_passport_subdiv	PASSPORT	loan_0009__m2718_case	ugly			LEAK	624-830
no_detector_passport_subdiv	PASSPORT	loan_0009__m2718_case	ugly			LEAK	624-830
no_detector_passport_subdiv	PASSPORT	sale_0001	ugly			hidden	046-177
no_detector_passport_subdiv	PASSPORT	sale_0001	ugly			hidden	046-177
no_detector_passport_subdiv	PASSPORT	sale_0001__m1337_digit_spaces	adversarial	mut:digit_spaces		LEAK	046 -177
no_detector_passport_subdiv	PASSPORT	sale_0001__m2718_linebreak	adversarial	mut:linebreak		LEAK	046-\n177
no_detector_passport_subdiv	PASSPORT	sale_0002	ugly			LEAK	094-925
no_detector_passport_subdiv	PASSPORT	sale_0002	ugly			LEAK	094-925
no_detector_passport_subdiv	PASSPORT	sale_0002	ugly			LEAK	448-818
no_detector_passport_subdiv	PASSPORT	sale_0002	ugly			LEAK	448-818
no_detector_passport_subdiv	PASSPORT	sale_0002__m1337_linebreak	adversarial	mut:linebreak		LEAK	448\n-818
no_detector_passport_subdiv	PASSPORT	sale_0002__m2718_cell_split	ugly			LEAK	094-925
no_detector_passport_subdiv	PASSPORT	sale_0002__m2718_cell_split	ugly			LEAK	094-925
no_detector_passport_subdiv	PASSPORT	sale_0002__m2718_cell_split	ugly			LEAK	448-818
no_detector_passport_subdiv	PASSPORT	sale_0002__m2718_cell_split	ugly			LEAK	448-818
no_detector_passport_subdiv	PASSPORT	sale_0005	ugly			hidden	029-306
no_detector_passport_subdiv	PASSPORT	sale_0005	ugly			hidden	029-306
no_detector_passport_subdiv	PASSPORT	sale_0005__m2718_case	ugly			hidden	029-306
no_detector_passport_subdiv	PASSPORT	sale_0005__m2718_case	ugly			hidden	029-306
no_detector_passport_subdiv	PASSPORT	sale_0007	ugly			LEAK	865-710
no_detector_passport_subdiv	PASSPORT	sale_0007	ugly			LEAK	865-710
no_detector_passport_subdiv	PASSPORT	sale_0007__m1337_digit_spaces	ugly			LEAK	865-710
no_detector_passport_subdiv	PASSPORT	sale_0007__m1337_digit_spaces	ugly			LEAK	865-710
no_detector_passport_subdiv	PASSPORT	sale_0007__m2718_linebreak	adversarial	mut:linebreak		hidden	865\n-710
no_detector_passport_subdiv	PASSPORT	sale_0008	ugly			LEAK	587-862
no_detector_passport_subdiv	PASSPORT	sale_0008	ugly			LEAK	587-862
no_detector_passport_subdiv	PASSPORT	sale_0008	ugly			LEAK	631-632
no_detector_passport_subdiv	PASSPORT	sale_0008	ugly			LEAK	631-632
no_detector_passport_subdiv	PASSPORT	sale_0008__m1337_digit_spaces	ugly			LEAK	587-862
no_detector_passport_subdiv	PASSPORT	sale_0008__m1337_digit_spaces	ugly			LEAK	587-862
no_detector_passport_subdiv	PASSPORT	sale_0008__m1337_digit_spaces	ugly			LEAK	631-632
no_detector_passport_subdiv	PASSPORT	sale_0011	ugly			LEAK	263-964
no_detector_passport_subdiv	PASSPORT	sale_0011	ugly			LEAK	263-964
no_detector_passport_subdiv	PASSPORT	sale_0011__m2718_case	ugly			hidden	263-964
no_detector_passport_subdiv	PASSPORT	sale_0011__m2718_case	ugly			hidden	263-964
no_detector_passport_subdiv	PASSPORT	sale_0013	ugly			hidden	808-581
no_detector_passport_subdiv	PASSPORT	sale_0013	ugly			hidden	808-581
no_detector_passport_subdiv	PASSPORT	sale_0013__m1337_digit_spaces	adversarial	mut:digit_spaces		LEAK	808 -581
no_detector_passport_subdiv	PASSPORT	sale_0013__m1337_digit_spaces	ugly			LEAK	808-581
no_detector_passport_subdiv	PASSPORT	sale_0013__m2718_linebreak	adversarial	mut:linebreak		LEAK	808-\n581
no_detector_passport_subdiv	PASSPORT	sale_0013__m2718_linebreak	adversarial	mut:linebreak		LEAK	808-\n581
no_detector_passport_subdiv	PASSPORT	sale_0014	ugly			LEAK	306-387
no_detector_passport_subdiv	PASSPORT	sale_0014	ugly			LEAK	306-387
no_detector_passport_subdiv	PASSPORT	sale_0014	ugly			LEAK	906-655
no_detector_passport_subdiv	PASSPORT	sale_0014	ugly			LEAK	906-655
no_detector_passport_subdiv	PASSPORT	sale_0014__m1337_case	ugly			LEAK	306-387
no_detector_passport_subdiv	PASSPORT	sale_0014__m1337_case	ugly			LEAK	306-387
no_detector_passport_subdiv	PASSPORT	sale_0014__m1337_case	ugly			LEAK	906-655
no_detector_passport_subdiv	PASSPORT	sale_0014__m1337_case	ugly			LEAK	906-655
no_detector_passport_subdiv	PASSPORT	sale_0014__m2718_linebreak	adversarial	mut:linebreak		LEAK	906\n-655
no_detector_passport_subdiv	PASSPORT	services_0001	ugly			LEAK	812-400
no_detector_passport_subdiv	PASSPORT	services_0001	ugly			LEAK	812-400
no_detector_passport_subdiv	PASSPORT	services_0002	ugly			LEAK	479-259
no_detector_passport_subdiv	PASSPORT	services_0002	ugly			LEAK	479-259
no_detector_passport_subdiv	PASSPORT	services_0002	ugly			LEAK	582-034
no_detector_passport_subdiv	PASSPORT	services_0002	ugly			LEAK	582-034
no_detector_passport_subdiv	PASSPORT	services_0002__m1337_linebreak	adversarial	mut:linebreak		LEAK	479-\n259
no_detector_passport_subdiv	PASSPORT	services_0002__m1337_linebreak	adversarial	mut:linebreak		LEAK	479-\n259
no_detector_passport_subdiv	PASSPORT	services_0002__m1337_linebreak	adversarial	mut:linebreak		LEAK	582-\n034
no_detector_passport_subdiv	PASSPORT	services_0002__m2718_cell_split	ugly			LEAK	479-259
no_detector_passport_subdiv	PASSPORT	services_0002__m2718_cell_split	ugly			LEAK	479-259
no_detector_passport_subdiv	PASSPORT	services_0002__m2718_cell_split	ugly			LEAK	582-034
no_detector_passport_subdiv	PASSPORT	services_0002__m2718_cell_split	ugly			LEAK	582-034
no_detector_passport_subdiv	PASSPORT	services_0005	ugly			LEAK	116-752
no_detector_passport_subdiv	PASSPORT	services_0005	ugly			LEAK	116-752
no_detector_passport_subdiv	PASSPORT	services_0005__m1337_digit_spaces	adversarial	mut:digit_spaces		LEAK	116 -752
no_detector_passport_subdiv	PASSPORT	services_0005__m1337_digit_spaces	ugly			LEAK	116-752
no_detector_passport_subdiv	PASSPORT	services_0005__m2718_linebreak	adversarial	mut:linebreak		hidden	116\n-752
no_detector_passport_subdiv	PASSPORT	services_0007	ugly			LEAK	099-218
no_detector_passport_subdiv	PASSPORT	services_0007	ugly			LEAK	099-218
no_detector_passport_subdiv	PASSPORT	services_0008	ugly			LEAK	106-352
no_detector_passport_subdiv	PASSPORT	services_0008	ugly			LEAK	106-352
no_detector_passport_subdiv	PASSPORT	services_0008	ugly			LEAK	136-118
no_detector_passport_subdiv	PASSPORT	services_0008	ugly			LEAK	136-118
no_detector_passport_subdiv	PASSPORT	services_0008__m1337_digit_spaces	adversarial	mut:digit_spaces		LEAK	106 -352
no_detector_passport_subdiv	PASSPORT	services_0008__m1337_digit_spaces	adversarial	mut:digit_spaces		LEAK	106 -352
no_detector_passport_subdiv	PASSPORT	services_0008__m1337_digit_spaces	ugly			LEAK	136-118
no_detector_passport_subdiv	PASSPORT	services_0011	ugly			hidden	714-857
no_detector_passport_subdiv	PASSPORT	services_0011	ugly			hidden	714-857
no_detector_passport_subdiv	PASSPORT	services_0011__m1337_digit_spaces	adversarial	mut:digit_spaces		LEAK	714 -857
no_detector_passport_subdiv	PASSPORT	services_0011__m2718_linebreak	adversarial	mut:linebreak		LEAK	714-\n857
no_detector_passport_subdiv	PASSPORT	services_0011__m2718_linebreak	adversarial	mut:linebreak		LEAK	714-\n857
no_detector_passport_subdiv	PASSPORT	services_0013	ugly			hidden	940-219
no_detector_passport_subdiv	PASSPORT	services_0013	ugly			hidden	940-219
no_detector_passport_subdiv	PASSPORT	services_0014	ugly			LEAK	018-927
no_detector_passport_subdiv	PASSPORT	services_0014	ugly			LEAK	018-927
no_detector_passport_subdiv	PASSPORT	services_0014	ugly			LEAK	798-238
no_detector_passport_subdiv	PASSPORT	services_0014	ugly			LEAK	798-238
no_detector_passport_subdiv	PASSPORT	services_0014__m1337_case	ugly			LEAK	018-927
no_detector_passport_subdiv	PASSPORT	services_0014__m1337_case	ugly			LEAK	018-927
no_detector_passport_subdiv	PASSPORT	services_0014__m1337_case	ugly			LEAK	798-238
no_detector_passport_subdiv	PASSPORT	services_0014__m1337_case	ugly			LEAK	798-238
no_detector_passport_subdiv	PASSPORT	services_0014__m2718_linebreak	adversarial	mut:linebreak		LEAK	798\n-238
no_detector_passport_subdiv	PASSPORT	supply_0003	ugly			LEAK	051-237
no_detector_passport_subdiv	PASSPORT	supply_0003	ugly			LEAK	051-237
no_detector_passport_subdiv	PASSPORT	supply_0003__m1337_digit_spaces	ugly			LEAK	051-237
no_detector_passport_subdiv	PASSPORT	supply_0003__m2718_linebreak	adversarial	mut:linebreak		hidden	051\n-237
no_detector_passport_subdiv	PASSPORT	supply_0005	ugly			hidden	152-320
no_detector_passport_subdiv	PASSPORT	supply_0005	ugly			hidden	152-320
no_detector_passport_subdiv	PASSPORT	supply_0006	ugly			LEAK	476-485
no_detector_passport_subdiv	PASSPORT	supply_0006	ugly			LEAK	476-485
no_detector_passport_subdiv	PASSPORT	supply_0006	ugly			LEAK	665-126
no_detector_passport_subdiv	PASSPORT	supply_0006	ugly			LEAK	665-126
no_detector_passport_subdiv	PASSPORT	supply_0006__m2718_digit_spaces	adversarial	mut:digit_spaces		LEAK	476 -485
no_detector_passport_subdiv	PASSPORT	supply_0006__m2718_digit_spaces	adversarial	mut:digit_spaces		LEAK	476 -485
no_detector_passport_subdiv	PASSPORT	supply_0006__m2718_digit_spaces	ugly			LEAK	665-126
no_detector_passport_subdiv	PASSPORT	supply_0006__m2718_digit_spaces	ugly			LEAK	665-126
no_detector_passport_subdiv	PASSPORT	supply_0009	ugly			hidden	707-748
no_detector_passport_subdiv	PASSPORT	supply_0009	ugly			hidden	707-748
no_detector_passport_subdiv	PASSPORT	supply_0009__m1337_digit_spaces	adversarial	mut:digit_spaces		LEAK	707 -748
no_detector_passport_subdiv	PASSPORT	supply_0009__m1337_digit_spaces	adversarial	mut:digit_spaces		LEAK	707 -748
no_detector_passport_subdiv	PASSPORT	supply_0009__m2718_linebreak	adversarial	mut:linebreak		LEAK	707\n-748
no_detector_passport_subdiv	PASSPORT	supply_0011	ugly			LEAK	078-640
no_detector_passport_subdiv	PASSPORT	supply_0011	ugly			LEAK	078-640
no_detector_passport_subdiv	PASSPORT	supply_0012	ugly			LEAK	864-848
no_detector_passport_subdiv	PASSPORT	supply_0012	ugly			LEAK	864-848
no_detector_passport_subdiv	PASSPORT	supply_0012	ugly			LEAK	914-737
no_detector_passport_subdiv	PASSPORT	supply_0012	ugly			LEAK	914-737
no_detector_passport_subdiv	PASSPORT	supply_0012__m2718_case	ugly			LEAK	864-848
no_detector_passport_subdiv	PASSPORT	supply_0012__m2718_case	ugly			LEAK	864-848
no_detector_passport_subdiv	PASSPORT	supply_0012__m2718_case	ugly			LEAK	914-737
no_detector_passport_subdiv	PASSPORT	supply_0012__m2718_case	ugly			LEAK	914-737
no_detector_passport_subdiv	PASSPORT	supply_0015	ugly			LEAK	061-662
no_detector_passport_subdiv	PASSPORT	supply_0015	ugly			LEAK	061-662
no_detector_passport_subdiv	PASSPORT	supply_0015__m1337_digit_spaces	ugly			LEAK	061-662
no_detector_passport_subdiv	PASSPORT	supply_0015__m1337_digit_spaces	ugly			LEAK	061-662
no_detector_passport_subdiv	PASSPORT	works_0003	ugly			hidden	710-697
no_detector_passport_subdiv	PASSPORT	works_0003	ugly			hidden	710-697
no_detector_passport_subdiv	PASSPORT	works_0003__m2718_case	ugly			LEAK	710-697
no_detector_passport_subdiv	PASSPORT	works_0003__m2718_case	ugly			LEAK	710-697
no_detector_passport_subdiv	PASSPORT	works_0005	ugly			hidden	683-381
no_detector_passport_subdiv	PASSPORT	works_0005	ugly			hidden	683-381
no_detector_passport_subdiv	PASSPORT	works_0005__m1337_digit_spaces	adversarial	mut:digit_spaces		LEAK	683 -381
no_detector_passport_subdiv	PASSPORT	works_0005__m2718_linebreak	adversarial	mut:linebreak		hidden	683\n-381
no_detector_passport_subdiv	PASSPORT	works_0006	ugly			LEAK	201-682
no_detector_passport_subdiv	PASSPORT	works_0006	ugly			LEAK	201-682
no_detector_passport_subdiv	PASSPORT	works_0006	ugly			LEAK	472-555
no_detector_passport_subdiv	PASSPORT	works_0006	ugly			LEAK	472-555
no_detector_passport_subdiv	PASSPORT	works_0006__m1337_digit_spaces	ugly			LEAK	472-555
no_detector_passport_subdiv	PASSPORT	works_0006__m1337_digit_spaces	ugly			LEAK	472-555
no_detector_passport_subdiv	PASSPORT	works_0009	ugly			hidden	308-065
no_detector_passport_subdiv	PASSPORT	works_0009	ugly			hidden	308-065
no_detector_passport_subdiv	PASSPORT	works_0009__m1337_invisible	adversarial	mut:invisible		LEAK	308 -065
no_detector_passport_subdiv	PASSPORT	works_0009__m2718_case	ugly			hidden	308-065
no_detector_passport_subdiv	PASSPORT	works_0009__m2718_case	ugly			hidden	308-065
no_detector_passport_subdiv	PASSPORT	works_0011	ugly			LEAK	300-212
no_detector_passport_subdiv	PASSPORT	works_0011	ugly			LEAK	300-212
no_detector_passport_subdiv	PASSPORT	works_0011__m1337_digit_spaces	adversarial	mut:digit_spaces		LEAK	300 -212
no_detector_passport_subdiv	PASSPORT	works_0011__m1337_digit_spaces	adversarial	mut:digit_spaces		LEAK	300 -212
no_detector_passport_subdiv	PASSPORT	works_0012	ugly			LEAK	684-847
no_detector_passport_subdiv	PASSPORT	works_0012	ugly			LEAK	684-847
no_detector_passport_subdiv	PASSPORT	works_0012	ugly			LEAK	702-982
no_detector_passport_subdiv	PASSPORT	works_0012	ugly			LEAK	702-982
no_detector_passport_subdiv	PASSPORT	works_0012__m1337_case	ugly			LEAK	684-847
no_detector_passport_subdiv	PASSPORT	works_0012__m1337_case	ugly			LEAK	684-847
no_detector_passport_subdiv	PASSPORT	works_0012__m1337_case	ugly			LEAK	702-982
no_detector_passport_subdiv	PASSPORT	works_0012__m1337_case	ugly			LEAK	702-982
no_detector_passport_subdiv	PASSPORT	works_0012__m2718_linebreak	adversarial	mut:linebreak		LEAK	684-\n847
no_detector_passport_subdiv	PASSPORT	works_0012__m2718_linebreak	adversarial	mut:linebreak		LEAK	684-\n847
no_pattern_unrecognized	ACCOUNT	agency_0002__m2718_digit_spaces	adversarial	mut:digit_spaces		LEAK	301-0-18104000-000002-25
no_pattern_unrecognized	ACCOUNT	agency_0002__m2718_digit_spaces	adversarial	mut:digit_spaces		hidden	408 02810 4451 459 0 1597
no_pattern_unrecognized	ACCOUNT	agency_0005__m1337_digit_spaces	adversarial	mut:digit_spaces	valid	LEAK	4080-28-105-490-8164-6317-
no_pattern_unrecognized	ACCOUNT	cession_0006__m2718_digit_spaces	adversarial	mut:digit_spaces	valid	LEAK	4080-2810-3750-111-5-3652-
no_pattern_unrecognized	ACCOUNT	cession_0007__m1337_digit_spaces	adversarial	mut:digit_spaces	valid	LEAK	408-0-28-10-6-187-1505-7601
no_pattern_unrecognized	ACCOUNT	sale_0006__m2718_digit_spaces	adversarial	mut:digit_spaces		hidden	408-0-28-101-660-081-85855-
no_pattern_unrecognized	ACCOUNT	sale_0008__m1337_digit_spaces	adversarial	mut:digit_spaces		LEAK	408-1- 7810 6331 0146 218-9
no_pattern_unrecognized	ACCOUNT	supply_0003__m1337_digit_spaces	adversarial	mut:digit_spaces	valid	LEAK	407028-102941-161-165-92
no_pattern_unrecognized	ACCOUNT	supply_0009__m1337_digit_spaces	adversarial	mut:digit_spaces		LEAK	301-0-18107-000-000-001-87
no_pattern_unrecognized	ACCOUNT	supply_0015__m1337_digit_spaces	adversarial	mut:digit_spaces		LEAK	301-01810-2-000-000-007-00
no_pattern_unrecognized	ADDRESS	agency_0008	adversarial	dense_line		LEAK	Ростов-на-Дону  Садовая 33
no_pattern_unrecognized	ADDRESS	cession_0004	adversarial	dense_line		LEAK	Санкт-Петербург  Полевая 44
no_pattern_unrecognized	ADDRESS	cession_0004__m1337_cell_split	adversarial	dense_line		LEAK	Санкт-Петербург  Полевая 44
no_pattern_unrecognized	ADDRESS	labor_0005__m1337_digit_spaces	adversarial	dense_line		LEAK	Екатеринбург  Строителей 16
no_pattern_unrecognized	ADDRESS	sale_0005	adversarial	dense_line		LEAK	Красногорск  Тверская 24
no_pattern_unrecognized	ADDRESS	works_0009	adversarial	dense_line		LEAK	Красногорск  Гагарина 74
no_pattern_unrecognized	BIK	cession_0001__m1337_digit_spaces	adversarial	mut:digit_spaces		LEAK	044-030-790-
no_pattern_unrecognized	BIK	labor_0005__m1337_digit_spaces	adversarial	mut:digit_spaces		LEAK	044-0-30-79-0
no_pattern_unrecognized	BIK	lease_0002__m1337_digit_spaces	adversarial	mut:digit_spaces		LEAK	04500476-3
no_pattern_unrecognized	BIK	lease_0005__m1337_digit_spaces	adversarial	mut:digit_spaces		LEAK	044-5-25-187
no_pattern_unrecognized	BIK	services_0006__m2718_digit_spaces	adversarial	mut:digit_spaces		LEAK	0445-25974
no_pattern_unrecognized	BIK	supply_0003__m1337_digit_spaces	adversarial	mut:digit_spaces		LEAK	044-5-25-59-3
no_pattern_unrecognized	BIK	supply_0015__m1337_digit_spaces	adversarial	mut:digit_spaces		LEAK	044-525-700-
no_pattern_unrecognized	INN	agency_0004__m1337_digit_spaces	adversarial	mut:digit_spaces	valid	LEAK	4892-5510-7-291-
no_pattern_unrecognized	INN	agency_0008__m2718_case	adversarial	dense_line		LEAK	6597769253
no_pattern_unrecognized	INN	cession_0007__m1337_digit_spaces	adversarial	mut:digit_spaces	valid	LEAK	052-3-6138-6407-
no_pattern_unrecognized	INN	lease_0002__m1337_digit_spaces	adversarial	mut:digit_spaces		hidden	6750- 7202-33
no_pattern_unrecognized	INN	loan_0005__m1337_digit_spaces	adversarial	mut:digit_spaces	valid	LEAK	492-241-72-5-767-
no_pattern_unrecognized	INN	sale_0008__m1337_digit_spaces	adversarial	mut:digit_spaces		LEAK	228-296-234 127
no_pattern_unrecognized	INN	services_0005__m1337_digit_spaces	adversarial	mut:digit_spaces	valid	LEAK	582-9-62138433-
no_pattern_unrecognized	INN	services_0006__m2718_digit_spaces	adversarial	mut:digit_spaces	valid	LEAK	696651-17-4-202-
no_pattern_unrecognized	INN	services_0008__m1337_digit_spaces	adversarial	mut:digit_spaces	valid	LEAK	2640-65556-630-
no_pattern_unrecognized	INN	supply_0003__m1337_digit_spaces	adversarial	mut:digit_spaces	valid	LEAK	2011-61-70-7-415-
no_pattern_unrecognized	INN	supply_0009__m1337_digit_spaces	adversarial	mut:digit_spaces	valid	LEAK	508-8-3724-0373-
no_pattern_unrecognized	INN	works_0006__m1337_digit_spaces	adversarial	mut:digit_spaces	valid	LEAK	526-444-92-1-956-
no_pattern_unrecognized	INN	works_0006__m1337_digit_spaces	adversarial	mut:digit_spaces	valid	LEAK	672-5-8321-1-125-
no_pattern_unrecognized	KPP	labor_0005__m1337_digit_spaces	adversarial	mut:digit_spaces		LEAK	437-8-54-47-9-
no_pattern_unrecognized	KPP	lease_0002__m1337_digit_spaces	adversarial	mut:digit_spaces		LEAK	153-0-74-73-0-
no_pattern_unrecognized	KPP	supply_0008__m1337_digit_spaces	adversarial	mut:digit_spaces		LEAK	155-956-85-2-
no_pattern_unrecognized	OGRN	agency_0002__m2718_digit_spaces	adversarial	mut:digit_spaces	valid	LEAK	368-2-8833-6-787-064
no_pattern_unrecognized	OGRN	cession_0006__m2718_digit_spaces	adversarial	mut:digit_spaces	valid	LEAK	305-5-49-09-7-967-720-
no_pattern_unrecognized	OGRN	lease_0002__m1337_digit_spaces	adversarial	mut:digit_spaces	valid	LEAK	377-2-92-325-554-560-
no_pattern_unrecognized	OGRN	services_0005__m1337_digit_spaces	adversarial	mut:digit_spaces	valid	LEAK	172691126681-7
no_pattern_unrecognized	OGRN	supply_0008__m1337_digit_spaces	adversarial	mut:digit_spaces	valid	LEAK	133-1-1046-4430-9
no_pattern_unrecognized	OGRN	supply_0009__m1337_digit_spaces	adversarial	mut:digit_spaces	valid	LEAK	180321-365-112-9
no_pattern_unrecognized	ORG	agency_0002	canonical			LEAK	АО «Атлант»
no_pattern_unrecognized	ORG	agency_0002__m2718_digit_spaces	canonical			LEAK	АО «Атлант»
no_pattern_unrecognized	ORG	cession_0004	adversarial	dense_line		LEAK	Петров Консалтинг
no_pattern_unrecognized	ORG	cession_0004__m1337_cell_split	adversarial	dense_line		LEAK	Петров Консалтинг
no_pattern_unrecognized	PASSPORT	cession_0001__m1337_digit_spaces	adversarial	mut:digit_spaces		LEAK	787--280
no_pattern_unrecognized	PASSPORT	cession_0001__m1337_digit_spaces	adversarial	mut:digit_spaces		LEAK	90 14 6170 85
no_pattern_unrecognized	PASSPORT	cession_0008__m1337_digit_spaces	adversarial	mut:digit_spaces		LEAK	083--218
no_pattern_unrecognized	PASSPORT	cession_0008__m1337_digit_spaces	adversarial	mut:digit_spaces		LEAK	681--287
no_pattern_unrecognized	PASSPORT	labor_0005__m1337_digit_spaces	adversarial	mut:digit_spaces		LEAK	272-910-
no_pattern_unrecognized	PASSPORT	labor_0005__m1337_digit_spaces	adversarial	mut:digit_spaces		LEAK	28 20 2103 63
no_pattern_unrecognized	PASSPORT	labor_0011__m1337_digit_spaces	adversarial	mut:digit_spaces		LEAK	37 02 716 5 47
no_pattern_unrecognized	PASSPORT	labor_0012__m2718_digit_spaces	adversarial	mut:digit_spaces		LEAK	07 19 053 4 98
no_pattern_unrecognized	PASSPORT	labor_0012__m2718_digit_spaces	adversarial	mut:digit_spaces		LEAK	105--772-
no_pattern_unrecognized	PASSPORT	lease_0005__m1337_digit_spaces	adversarial	mut:digit_spaces		LEAK	50 23 159 2 43
no_pattern_unrecognized	PASSPORT	lease_0011__m1337_digit_spaces	adversarial	mut:digit_spaces		LEAK	92 17 222 993
no_pattern_unrecognized	PASSPORT	loan_0005__m1337_digit_spaces	adversarial	mut:digit_spaces		LEAK	83 17 765 8 81
no_pattern_unrecognized	PASSPORT	sale_0001__m1337_digit_spaces	adversarial	mut:digit_spaces		LEAK	046-177-
no_pattern_unrecognized	PASSPORT	sale_0001__m1337_digit_spaces	adversarial	mut:digit_spaces		LEAK	44 09 565-7-62
no_pattern_unrecognized	PASSPORT	sale_0007__m1337_digit_spaces	adversarial	mut:digit_spaces		LEAK	69 03 645 450
no_pattern_unrecognized	PASSPORT	sale_0008__m1337_digit_spaces	adversarial	mut:digit_spaces		LEAK	40 02 5536 24
no_pattern_unrecognized	PASSPORT	sale_0008__m1337_digit_spaces	adversarial	mut:digit_spaces		LEAK	631--632-
no_pattern_unrecognized	PASSPORT	sale_0013__m1337_digit_spaces	adversarial	mut:digit_spaces		LEAK	66 11 418-0-17
no_pattern_unrecognized	PASSPORT	services_0005__m1337_digit_spaces	adversarial	mut:digit_spaces		LEAK	26 04 6441 40
no_pattern_unrecognized	PASSPORT	services_0008__m1337_digit_spaces	adversarial	mut:digit_spaces		LEAK	136-118-
no_pattern_unrecognized	PASSPORT	services_0008__m1337_digit_spaces	adversarial	mut:digit_spaces		LEAK	65 22 2148 15
no_pattern_unrecognized	PASSPORT	services_0008__m1337_digit_spaces	adversarial	mut:digit_spaces		LEAK	99 06 5502-62
no_pattern_unrecognized	PASSPORT	services_0011__m1337_digit_spaces	adversarial	mut:digit_spaces		LEAK	714--857
no_pattern_unrecognized	PASSPORT	supply_0003__m1337_digit_spaces	adversarial	mut:digit_spaces		LEAK	02 08 829-967-
no_pattern_unrecognized	PASSPORT	supply_0003__m1337_digit_spaces	adversarial	mut:digit_spaces		LEAK	051-237-
no_pattern_unrecognized	PASSPORT	supply_0006__m2718_digit_spaces	adversarial	mut:digit_spaces		LEAK	09 08 9410-13-
no_pattern_unrecognized	PASSPORT	supply_0006__m2718_digit_spaces	adversarial	mut:digit_spaces		LEAK	30 03 309 4 19
no_pattern_unrecognized	PASSPORT	supply_0006__m2718_digit_spaces	adversarial	mut:digit_spaces		LEAK	30 03 309 419
no_pattern_unrecognized	PASSPORT	supply_0015__m1337_digit_spaces	adversarial	mut:digit_spaces		LEAK	76 05 376 027
no_pattern_unrecognized	PASSPORT	works_0005__m1337_digit_spaces	adversarial	mut:digit_spaces		LEAK	07 12 1097 48
no_pattern_unrecognized	PASSPORT	works_0005__m1337_digit_spaces	adversarial	mut:digit_spaces		LEAK	683--381
no_pattern_unrecognized	PASSPORT	works_0006__m1337_digit_spaces	adversarial	mut:digit_spaces		LEAK	201--682
no_pattern_unrecognized	PASSPORT	works_0006__m1337_digit_spaces	adversarial	mut:digit_spaces		LEAK	201-682-
no_pattern_unrecognized	PASSPORT	works_0006__m1337_digit_spaces	adversarial	mut:digit_spaces		LEAK	57 02 639 201
no_pattern_unrecognized	PASSPORT	works_0006__m1337_digit_spaces	adversarial	mut:digit_spaces		LEAK	93 04 1951-67-
no_pattern_unrecognized	PASSPORT	works_0011__m1337_digit_spaces	adversarial	mut:digit_spaces		LEAK	20 17 0883-28-
no_pattern_unrecognized	PER	agency_0004	canonical			LEAK	Соколова Ольга Михайловна
no_pattern_unrecognized	PER	agency_0004__m1337_digit_spaces	canonical			LEAK	Соколова Ольга Михайловна
no_pattern_unrecognized	PER	agency_0007	ugly			LEAK	Пчела Е. О.
no_pattern_unrecognized	PER	agency_0008	ugly			LEAK	Киселёв М. О.
no_pattern_unrecognized	PER	agency_0010	canonical			LEAK	Морозова Екатерина Олеговна
no_pattern_unrecognized	PER	cession_0007__m1337_digit_spaces	canonical			LEAK	Мамедову Рашиду Али оглы
no_pattern_unrecognized	PER	labor_0001	canonical			LEAK	Семёнов Дмитрий Михайлович
no_pattern_unrecognized	PER	labor_0009	canonical			LEAK	Ли Вэй
no_pattern_unrecognized	PER	labor_0009	ugly			LEAK	Ли В.
no_pattern_unrecognized	PER	labor_0009	ugly			LEAK	де Врис Й.
no_pattern_unrecognized	PER	lease_0002	ugly			LEAK	Пчела С. Е.
no_pattern_unrecognized	PER	lease_0002__m1337_digit_spaces	ugly			LEAK	Пчела С. Е.
no_pattern_unrecognized	PER	lease_0005__m1337_digit_spaces	canonical			LEAK	Михайлову Артёму Егоровичу
no_pattern_unrecognized	PER	lease_0009	ugly			LEAK	Белка А. М.
no_pattern_unrecognized	PER	loan_0005	ugly			LEAK	Кисель Е. П.
no_pattern_unrecognized	PER	loan_0005__m1337_digit_spaces	ugly			LEAK	Кисель Е. П.
no_pattern_unrecognized	PER	sale_0006	ugly			LEAK	Лебедева О. П.
no_pattern_unrecognized	PER	sale_0006__m2718_digit_spaces	ugly			LEAK	Лебедева О. П.
no_pattern_unrecognized	PER	sale_0008	canonical			LEAK	Крылова Светлана Сергеевна
no_pattern_unrecognized	PER	sale_0008__m1337_digit_spaces	canonical			LEAK	Крылова Светлана Сергеевна
no_pattern_unrecognized	PER	services_0003	ugly			LEAK	Кисель А. С.
no_pattern_unrecognized	PER	services_0006	ugly			LEAK	Фёдоров А. Д.
no_pattern_unrecognized	PER	services_0006__m2718_digit_spaces	ugly			LEAK	Фёдоров А. Д.
no_pattern_unrecognized	PER	services_0008	ugly			LEAK	Ли В.
no_pattern_unrecognized	PER	services_0008__m1337_digit_spaces	ugly			LEAK	Ли В.
no_pattern_unrecognized	PER	supply_0004	canonical			LEAK	Никитина Елена Дмитриевна
no_pattern_unrecognized	PER	supply_0004	ugly			LEAK	Никитина Е. Д.
no_pattern_unrecognized	PER	supply_0004	ugly			LEAK	Никитина Е. Д.
no_pattern_unrecognized	PER	supply_0004__m1337_cell_split	canonical			LEAK	Никитина Елена Дмитриевна
no_pattern_unrecognized	PER	supply_0004__m1337_cell_split	ugly			LEAK	Никитина Е. Д.
no_pattern_unrecognized	PER	supply_0004__m1337_cell_split	ugly			LEAK	Никитина Е. Д.
no_pattern_unrecognized	PER	supply_0008	ugly			LEAK	Петрова Н. Д.
no_pattern_unrecognized	PER	supply_0008	ugly			LEAK	Петрова Н. Д.
no_pattern_unrecognized	PER	supply_0008__m1337_digit_spaces	ugly			LEAK	Петрова Н. Д.
no_pattern_unrecognized	PER	supply_0008__m1337_digit_spaces	ugly			LEAK	Петрова Н. Д.
no_pattern_unrecognized	PER	supply_0013	ugly			LEAK	Пирогова Ю. И.
no_pattern_unrecognized	PER	works_0002	ugly			LEAK	де Врис Й.
no_pattern_unrecognized	PER	works_0002__m1337_cell_split	ugly			LEAK	де Врис Й.
no_pattern_unrecognized	PER	works_0008	ugly			LEAK	Гусева Ирина Олеговна
no_pattern_unrecognized	PHONE	agency_0001	ugly			LEAK	846 8268514
no_pattern_unrecognized	PHONE	agency_0002__m2718_digit_spaces	adversarial	mut:digit_spaces		LEAK	+7‍ (846 ) 4⁠55-90-65
no_pattern_unrecognized	PHONE	agency_0004__m1337_digit_spaces	adversarial	mut:digit_spaces		LEAK	+7 (495 ) 399-19-67
no_pattern_unrecognized	PHONE	agency_0004__m1337_digit_spaces	adversarial	mut:digit_spaces		LEAK	+7 (846 ) 539-27-51
no_pattern_unrecognized	PHONE	agency_0005__m1337_digit_spaces	adversarial	mut:digit_spaces		LEAK	+7 (383) 530 -63-99
no_pattern_unrecognized	PHONE	agency_0005__m1337_digit_spaces	adversarial	mut:digit_spaces		LEAK	+7 (383-) 496--17-58
no_pattern_unrecognized	PHONE	cession_0001__m1337_digit_spaces	adversarial	mut:digit_spaces		LEAK	+7 (495) 861--21-10
no_pattern_unrecognized	PHONE	cession_0001__m1337_digit_spaces	adversarial	mut:digit_spaces		LEAK	+7 (812) 135 -99-88
no_pattern_unrecognized	PHONE	cession_0001__m1337_digit_spaces	adversarial	mut:digit_spaces		LEAK	+7 (812 ) 689-43-43
no_pattern_unrecognized	PHONE	cession_0002	ugly			LEAK	812 4528997
no_pattern_unrecognized	PHONE	cession_0002__m2718_cell_split	ugly			LEAK	812 4528997
no_pattern_unrecognized	PHONE	cession_0006__m2718_digit_spaces	adversarial	mut:digit_spaces		LEAK	+7 (495) 743 -58-99
no_pattern_unrecognized	PHONE	cession_0007__m1337_digit_spaces	adversarial	mut:digit_spaces		LEAK	+7 (383 ) 813 -50-29
no_pattern_unrecognized	PHONE	cession_0007__m1337_digit_spaces	adversarial	mut:digit_spaces		LEAK	+7 (495 ) 339 -51-50
no_pattern_unrecognized	PHONE	cession_0007__m1337_digit_spaces	adversarial	mut:digit_spaces		LEAK	+7 (843-) 136--92-84
no_pattern_unrecognized	PHONE	cession_0008__m1337_digit_spaces	adversarial	mut:digit_spaces		LEAK	+7 (495) 270 -67-65
no_pattern_unrecognized	PHONE	cession_0008__m1337_digit_spaces	adversarial	mut:digit_spaces		LEAK	+7 (499 ) 267-59-89
no_pattern_unrecognized	PHONE	cession_0008__m1337_digit_spaces	adversarial	mut:digit_spaces		LEAK	+7 (843) 549--54-84
no_pattern_unrecognized	PHONE	cession_0008__m1337_digit_spaces	adversarial	mut:digit_spaces		hidden	+7 (499 ) 583-65-19 доб. 343
no_pattern_unrecognized	PHONE	labor_0005__m1337_digit_spaces	adversarial	mut:digit_spaces		LEAK	+7 (499 ) 582 -95-31
no_pattern_unrecognized	PHONE	labor_0005__m1337_digit_spaces	adversarial	mut:digit_spaces		LEAK	+7 (843 ) 952-85-77
no_pattern_unrecognized	PHONE	labor_0005__m1337_digit_spaces	adversarial	mut:digit_spaces		LEAK	+7 (846 ) 326 -44-18
no_pattern_unrecognized	PHONE	labor_0011__m1337_digit_spaces	adversarial	mut:digit_spaces		LEAK	+7 (495) 209 -53-87 доб. 890
no_pattern_unrecognized	PHONE	labor_0011__m1337_digit_spaces	adversarial	mut:digit_spaces		LEAK	+7 (846-) 228--24-89 доб. 382
no_pattern_unrecognized	PHONE	labor_0012__m2718_digit_spaces	adversarial	mut:digit_spaces		LEAK	+7 (495 ) 436-59-47
no_pattern_unrecognized	PHONE	labor_0012__m2718_digit_spaces	adversarial	mut:digit_spaces		LEAK	+7 (495) 940 -79-28
no_pattern_unrecognized	PHONE	labor_0012__m2718_digit_spaces	adversarial	mut:digit_spaces		LEAK	+7 (812 ) 181 -90-19
no_pattern_unrecognized	PHONE	lease_0002__m1337_digit_spaces	adversarial	mut:digit_spaces		LEAK	+7 (499 ) 337 -13-72
no_pattern_unrecognized	PHONE	lease_0002__m1337_digit_spaces	adversarial	mut:digit_spaces		LEAK	+7 (812 ) 498 -96-69
no_pattern_unrecognized	PHONE	lease_0002__m1337_digit_spaces	adversarial	mut:digit_spaces		LEAK	+7 (846 ) 500 -15-56
no_pattern_unrecognized	PHONE	lease_0003	ugly			LEAK	499 1144829
no_pattern_unrecognized	PHONE	lease_0003__m2718_case	ugly			LEAK	499 1144829
no_pattern_unrecognized	PHONE	lease_0005__m1337_digit_spaces	adversarial	mut:digit_spaces		LEAK	+7 (495-) 591--73-17
no_pattern_unrecognized	PHONE	lease_0005__m1337_digit_spaces	adversarial	mut:digit_spaces		LEAK	+7 (499 ) 634-58-99
no_pattern_unrecognized	PHONE	lease_0005__m1337_digit_spaces	adversarial	mut:digit_spaces		LEAK	+7 (812 ) 478-76-89
no_pattern_unrecognized	PHONE	lease_0011__m1337_digit_spaces	adversarial	mut:digit_spaces		LEAK	+7 (812 ) 858-94-69
no_pattern_unrecognized	PHONE	lease_0011__m1337_digit_spaces	adversarial	mut:digit_spaces		LEAK	+7 (846 ) 893 -55-17
no_pattern_unrecognized	PHONE	lease_0011__m1337_digit_spaces	adversarial	mut:digit_spaces		LEAK	+7 (846 ) 359 -92-48
no_pattern_unrecognized	PHONE	loan_0005__m1337_digit_spaces	adversarial	mut:digit_spaces		LEAK	+7 (383-) 315-81-94
no_pattern_unrecognized	PHONE	loan_0005__m1337_digit_spaces	adversarial	mut:digit_spaces		LEAK	+7 (499 ) 111-23-18
no_pattern_unrecognized	PHONE	loan_0005__m1337_digit_spaces	adversarial	mut:digit_spaces		LEAK	+7 (812 ) 845 -73-33
no_pattern_unrecognized	PHONE	loan_0005__m1337_digit_spaces	adversarial	mut:digit_spaces		LEAK	+7 (846-) 918--79-77
no_pattern_unrecognized	PHONE	sale_0001__m1337_digit_spaces	adversarial	mut:digit_spaces		LEAK	+7 (495) 665 -44-97
no_pattern_unrecognized	PHONE	sale_0001__m1337_digit_spaces	adversarial	mut:digit_spaces		LEAK	+7 (846 ) 857-13-93
no_pattern_unrecognized	PHONE	sale_0006__m2718_digit_spaces	adversarial	mut:digit_spaces		LEAK	+7 (495 ) 769 -88-85 доб. 841
no_pattern_unrecognized	PHONE	sale_0006__m2718_digit_spaces	adversarial	mut:digit_spaces		LEAK	+7 499  147 13 83
no_pattern_unrecognized	PHONE	sale_0006__m2718_digit_spaces	adversarial	mut:digit_spaces		LEAK	+749-9-5584-627
no_pattern_unrecognized	PHONE	sale_0007__m1337_digit_spaces	adversarial	mut:digit_spaces		LEAK	+7 (383) 296 -94-38
no_pattern_unrecognized	PHONE	sale_0007__m1337_digit_spaces	adversarial	mut:digit_spaces		LEAK	+7 (499) 271 -70-65
no_pattern_unrecognized	PHONE	sale_0007__m1337_digit_spaces	adversarial	mut:digit_spaces		LEAK	+7 (843 ) 792 -17-43
no_pattern_unrecognized	PHONE	sale_0008__m1337_digit_spaces	adversarial	mut:digit_spaces		LEAK	+7 (495) 415 -41-81
no_pattern_unrecognized	PHONE	sale_0008__m1337_digit_spaces	adversarial	mut:digit_spaces		LEAK	+7 (843 ) 571 -93-12
no_pattern_unrecognized	PHONE	sale_0008__m1337_digit_spaces	adversarial	mut:digit_spaces		LEAK	+7 (843-) 462-46-23
no_pattern_unrecognized	PHONE	sale_0012	ugly			LEAK	383 5894021
no_pattern_unrecognized	PHONE	sale_0012	ugly			LEAK	846 4034654
no_pattern_unrecognized	PHONE	sale_0012__m2718_case	ugly			LEAK	383 5894021
no_pattern_unrecognized	PHONE	sale_0012__m2718_case	ugly			LEAK	846 4034654
no_pattern_unrecognized	PHONE	sale_0013__m1337_digit_spaces	adversarial	mut:digit_spaces		LEAK	+7 (499-) 491--21-77
no_pattern_unrecognized	PHONE	sale_0013__m1337_digit_spaces	adversarial	mut:digit_spaces		LEAK	+7 (843) 180 -75-28
no_pattern_unrecognized	PHONE	services_0005__m1337_digit_spaces	adversarial	mut:digit_spaces		LEAK	+7 (495 ) 612-62-41
no_pattern_unrecognized	PHONE	services_0005__m1337_digit_spaces	adversarial	mut:digit_spaces		LEAK	+7 (495 ) 647 -87-62
no_pattern_unrecognized	PHONE	services_0006__m2718_digit_spaces	adversarial	mut:digit_spaces		LEAK	+7 (383 ) 965 -16-43
no_pattern_unrecognized	PHONE	services_0006__m2718_digit_spaces	adversarial	mut:digit_spaces		LEAK	+7 (383) 529--62-57
no_pattern_unrecognized	PHONE	services_0006__m2718_digit_spaces	adversarial	mut:digit_spaces		LEAK	+7 (383-) 855--78-58
no_pattern_unrecognized	PHONE	services_0006__m2718_digit_spaces	adversarial	mut:digit_spaces		LEAK	+7 (846 ) 967 -14-31
no_pattern_unrecognized	PHONE	services_0008__m1337_digit_spaces	adversarial	mut:digit_spaces		LEAK	+7 (383 ) 448-83-90
no_pattern_unrecognized	PHONE	services_0008__m1337_digit_spaces	adversarial	mut:digit_spaces		LEAK	+7 (495-) 265-97-67
no_pattern_unrecognized	PHONE	services_0008__m1337_digit_spaces	adversarial	mut:digit_spaces		LEAK	+7 (499-) 666--79-61
no_pattern_unrecognized	PHONE	services_0011__m1337_digit_spaces	adversarial	mut:digit_spaces		LEAK	+7 (843-) 397-56-67
no_pattern_unrecognized	PHONE	services_0011__m1337_digit_spaces	adversarial	mut:digit_spaces		LEAK	+7 (846 ) 103 -32-55
no_pattern_unrecognized	PHONE	supply_0003__m1337_digit_spaces	adversarial	mut:digit_spaces		LEAK	+7 (846) 368 -91-48
no_pattern_unrecognized	PHONE	supply_0003__m1337_digit_spaces	adversarial	mut:digit_spaces		LEAK	+7 (846) 702 -48-21
no_pattern_unrecognized	PHONE	supply_0006__m2718_digit_spaces	adversarial	mut:digit_spaces		LEAK	+7 (383-) 991--51-97
no_pattern_unrecognized	PHONE	supply_0006__m2718_digit_spaces	adversarial	mut:digit_spaces		LEAK	+7 (812-) 215--85-50
no_pattern_unrecognized	PHONE	supply_0006__m2718_digit_spaces	adversarial	mut:digit_spaces		LEAK	+7 (846) 713 -26-67
no_pattern_unrecognized	PHONE	supply_0008__m1337_digit_spaces	adversarial	mut:digit_spaces		LEAK	+7 (495-) 667--23-12
no_pattern_unrecognized	PHONE	supply_0008__m1337_digit_spaces	adversarial	mut:digit_spaces		LEAK	+7 (499 ) 284 -98-87
no_pattern_unrecognized	PHONE	supply_0008__m1337_digit_spaces	adversarial	mut:digit_spaces		LEAK	+7 (499) 228 -46-12
no_pattern_unrecognized	PHONE	supply_0008__m1337_digit_spaces	adversarial	mut:digit_spaces		LEAK	+7 (846-) 629-70-97
no_pattern_unrecognized	PHONE	supply_0009__m1337_digit_spaces	adversarial	mut:digit_spaces		LEAK	+7 (846) 251 -61-60
no_pattern_unrecognized	PHONE	supply_0009__m1337_digit_spaces	adversarial	mut:digit_spaces		LEAK	+7 (846) 650--81-84
no_pattern_unrecognized	PHONE	supply_0015__m1337_digit_spaces	adversarial	mut:digit_spaces		LEAK	+7 (499 ) 410-78-86
no_pattern_unrecognized	PHONE	supply_0015__m1337_digit_spaces	adversarial	mut:digit_spaces		LEAK	+7 (499 ) 397-41-64
no_pattern_unrecognized	PHONE	works_0005__m1337_digit_spaces	adversarial	mut:digit_spaces		LEAK	+7 (499) 492 -62-74
no_pattern_unrecognized	PHONE	works_0005__m1337_digit_spaces	adversarial	mut:digit_spaces		LEAK	+7 (812 ) 687 -35-53
no_pattern_unrecognized	PHONE	works_0006__m1337_digit_spaces	adversarial	mut:digit_spaces		LEAK	+7 (383-) 837-47-98
no_pattern_unrecognized	PHONE	works_0006__m1337_digit_spaces	adversarial	mut:digit_spaces		LEAK	+7 (495) 688 -43-64
no_pattern_unrecognized	PHONE	works_0006__m1337_digit_spaces	adversarial	mut:digit_spaces		LEAK	+7 (843 ) 217 -18-62
no_pattern_unrecognized	PHONE	works_0011	ugly			LEAK	846 1745087
no_pattern_unrecognized	PHONE	works_0011__m1337_digit_spaces	adversarial	mut:digit_spaces		LEAK	+7 (383) 193--87-47 доб. 687-
no_pattern_unrecognized	PHONE	works_0011__m1337_digit_spaces	adversarial	mut:digit_spaces		LEAK	8-499-293 -47-91
no_pattern_unrecognized	PHONE	works_0011__m1337_digit_spaces	adversarial	mut:digit_spaces		LEAK	846 174 5087
rejected_invalid_checksum	ACCOUNT	agency_0001__m1337_combo	adversarial	mut:combo	invalid	LEAK	4О702‍8​1О957Ч6І7⁠60319
rejected_invalid_checksum	ACCOUNT	agency_0001__m1337_combo	adversarial	mut:combo	invalid	LEAK	4О7О28­1О⁠75І916 376892
rejected_invalid_checksum	ACCOUNT	agency_0001__m2718_homoglyph	adversarial	mut:homoglyph	invalid	LEAK	4070281075І9І6376892
rejected_invalid_checksum	ACCOUNT	agency_0001__m2718_homoglyph	adversarial	mut:homoglyph	invalid	LEAK	407О2810957461760ЗІ9
rejected_invalid_checksum	ACCOUNT	agency_0008__m1337_homoglyph	adversarial	mut:homoglyph	invalid	hidden	408028І02І28Ч7474062
rejected_invalid_checksum	ACCOUNT	agency_0008__m1337_homoglyph	adversarial	mut:homoglyph	invalid	hidden	Ч0702810О505893б2246
rejected_invalid_checksum	ACCOUNT	cession_0003__m1337_combo	adversarial	mut:combo	invalid	LEAK	407О⁠28І042⁠1872536 7ІІ
rejected_invalid_checksum	ACCOUNT	cession_0003__m1337_combo	adversarial	mut:combo	invalid	LEAK	4О7⁠028100О9 9І287‍3б27
rejected_invalid_checksum	ACCOUNT	cession_0003__m2718_homoglyph	adversarial	mut:homoglyph	invalid	LEAK	40702810О099І287Зб27
rejected_invalid_checksum	ACCOUNT	cession_0003__m2718_homoglyph	adversarial	mut:homoglyph	invalid	hidden	ЧО7О28104218725З6711
rejected_invalid_checksum	ACCOUNT	labor_0005__m2718_linebreak	adversarial	mut:linebreak	invalid	LEAK	40\n702810240462550485
rejected_invalid_checksum	ACCOUNT	labor_0011__m2718_linebreak	adversarial	mut:linebreak	invalid	LEAK	4070281\n0964848541355
rejected_invalid_checksum	ACCOUNT	lease_0003__m1337_invisible	adversarial	mut:invisible	invalid	LEAK	4070­28⁠1016036‍8220597
rejected_invalid_checksum	ACCOUNT	sale_0013__m2718_linebreak	adversarial	mut:linebreak	invalid	LEAK	408\n02810528609045223
rejected_invalid_checksum	ACCOUNT	services_0004__m2718_invisible	adversarial	mut:invisible	invalid	hidden	40802810­9​00664549⁠727
rejected_invalid_checksum	ACCOUNT	services_0004__m2718_invisible	adversarial	mut:invisible	invalid	hidden	40⁠7‍02810293 866726014
rejected_invalid_checksum	ACCOUNT	services_0011__m1337_digit_spaces	adversarial	mut:digit_spaces	invalid	LEAK	407-0-28-10-9223-6536-5654-
rejected_invalid_checksum	ACCOUNT	services_0011__m2718_linebreak	adversarial	mut:linebreak	invalid	hidden	40702810922\n365365654
rejected_invalid_checksum	ACCOUNT	works_0005__m2718_linebreak	adversarial	mut:linebreak	invalid	LEAK	4080281001752\n2488126
rejected_invalid_checksum	ACCOUNT	works_0011__m2718_linebreak	adversarial	mut:linebreak	invalid	LEAK	408028107924\n07364318
rejected_invalid_checksum	INN	agency_0001	canonical		invalid	LEAK	1721699790
rejected_invalid_checksum	INN	agency_0001	canonical		invalid	hidden	7755615081
rejected_invalid_checksum	INN	agency_0001__m1337_combo	adversarial	mut:combo	invalid	LEAK	77556І‍5081
rejected_invalid_checksum	INN	agency_0001__m1337_combo	adversarial	mut:combo	invalid	LEAK	І72­1699790
rejected_invalid_checksum	INN	agency_0001__m2718_homoglyph	adversarial	mut:homoglyph	invalid	LEAK	172І699790
rejected_invalid_checksum	INN	agency_0001__m2718_homoglyph	adversarial	mut:homoglyph	invalid	hidden	775561508І
rejected_invalid_checksum	INN	agency_0008	canonical		invalid	LEAK	554976248706
rejected_invalid_checksum	INN	agency_0008	canonical		invalid	LEAK	554976248706
rejected_invalid_checksum	INN	agency_0008	canonical		invalid	LEAK	6597769253
rejected_invalid_checksum	INN	agency_0008__m1337_homoglyph	adversarial	mut:homoglyph	invalid	LEAK	5549762487О6
rejected_invalid_checksum	INN	agency_0008__m1337_homoglyph	adversarial	mut:homoglyph	invalid	LEAK	55Ч97624870б
rejected_invalid_checksum	INN	agency_0008__m1337_homoglyph	adversarial	mut:homoglyph	invalid	LEAK	б597769253
rejected_invalid_checksum	INN	agency_0008__m2718_case	canonical		invalid	LEAK	554976248706
rejected_invalid_checksum	INN	agency_0008__m2718_case	canonical		invalid	LEAK	554976248706
rejected_invalid_checksum	INN	agency_0008__m2718_case	canonical		invalid	LEAK	6597769253
rejected_invalid_checksum	INN	cession_0003	canonical		invalid	hidden	2517716476
rejected_invalid_checksum	INN	cession_0003	canonical		invalid	hidden	8920687487
rejected_invalid_checksum	INN	cession_0003__m1337_combo	adversarial	mut:combo	invalid	hidden	2​5І7716Ч7б
rejected_invalid_checksum	INN	cession_0003__m1337_combo	adversarial	mut:combo	invalid	hidden	892О6874​87
rejected_invalid_checksum	INN	cession_0003__m2718_homoglyph	adversarial	mut:homoglyph	invalid	LEAK	25177І6476
rejected_invalid_checksum	INN	cession_0003__m2718_homoglyph	adversarial	mut:homoglyph	invalid	hidden	892О687Ч87
rejected_invalid_checksum	INN	labor_0005	canonical		invalid	hidden	3478735100
rejected_invalid_checksum	INN	labor_0005	ugly		invalid	LEAK	030292728066
rejected_invalid_checksum	INN	labor_0005__m1337_digit_spaces	adversarial	mut:digit_spaces	invalid	LEAK	030292 72 8066
rejected_invalid_checksum	INN	labor_0005__m1337_digit_spaces	adversarial	mut:digit_spaces	invalid	hidden	347873 510 0
rejected_invalid_checksum	INN	labor_0005__m2718_linebreak	adversarial	mut:linebreak	invalid	LEAK	03029272\n8066
rejected_invalid_checksum	INN	labor_0005__m2718_linebreak	adversarial	mut:linebreak	invalid	LEAK	34787\n35100
rejected_invalid_checksum	INN	labor_0011	canonical		invalid	hidden	4916046281
rejected_invalid_checksum	INN	labor_0011	ugly		invalid	LEAK	732366993586
rejected_invalid_checksum	INN	labor_0011__m1337_digit_spaces	adversarial	mut:digit_spaces	invalid	LEAK	73236699 3586
rejected_invalid_checksum	INN	labor_0011__m1337_digit_spaces	adversarial	mut:digit_spaces	invalid	hidden	491 604 6281
rejected_invalid_checksum	INN	labor_0011__m2718_linebreak	adversarial	mut:linebreak	invalid	LEAK	49\n16046281
rejected_invalid_checksum	INN	labor_0011__m2718_linebreak	adversarial	mut:linebreak	invalid	hidden	732\n366993586
rejected_invalid_checksum	INN	lease_0003	canonical		invalid	hidden	7430503468
rejected_invalid_checksum	INN	lease_0003	ugly		invalid	LEAK	721566853972
rejected_invalid_checksum	INN	lease_0003__m1337_invisible	adversarial	mut:invisible	invalid	LEAK	7 2156685 3972
rejected_invalid_checksum	INN	lease_0003__m1337_invisible	adversarial	mut:invisible	invalid	hidden	7430503 468
rejected_invalid_checksum	INN	lease_0003__m2718_case	canonical		invalid	hidden	7430503468
rejected_invalid_checksum	INN	lease_0003__m2718_case	ugly		invalid	LEAK	721566853972
rejected_invalid_checksum	INN	loan_0006	ugly		invalid	LEAK	044561040997
rejected_invalid_checksum	INN	loan_0006	ugly		invalid	LEAK	906410809811
rejected_invalid_checksum	INN	loan_0006__m1337_combo	adversarial	mut:combo	invalid	LEAK	044 561ОЧО99​7
rejected_invalid_checksum	INN	loan_0006__m1337_combo	adversarial	mut:combo	invalid	LEAK	906 4І08 О981І
rejected_invalid_checksum	INN	loan_0006__m2718_homoglyph	adversarial	mut:homoglyph	invalid	LEAK	9О6Ч1080981І
rejected_invalid_checksum	INN	loan_0006__m2718_homoglyph	adversarial	mut:homoglyph	invalid	hidden	0445610ЧО997
rejected_invalid_checksum	INN	sale_0006	canonical		invalid	LEAK	625254571021
rejected_invalid_checksum	INN	sale_0006	canonical		invalid	LEAK	625254571021
rejected_invalid_checksum	INN	sale_0006	canonical		invalid	LEAK	771089145681
rejected_invalid_checksum	INN	sale_0006	canonical		invalid	LEAK	771089145681
rejected_invalid_checksum	INN	sale_0006__m2718_digit_spaces	adversarial	mut:digit_spaces	invalid	hidden	6252 54 57 1 021
rejected_invalid_checksum	INN	sale_0006__m2718_digit_spaces	adversarial	mut:digit_spaces	invalid	hidden	625 2 5457 1 021
rejected_invalid_checksum	INN	sale_0006__m2718_digit_spaces	adversarial	mut:digit_spaces	invalid	hidden	771 0 89145 681
rejected_invalid_checksum	INN	sale_0006__m2718_digit_spaces	adversarial	mut:digit_spaces	invalid	hidden	7710-89145681-
rejected_invalid_checksum	INN	sale_0013	canonical		invalid	LEAK	390311240192
rejected_invalid_checksum	INN	sale_0013	canonical		invalid	LEAK	390311240192
rejected_invalid_checksum	INN	sale_0013	ugly		invalid	LEAK	171132624221
rejected_invalid_checksum	INN	sale_0013__m1337_digit_spaces	adversarial	mut:digit_spaces	invalid	LEAK	1711 32 624221
rejected_invalid_checksum	INN	sale_0013__m1337_digit_spaces	adversarial	mut:digit_spaces	invalid	LEAK	390-3-11-240-192-
rejected_invalid_checksum	INN	sale_0013__m1337_digit_spaces	adversarial	mut:digit_spaces	invalid	LEAK	3903 1124 0192
rejected_invalid_checksum	INN	sale_0013__m2718_linebreak	adversarial	mut:linebreak	invalid	LEAK	39031124\n0192
rejected_invalid_checksum	INN	sale_0013__m2718_linebreak	adversarial	mut:linebreak	invalid	LEAK	39031124\n0192
rejected_invalid_checksum	INN	sale_0013__m2718_linebreak	adversarial	mut:linebreak	invalid	hidden	171132624\n221
rejected_invalid_checksum	INN	services_0004	canonical		invalid	LEAK	634737393389
rejected_invalid_checksum	INN	services_0004	canonical		invalid	LEAK	634737393389
rejected_invalid_checksum	INN	services_0004	canonical		invalid	hidden	9834664432
rejected_invalid_checksum	INN	services_0004__m1337_cell_split	canonical		invalid	LEAK	634737393389
rejected_invalid_checksum	INN	services_0004__m1337_cell_split	canonical		invalid	LEAK	634737393389
rejected_invalid_checksum	INN	services_0004__m1337_cell_split	canonical		invalid	hidden	9834664432
rejected_invalid_checksum	INN	services_0004__m2718_invisible	adversarial	mut:invisible	invalid	LEAK	6347373933­8‍9
rejected_invalid_checksum	INN	services_0004__m2718_invisible	adversarial	mut:invisible	invalid	LEAK	634­7​37393389
rejected_invalid_checksum	INN	services_0004__m2718_invisible	adversarial	mut:invisible	invalid	hidden	983466443­2
rejected_invalid_checksum	INN	services_0011	canonical		invalid	hidden	6785881178
rejected_invalid_checksum	INN	services_0011	ugly		invalid	LEAK	548946159827
rejected_invalid_checksum	INN	services_0011__m1337_digit_spaces	adversarial	mut:digit_spaces	invalid	hidden	548 9 46 159827
rejected_invalid_checksum	INN	services_0011__m1337_digit_spaces	adversarial	mut:digit_spaces	invalid	hidden	678 588 1178
rejected_invalid_checksum	INN	services_0011__m2718_linebreak	adversarial	mut:linebreak	invalid	LEAK	5489461598\n27
rejected_invalid_checksum	INN	services_0011__m2718_linebreak	adversarial	mut:linebreak	invalid	LEAK	678\n5881178
rejected_invalid_checksum	INN	works_0005	canonical		invalid	LEAK	320214436879
rejected_invalid_checksum	INN	works_0005	canonical		invalid	LEAK	320214436879
rejected_invalid_checksum	INN	works_0005	ugly		invalid	LEAK	005735285458
rejected_invalid_checksum	INN	works_0005__m1337_digit_spaces	adversarial	mut:digit_spaces	invalid	LEAK	0057-3528-5-458-
rejected_invalid_checksum	INN	works_0005__m1337_digit_spaces	adversarial	mut:digit_spaces	invalid	hidden	320 214 436879
rejected_invalid_checksum	INN	works_0005__m1337_digit_spaces	adversarial	mut:digit_spaces	invalid	hidden	320 214436 879
rejected_invalid_checksum	INN	works_0005__m2718_linebreak	adversarial	mut:linebreak	invalid	LEAK	0057352854\n58
rejected_invalid_checksum	INN	works_0005__m2718_linebreak	adversarial	mut:linebreak	invalid	hidden	320214436\n879
rejected_invalid_checksum	INN	works_0005__m2718_linebreak	adversarial	mut:linebreak	invalid	hidden	320\n214436879
rejected_invalid_checksum	INN	works_0011	canonical		invalid	LEAK	277340727414
rejected_invalid_checksum	INN	works_0011	canonical		invalid	LEAK	277340727414
rejected_invalid_checksum	INN	works_0011	ugly		invalid	LEAK	165761330524
rejected_invalid_checksum	INN	works_0011__m1337_digit_spaces	adversarial	mut:digit_spaces	invalid	hidden	165761330 524
rejected_invalid_checksum	INN	works_0011__m1337_digit_spaces	adversarial	mut:digit_spaces	invalid	hidden	277340 727 414
rejected_invalid_checksum	INN	works_0011__m1337_digit_spaces	adversarial	mut:digit_spaces	invalid	hidden	277 340 72 7 414
rejected_invalid_checksum	INN	works_0011__m2718_linebreak	adversarial	mut:linebreak	invalid	LEAK	1657613305\n24
rejected_invalid_checksum	INN	works_0011__m2718_linebreak	adversarial	mut:linebreak	invalid	LEAK	277340\n727414
rejected_invalid_checksum	INN	works_0011__m2718_linebreak	adversarial	mut:linebreak	invalid	LEAK	27\n7340727414
rejected_invalid_checksum	OGRN	agency_0001	canonical		invalid	LEAK	1097286207360
rejected_invalid_checksum	OGRN	agency_0001	canonical		invalid	LEAK	1737657797338
rejected_invalid_checksum	OGRN	agency_0001__m1337_combo	adversarial	mut:combo	invalid	LEAK	І7376 577​97338
rejected_invalid_checksum	OGRN	agency_0001__m1337_combo	adversarial	mut:combo	invalid	LEAK	ІО9​7286207­З60
rejected_invalid_checksum	OGRN	agency_0001__m2718_homoglyph	adversarial	mut:homoglyph	invalid	LEAK	109728б2О7З6О
rejected_invalid_checksum	OGRN	agency_0001__m2718_homoglyph	adversarial	mut:homoglyph	invalid	LEAK	17376577973З8
rejected_invalid_checksum	OGRN	agency_0008	canonical		invalid	LEAK	1011841849382
rejected_invalid_checksum	OGRN	agency_0008	ugly		invalid	hidden	307888276406535
rejected_invalid_checksum	OGRN	agency_0008__m1337_homoglyph	adversarial	mut:homoglyph	invalid	LEAK	І0ІІ8Ч1849382
rejected_invalid_checksum	OGRN	agency_0008__m1337_homoglyph	adversarial	mut:homoglyph	invalid	hidden	3О7888276Ч06535
rejected_invalid_checksum	OGRN	agency_0008__m2718_case	canonical		invalid	LEAK	1011841849382
rejected_invalid_checksum	OGRN	agency_0008__m2718_case	ugly		invalid	hidden	307888276406535
rejected_invalid_checksum	OGRN	cession_0003	canonical		invalid	LEAK	1203005050622
rejected_invalid_checksum	OGRN	cession_0003	canonical		invalid	LEAK	1564476562640
rejected_invalid_checksum	OGRN	cession_0003__m1337_combo	adversarial	mut:combo	invalid	LEAK	І⁠56​447656264О
rejected_invalid_checksum	OGRN	cession_0003__m1337_combo	adversarial	mut:combo	invalid	hidden	120300505⁠Об2​2
rejected_invalid_checksum	OGRN	cession_0003__m2718_homoglyph	adversarial	mut:homoglyph	invalid	LEAK	12О3005О50622
rejected_invalid_checksum	OGRN	cession_0003__m2718_homoglyph	adversarial	mut:homoglyph	invalid	LEAK	15б44765б264О
rejected_invalid_checksum	OGRN	labor_0005	canonical		invalid	LEAK	1903722719131
rejected_invalid_checksum	OGRN	labor_0005__m1337_digit_spaces	adversarial	mut:digit_spaces	invalid	hidden	190 372 27 1 913 1
rejected_invalid_checksum	OGRN	labor_0005__m2718_linebreak	adversarial	mut:linebreak	invalid	LEAK	19037227191\n31
rejected_invalid_checksum	OGRN	labor_0011	canonical		invalid	LEAK	1453061245846
rejected_invalid_checksum	OGRN	labor_0011__m1337_digit_spaces	adversarial	mut:digit_spaces	invalid	LEAK	145306-124584-6
rejected_invalid_checksum	OGRN	labor_0011__m2718_linebreak	adversarial	mut:linebreak	invalid	LEAK	1453061\n245846
rejected_invalid_checksum	OGRN	lease_0003	canonical		invalid	LEAK	1480094441508
rejected_invalid_checksum	OGRN	lease_0003__m1337_invisible	adversarial	mut:invisible	invalid	LEAK	1‍480094⁠441508
rejected_invalid_checksum	OGRN	lease_0003__m2718_case	canonical		invalid	LEAK	1480094441508
rejected_invalid_checksum	OGRN	sale_0006	ugly		invalid	hidden	339979240007012
rejected_invalid_checksum	OGRN	sale_0006	ugly		invalid	hidden	363472859934255
rejected_invalid_checksum	OGRN	sale_0006__m2718_digit_spaces	adversarial	mut:digit_spaces	invalid	hidden	339979240007-012
rejected_invalid_checksum	OGRN	sale_0006__m2718_digit_spaces	adversarial	mut:digit_spaces	invalid	hidden	363472 859 934 255
rejected_invalid_checksum	OGRN	sale_0013	ugly		invalid	hidden	338678606310851
rejected_invalid_checksum	OGRN	sale_0013__m1337_digit_spaces	adversarial	mut:digit_spaces	invalid	hidden	338-6-78-606310-851
rejected_invalid_checksum	OGRN	sale_0013__m2718_linebreak	adversarial	mut:linebreak	invalid	LEAK	33867860631\n0851
rejected_invalid_checksum	OGRN	services_0004	canonical		invalid	LEAK	1602747701721
rejected_invalid_checksum	OGRN	services_0004	ugly		invalid	hidden	381950217901862
rejected_invalid_checksum	OGRN	services_0004__m1337_cell_split	canonical		invalid	LEAK	1602747701721
rejected_invalid_checksum	OGRN	services_0004__m1337_cell_split	ugly		invalid	hidden	381950217901862
rejected_invalid_checksum	OGRN	services_0004__m2718_invisible	adversarial	mut:invisible	invalid	hidden	1602​747701⁠721
rejected_invalid_checksum	OGRN	services_0004__m2718_invisible	adversarial	mut:invisible	invalid	hidden	381‍9 50217901862
rejected_invalid_checksum	OGRN	services_0011	canonical		invalid	LEAK	1344009759270
rejected_invalid_checksum	OGRN	services_0011__m1337_digit_spaces	adversarial	mut:digit_spaces	invalid	hidden	134 400 975927 0
rejected_invalid_checksum	OGRN	services_0011__m2718_linebreak	adversarial	mut:linebreak	invalid	LEAK	134400\n9759270
rejected_invalid_checksum	OGRN	works_0005	ugly		invalid	hidden	359366332881608
rejected_invalid_checksum	OGRN	works_0005__m1337_digit_spaces	adversarial	mut:digit_spaces	invalid	hidden	359366332881 608
rejected_invalid_checksum	OGRN	works_0005__m2718_linebreak	adversarial	mut:linebreak	invalid	LEAK	359\n366332881608
rejected_invalid_checksum	OGRN	works_0011	ugly		invalid	hidden	396484662452161
rejected_invalid_checksum	OGRN	works_0011__m1337_digit_spaces	adversarial	mut:digit_spaces	invalid	hidden	3964 84 66 2452 161
rejected_invalid_checksum	OGRN	works_0011__m2718_linebreak	adversarial	mut:linebreak	invalid	LEAK	39648466\n2452161
segment_boundary_split	ACCOUNT	agency_0002	adversarial	linebreak_inside_entity		hidden	408028104\n45145901597
segment_boundary_split	ACCOUNT	agency_0005__m2718_linebreak	adversarial	mut:linebreak	valid	LEAK	408028105490816\n46317
segment_boundary_split	ACCOUNT	agency_0007	adversarial	linebreak_inside_entity		hidden	407028106\n00849653120
segment_boundary_split	ACCOUNT	agency_0010__m2718_linebreak	adversarial	mut:linebreak		hidden	408028107170\n11235378
segment_boundary_split	ACCOUNT	agency_0010__m2718_linebreak	adversarial	mut:linebreak	valid	hidden	40802810205\n101445449
segment_boundary_split	ACCOUNT	agency_0010__m2718_linebreak	adversarial	mut:linebreak	valid	hidden	40802810717011\n235378
segment_boundary_split	ACCOUNT	cession_0001__m2718_linebreak	adversarial	mut:linebreak	valid	LEAK	408028\n10161218272582
segment_boundary_split	ACCOUNT	cession_0002__m1337_linebreak	adversarial	mut:linebreak		hidden	408\n1 7810 0458 2791 1144
segment_boundary_split	ACCOUNT	cession_0003	adversarial	linebreak_inside_entity		hidden	407028100\n09912873627
segment_boundary_split	ACCOUNT	cession_0007__m2718_linebreak	adversarial	mut:linebreak	valid	hidden	408028106\n18715057601
segment_boundary_split	ACCOUNT	labor_0004	adversarial	linebreak_inside_entity		hidden	408178107\n46841992878
segment_boundary_split	ACCOUNT	labor_0004__m2718_case	adversarial	linebreak_inside_entity		hidden	408178107\n46841992878
segment_boundary_split	ACCOUNT	labor_0005__m2718_linebreak	adversarial	mut:linebreak		LEAK	30101810\n900000000790
segment_boundary_split	ACCOUNT	labor_0006__m2718_linebreak	adversarial	mut:linebreak		LEAK	3010\n1810150040000763
segment_boundary_split	ACCOUNT	labor_0006__m2718_linebreak	adversarial	mut:linebreak	valid	LEAK	407\n02810228200603876
segment_boundary_split	ACCOUNT	labor_0008__m1337_linebreak	adversarial	mut:linebreak		LEAK	4070 2810 8100 236\n8 8019
segment_boundary_split	ACCOUNT	labor_0008__m1337_linebreak	adversarial	mut:linebreak		hidden	30101810145\n250000974
segment_boundary_split	ACCOUNT	labor_0008__m1337_linebreak	adversarial	mut:linebreak	valid	LEAK	4070 2810 810\n0 2368 8019
segment_boundary_split	ACCOUNT	labor_0009	adversarial	linebreak_inside_entity		hidden	408178105\n86067121756
segment_boundary_split	ACCOUNT	labor_0009__m2718_case	adversarial	linebreak_inside_entity		hidden	408178105\n86067121756
segment_boundary_split	ACCOUNT	labor_0011__m2718_linebreak	adversarial	mut:linebreak		LEAK	3010\n1810400000000555
segment_boundary_split	ACCOUNT	lease_0005__m2718_linebreak	adversarial	mut:linebreak	valid	LEAK	4080281046\n7500435063
segment_boundary_split	ACCOUNT	lease_0011__m2718_linebreak	adversarial	mut:linebreak	valid	LEAK	408028104897690495\n70
segment_boundary_split	ACCOUNT	loan_0001	adversarial	linebreak_inside_entity		hidden	407028109\n26265613339
segment_boundary_split	ACCOUNT	loan_0005__m2718_linebreak	adversarial	mut:linebreak	valid	LEAK	408028\n10385754983230
segment_boundary_split	ACCOUNT	loan_0008	adversarial	linebreak_inside_entity		hidden	408028103\n40521156801
segment_boundary_split	ACCOUNT	loan_0008__m2718_case	adversarial	linebreak_inside_entity		hidden	408028103\n40521156801
segment_boundary_split	ACCOUNT	sale_0001__m2718_linebreak	adversarial	mut:linebreak	valid	LEAK	40\n802810411098677365
segment_boundary_split	ACCOUNT	sale_0004	adversarial	linebreak_inside_entity		hidden	408028101\n84403400452
segment_boundary_split	ACCOUNT	sale_0004__m1337_cell_split	adversarial	linebreak_inside_entity		hidden	408028101\n84403400452
segment_boundary_split	ACCOUNT	sale_0007__m2718_linebreak	adversarial	mut:linebreak	valid	LEAK	40802810424227\n948896
segment_boundary_split	ACCOUNT	sale_0009	adversarial	linebreak_inside_entity		hidden	407028107\n45416547641
segment_boundary_split	ACCOUNT	services_0005__m2718_linebreak	adversarial	mut:linebreak		LEAK	30101\n810200000000700
segment_boundary_split	ACCOUNT	services_0005__m2718_linebreak	adversarial	mut:linebreak	valid	LEAK	407028109706632412\n25
segment_boundary_split	ACCOUNT	services_0011__m2718_linebreak	adversarial	mut:linebreak		LEAK	301\n01810200000000700
segment_boundary_split	ACCOUNT	supply_0002__m1337_linebreak	adversarial	mut:linebreak		hidden	301018107000000\n00187
segment_boundary_split	ACCOUNT	supply_0002__m1337_linebreak	adversarial	mut:linebreak	valid	LEAK	40702810718861452\n602
segment_boundary_split	ACCOUNT	supply_0002__m1337_linebreak	adversarial	mut:linebreak	valid	hidden	40802810107022\n174410
segment_boundary_split	ACCOUNT	supply_0003__m2718_linebreak	adversarial	mut:linebreak		hidden	3010181020\n0000000593
segment_boundary_split	ACCOUNT	supply_0003__m2718_linebreak	adversarial	mut:linebreak	valid	LEAK	407028\n10294116116592
segment_boundary_split	ACCOUNT	supply_0009__m2718_linebreak	adversarial	mut:linebreak		hidden	301018107\n00000000187
segment_boundary_split	ACCOUNT	supply_0009__m2718_linebreak	adversarial	mut:linebreak	valid	LEAK	4070\n2810535331774527
segment_boundary_split	ACCOUNT	supply_0015__m2718_linebreak	adversarial	mut:linebreak		LEAK	30101810\n200000000700
segment_boundary_split	ACCOUNT	supply_0015__m2718_linebreak	adversarial	mut:linebreak	valid	LEAK	407028107323047758\n61
segment_boundary_split	ACCOUNT	works_0001	adversarial	linebreak_inside_entity		hidden	407028108\n41874459686
segment_boundary_split	ACCOUNT	works_0008	adversarial	linebreak_inside_entity		hidden	408028107\n19913282048
segment_boundary_split	ACCOUNT	works_0012__m2718_linebreak	adversarial	mut:linebreak		hidden	4081 781\n0 4259 2834 3119
segment_boundary_split	ADDRESS	cession_0007__m2718_linebreak	adversarial	mut:linebreak		LEAK	Нов\nосибирская обл., тер. СНТ «Родник», уч. 9
segment_boundary_split	ADDRESS	labor_0005__m2718_linebreak	adversarial	mut:linebreak		LEAK	Екатеринб\nург  Строителей 16
segment_boundary_split	ADDRESS	labor_0008__m1337_linebreak	adversarial	mut:linebreak		LEAK	Сама\nра, Заречная 49
segment_boundary_split	ADDRESS	sale_0007__m2718_linebreak	adversarial	mut:linebreak		LEAK	Казан\nь Ленина 3/4 кв 52
segment_boundary_split	ADDRESS	services_0005__m2718_linebreak	adversarial	mut:linebreak		LEAK	Казань Проф\nсоюзная 63/3 кв 2
segment_boundary_split	ADDRESS	services_0005__m2718_linebreak	adversarial	mut:linebreak		LEAK	Нижний Новго\nрод Лесная 79/4 кв 52
segment_boundary_split	BIK	agency_0005__m2718_linebreak	adversarial	mut:linebreak		hidden	04\n9205603
segment_boundary_split	BIK	agency_0010__m2718_linebreak	adversarial	mut:linebreak		LEAK	04500\n4763
segment_boundary_split	BIK	agency_0010__m2718_linebreak	adversarial	mut:linebreak		hidden	044\n525187
segment_boundary_split	BIK	cession_0001__m2718_linebreak	adversarial	mut:linebreak		LEAK	044030\n790
segment_boundary_split	BIK	cession_0007__m2718_linebreak	adversarial	mut:linebreak		LEAK	0440307\n90
segment_boundary_split	BIK	labor_0005__m2718_linebreak	adversarial	mut:linebreak		LEAK	0440307\n90
segment_boundary_split	BIK	labor_0006__m2718_linebreak	adversarial	mut:linebreak		LEAK	0450\n04763
segment_boundary_split	BIK	labor_0008__m1337_linebreak	adversarial	mut:linebreak		hidden	0445259\n74
segment_boundary_split	BIK	labor_0011__m2718_linebreak	adversarial	mut:linebreak		LEAK	0445\n25555
segment_boundary_split	BIK	lease_0005__m2718_linebreak	adversarial	mut:linebreak		LEAK	0445\n25187
segment_boundary_split	BIK	lease_0011__m2718_linebreak	adversarial	mut:linebreak		hidden	0445\n25555
segment_boundary_split	BIK	loan_0005__m2718_linebreak	adversarial	mut:linebreak		hidden	044525\n974
segment_boundary_split	BIK	sale_0001__m2718_linebreak	adversarial	mut:linebreak		LEAK	045\n004763
segment_boundary_split	BIK	sale_0007__m2718_linebreak	adversarial	mut:linebreak		hidden	0445\n25974
segment_boundary_split	BIK	sale_0013__m2718_linebreak	adversarial	mut:linebreak		LEAK	04403\n0790
segment_boundary_split	BIK	services_0005__m2718_linebreak	adversarial	mut:linebreak		LEAK	04452\n5700
segment_boundary_split	BIK	services_0011__m2718_linebreak	adversarial	mut:linebreak		LEAK	04452\n5700
segment_boundary_split	BIK	supply_0002__m1337_linebreak	adversarial	mut:linebreak		LEAK	0445\n25187
segment_boundary_split	BIK	supply_0002__m1337_linebreak	adversarial	mut:linebreak		LEAK	045004\n763
segment_boundary_split	BIK	supply_0003__m2718_linebreak	adversarial	mut:linebreak		LEAK	044525\n593
segment_boundary_split	BIK	supply_0009__m2718_linebreak	adversarial	mut:linebreak		LEAK	044525\n187
segment_boundary_split	BIK	supply_0015__m2718_linebreak	adversarial	mut:linebreak		LEAK	04\n4525700
segment_boundary_split	BIK	works_0005__m2718_linebreak	adversarial	mut:linebreak		LEAK	04500\n4763
segment_boundary_split	BIK	works_0011__m2718_linebreak	adversarial	mut:linebreak		LEAK	04\n5004763
segment_boundary_split	EMAIL	agency_0005__m2718_linebreak	adversarial	mut:linebreak		LEAK	petrov@\ninbox.ru
segment_boundary_split	EMAIL	agency_0010__m2718_linebreak	adversarial	mut:linebreak		LEAK	morozova@romashk\na.ru
segment_boundary_split	EMAIL	agency_0010__m2718_linebreak	adversarial	mut:linebreak		LEAK	popov@list\n.ru
segment_boundary_split	EMAIL	cession_0001__m2718_linebreak	adversarial	mut:linebreak		LEAK	popov@inbox.\nru
segment_boundary_split	EMAIL	cession_0002__m1337_linebreak	adversarial	mut:linebreak		LEAK	makarov@mail.\nru
segment_boundary_split	EMAIL	cession_0002__m1337_linebreak	adversarial	mut:linebreak		LEAK	mаkarov@yande\nx.ru
segment_boundary_split	EMAIL	cession_0007__m2718_linebreak	adversarial	mut:linebreak		LEAK	ter.petrosyan@sib\ntrans.ru
segment_boundary_split	EMAIL	cession_0007__m2718_linebreak	adversarial	mut:linebreak		LEAK	ter.petrosyаn@si\nbtrans.ru
segment_boundary_split	EMAIL	labor_0005__m2718_linebreak	adversarial	mut:linebreak		LEAK	zaycev@g\nmail.com
segment_boundary_split	EMAIL	labor_0006__m2718_linebreak	adversarial	mut:linebreak		LEAK	ivanov@romashka\n.ru
segment_boundary_split	EMAIL	labor_0006__m2718_linebreak	adversarial	mut:linebreak		LEAK	orlov@sibt\nrans.ru
segment_boundary_split	EMAIL	labor_0008__m1337_linebreak	adversarial	mut:linebreak		LEAK	sokolova@gma\nil.com
segment_boundary_split	EMAIL	labor_0011__m2718_linebreak	adversarial	mut:linebreak		LEAK	novikov\n@inbox.ru
segment_boundary_split	EMAIL	lease_0005__m2718_linebreak	adversarial	mut:linebreak		LEAK	mihaylov@gmai\nl.com
segment_boundary_split	EMAIL	lease_0011__m2718_linebreak	adversarial	mut:linebreak		LEAK	novikova@ya\nndex.ru
segment_boundary_split	EMAIL	loan_0005__m2718_linebreak	adversarial	mut:linebreak		LEAK	kisel@gmаil.\ncom
segment_boundary_split	EMAIL	loan_0005__m2718_linebreak	adversarial	mut:linebreak		LEAK	kisel@sibtrans\n.ru
segment_boundary_split	EMAIL	loan_0005__m2718_linebreak	adversarial	mut:linebreak		LEAK	sokolova@\nmail.ru
segment_boundary_split	EMAIL	sale_0001__m2718_linebreak	adversarial	mut:linebreak		LEAK	maksimova\n@list.ru
segment_boundary_split	EMAIL	sale_0001__m2718_linebreak	adversarial	mut:linebreak		LEAK	mаksimova@m\nail.ru
segment_boundary_split	EMAIL	sale_0002__m1337_linebreak	adversarial	mut:linebreak		LEAK	titova@rom\nashka.ru
segment_boundary_split	EMAIL	sale_0007__m2718_linebreak	adversarial	mut:linebreak		LEAK	belov@sibtrans.\nru
segment_boundary_split	EMAIL	sale_0007__m2718_linebreak	adversarial	mut:linebreak		LEAK	fedorov@bk.\nru
segment_boundary_split	EMAIL	sale_0014__m2718_linebreak	adversarial	mut:linebreak		LEAK	semenov@mail.\nru
segment_boundary_split	EMAIL	services_0002__m1337_linebreak	adversarial	mut:linebreak		LEAK	ershova@yandex\n.ru
segment_boundary_split	EMAIL	services_0005__m2718_linebreak	adversarial	mut:linebreak		LEAK	mihaylov\n@inbox.ru
segment_boundary_split	EMAIL	services_0005__m2718_linebreak	adversarial	mut:linebreak		LEAK	vorobev@inbo\nx.ru
segment_boundary_split	EMAIL	services_0011__m2718_linebreak	adversarial	mut:linebreak		LEAK	sokolova\n@yandex.ru
segment_boundary_split	EMAIL	services_0014__m2718_linebreak	adversarial	mut:linebreak		LEAK	guseva@gmail\n.com
segment_boundary_split	EMAIL	supply_0002__m1337_linebreak	adversarial	mut:linebreak		LEAK	semenov@\nbk.ru
segment_boundary_split	EMAIL	supply_0002__m1337_linebreak	adversarial	mut:linebreak		LEAK	sokolova@mail.\nru
segment_boundary_split	EMAIL	supply_0003__m2718_linebreak	adversarial	mut:linebreak		LEAK	bogdanov@\ncorp-tehno.ru
segment_boundary_split	EMAIL	supply_0009__m2718_linebreak	adversarial	mut:linebreak		LEAK	petrov@ro\nmashka.ru
segment_boundary_split	EMAIL	supply_0009__m2718_linebreak	adversarial	mut:linebreak		LEAK	zayceva@gmail.\ncom
segment_boundary_split	EMAIL	supply_0015__m2718_linebreak	adversarial	mut:linebreak		LEAK	golubev@sibtran\ns.ru
segment_boundary_split	EMAIL	works_0005__m2718_linebreak	adversarial	mut:linebreak		LEAK	mаksimova@ro\nmashka.ru
segment_boundary_split	EMAIL	works_0005__m2718_linebreak	adversarial	mut:linebreak		LEAK	nikitina@mail.\nru
segment_boundary_split	EMAIL	works_0011__m2718_linebreak	adversarial	mut:linebreak		LEAK	belyaev@inbo\nx.ru
segment_boundary_split	EMAIL	works_0012__m2718_linebreak	adversarial	mut:linebreak		LEAK	belov@r\nomashka.ru
segment_boundary_split	INN	agency_0005__m2718_linebreak	adversarial	mut:linebreak	valid	LEAK	4078299315\n73
segment_boundary_split	INN	agency_0005__m2718_linebreak	adversarial	mut:linebreak	valid	LEAK	40782\n9931573
segment_boundary_split	INN	agency_0005__m2718_linebreak	adversarial	mut:linebreak	valid	hidden	933\n483538805
segment_boundary_split	INN	agency_0010__m2718_linebreak	adversarial	mut:linebreak	valid	LEAK	71582337\n0604
segment_boundary_split	INN	agency_0010__m2718_linebreak	adversarial	mut:linebreak	valid	LEAK	7158\n23370604
segment_boundary_split	INN	agency_0010__m2718_linebreak	adversarial	mut:linebreak	valid	LEAK	9375532509\n15
segment_boundary_split	INN	agency_0010__m2718_linebreak	adversarial	mut:linebreak	valid	LEAK	937553\n250915
segment_boundary_split	INN	cession_0001__m2718_linebreak	adversarial	mut:linebreak	valid	LEAK	1221457526\n06
segment_boundary_split	INN	cession_0001__m2718_linebreak	adversarial	mut:linebreak	valid	LEAK	1221\n45752606
segment_boundary_split	INN	cession_0001__m2718_linebreak	adversarial	mut:linebreak	valid	LEAK	747496\n672725
segment_boundary_split	INN	cession_0002__m1337_linebreak	adversarial	mut:linebreak		LEAK	912-792-72\n2564
segment_boundary_split	INN	cession_0002__m1337_linebreak	adversarial	mut:linebreak	valid	LEAK	91\n2792722564
segment_boundary_split	INN	cession_0002__m1337_linebreak	adversarial	mut:linebreak	valid	hidden	24038\n5375248
segment_boundary_split	INN	cession_0007__m2718_linebreak	adversarial	mut:linebreak	valid	LEAK	0523613\n86407
segment_boundary_split	INN	cession_0007__m2718_linebreak	adversarial	mut:linebreak	valid	LEAK	05236\n1386407
segment_boundary_split	INN	cession_0007__m2718_linebreak	adversarial	mut:linebreak	valid	hidden	518219186\n449
segment_boundary_split	INN	labor_0005__m2718_linebreak	adversarial	mut:linebreak		LEAK	34\n78735100
segment_boundary_split	INN	labor_0006__m2718_linebreak	adversarial	mut:linebreak		hidden	81\n74351040
segment_boundary_split	INN	labor_0006__m2718_linebreak	adversarial	mut:linebreak	valid	LEAK	2732435\n43406
segment_boundary_split	INN	labor_0006__m2718_linebreak	adversarial	mut:linebreak	valid	hidden	43772326\n69
segment_boundary_split	INN	labor_0008__m1337_linebreak	adversarial	mut:linebreak		LEAK	011-010-\n8085
segment_boundary_split	INN	labor_0008__m1337_linebreak	adversarial	mut:linebreak	valid	LEAK	0 1\n10 108 085
segment_boundary_split	INN	labor_0008__m1337_linebreak	adversarial	mut:linebreak	valid	LEAK	2017\n27300597
segment_boundary_split	INN	labor_0011__m2718_linebreak	adversarial	mut:linebreak		hidden	27796042\n18
segment_boundary_split	INN	lease_0005__m2718_linebreak	adversarial	mut:linebreak	valid	LEAK	6136325502\n79
segment_boundary_split	INN	lease_0005__m2718_linebreak	adversarial	mut:linebreak	valid	LEAK	61\n3632550279
segment_boundary_split	INN	lease_0005__m2718_linebreak	adversarial	mut:linebreak	valid	LEAK	9169974\n67665
segment_boundary_split	INN	lease_0011__m2718_linebreak	adversarial	mut:linebreak	valid	LEAK	5404954929\n54
segment_boundary_split	INN	lease_0011__m2718_linebreak	adversarial	mut:linebreak	valid	LEAK	5404954929\n54
segment_boundary_split	INN	lease_0011__m2718_linebreak	adversarial	mut:linebreak	valid	hidden	566\n795548129
segment_boundary_split	INN	loan_0005__m2718_linebreak	adversarial	mut:linebreak	valid	LEAK	492241\n725767
segment_boundary_split	INN	loan_0005__m2718_linebreak	adversarial	mut:linebreak	valid	LEAK	7230111711\n32
segment_boundary_split	INN	loan_0005__m2718_linebreak	adversarial	mut:linebreak	valid	LEAK	7230111711\n32
segment_boundary_split	INN	loan_0006	adversarial	cell_boundary_split		LEAK	9064 10809811
segment_boundary_split	INN	sale_0001__m2718_linebreak	adversarial	mut:linebreak	valid	LEAK	52680672\n0273
segment_boundary_split	INN	sale_0001__m2718_linebreak	adversarial	mut:linebreak	valid	hidden	860574875\n284
segment_boundary_split	INN	sale_0001__m2718_linebreak	adversarial	mut:linebreak	valid	hidden	86057487\n5284
segment_boundary_split	INN	sale_0002__m1337_linebreak	adversarial	mut:linebreak		LEAK	96\n92 86\n997422
segment_boundary_split	INN	sale_0002__m1337_linebreak	adversarial	mut:linebreak	valid	LEAK	9692\n86997422
segment_boundary_split	INN	sale_0002__m1337_linebreak	adversarial	mut:linebreak	valid	hidden	286\n275023810
segment_boundary_split	INN	sale_0007__m2718_linebreak	adversarial	mut:linebreak	valid	LEAK	2062833908\n45
segment_boundary_split	INN	sale_0007__m2718_linebreak	adversarial	mut:linebreak	valid	LEAK	206283390\n845
segment_boundary_split	INN	sale_0007__m2718_linebreak	adversarial	mut:linebreak	valid	hidden	144021744\n341
segment_boundary_split	INN	sale_0014__m2718_linebreak	adversarial	mut:linebreak	valid	LEAK	2610549624\n58
segment_boundary_split	INN	sale_0014__m2718_linebreak	adversarial	mut:linebreak	valid	LEAK	53682966\n9559
segment_boundary_split	INN	services_0002__m1337_linebreak	adversarial	mut:linebreak	valid	LEAK	0938165846\n67
segment_boundary_split	INN	services_0002__m1337_linebreak	adversarial	mut:linebreak	valid	LEAK	5414404\n78663
segment_boundary_split	INN	services_0005__m2718_linebreak	adversarial	mut:linebreak	valid	LEAK	58296213\n8433
segment_boundary_split	INN	services_0005__m2718_linebreak	adversarial	mut:linebreak	valid	LEAK	688\n4460724
segment_boundary_split	INN	services_0014__m2718_linebreak	adversarial	mut:linebreak	valid	LEAK	013510\n008834
segment_boundary_split	INN	services_0014__m2718_linebreak	adversarial	mut:linebreak	valid	LEAK	88\n6465145429
segment_boundary_split	INN	supply_0002__m1337_linebreak	adversarial	mut:linebreak	valid	hidden	328739005\n668
segment_boundary_split	INN	supply_0002__m1337_linebreak	adversarial	mut:linebreak	valid	hidden	32873900\n5668
segment_boundary_split	INN	supply_0002__m1337_linebreak	adversarial	mut:linebreak	valid	hidden	59\n69390070
segment_boundary_split	INN	supply_0003__m2718_linebreak	adversarial	mut:linebreak	valid	LEAK	2011\n61707415
segment_boundary_split	INN	supply_0003__m2718_linebreak	adversarial	mut:linebreak	valid	LEAK	99\n16803309
segment_boundary_split	INN	supply_0009__m2718_linebreak	adversarial	mut:linebreak	valid	LEAK	291950\n8549
segment_boundary_split	INN	supply_0009__m2718_linebreak	adversarial	mut:linebreak	valid	LEAK	50883724\n0373
segment_boundary_split	INN	supply_0015__m2718_linebreak	adversarial	mut:linebreak	valid	LEAK	99278\n74693
segment_boundary_split	INN	supply_0015__m2718_linebreak	adversarial	mut:linebreak	valid	hidden	883117617\n330
segment_boundary_split	INN	works_0012__m2718_linebreak	adversarial	mut:linebreak		LEAK	356-951\n-827018
segment_boundary_split	INN	works_0012__m2718_linebreak	adversarial	mut:linebreak	valid	LEAK	23\n5674468078
segment_boundary_split	INN	works_0012__m2718_linebreak	adversarial	mut:linebreak	valid	LEAK	35695182\n7018
segment_boundary_split	KPP	labor_0005__m2718_linebreak	adversarial	mut:linebreak		LEAK	4378544\n79
segment_boundary_split	KPP	labor_0005__m2718_linebreak	adversarial	mut:linebreak		LEAK	4378544\n79
segment_boundary_split	KPP	labor_0006__m2718_linebreak	adversarial	mut:linebreak		hidden	33\n8749449
segment_boundary_split	KPP	labor_0008__m1337_linebreak	adversarial	mut:linebreak		hidden	40\n1990669
segment_boundary_split	KPP	labor_0011__m2718_linebreak	adversarial	mut:linebreak		LEAK	20832\n1813
segment_boundary_split	KPP	services_0005__m2718_linebreak	adversarial	mut:linebreak		LEAK	174178\n763
segment_boundary_split	KPP	services_0011__m2718_linebreak	adversarial	mut:linebreak		LEAK	58257\n9926
segment_boundary_split	KPP	supply_0002__m1337_linebreak	adversarial	mut:linebreak		hidden	4072\n65752
segment_boundary_split	KPP	supply_0003__m2718_linebreak	adversarial	mut:linebreak		LEAK	78\n9904579
segment_boundary_split	KPP	supply_0009__m2718_linebreak	adversarial	mut:linebreak		LEAK	4640\n63151
segment_boundary_split	KPP	supply_0015__m2718_linebreak	adversarial	mut:linebreak		LEAK	86\n9314006
segment_boundary_split	OGRN	agency_0005__m2718_linebreak	adversarial	mut:linebreak	valid	LEAK	34\n5305901325030
segment_boundary_split	OGRN	agency_0010__m2718_linebreak	adversarial	mut:linebreak	valid	hidden	327081120288\n910
segment_boundary_split	OGRN	agency_0010__m2718_linebreak	adversarial	mut:linebreak	valid	hidden	3693442683694\n40
segment_boundary_split	OGRN	cession_0001__m2718_linebreak	adversarial	mut:linebreak	valid	hidden	303824597\n920654
segment_boundary_split	OGRN	cession_0007__m2718_linebreak	adversarial	mut:linebreak	valid	LEAK	3962178831290\n67
segment_boundary_split	OGRN	labor_0006__m2718_linebreak	adversarial	mut:linebreak	valid	hidden	14\n33069658911
segment_boundary_split	OGRN	labor_0008__m1337_linebreak	adversarial	mut:linebreak	valid	hidden	1 801 003 610\n 373
segment_boundary_split	OGRN	lease_0005__m2718_linebreak	adversarial	mut:linebreak	valid	LEAK	30497\n3772133182
segment_boundary_split	OGRN	lease_0011__m2718_linebreak	adversarial	mut:linebreak	valid	hidden	363350845\n165794
segment_boundary_split	OGRN	loan_0005__m2718_linebreak	adversarial	mut:linebreak	valid	LEAK	388\n173281746089
segment_boundary_split	OGRN	sale_0001__m2718_linebreak	adversarial	mut:linebreak	valid	LEAK	3451522\n20114022
segment_boundary_split	OGRN	sale_0007__m2718_linebreak	adversarial	mut:linebreak	valid	LEAK	3960793\n80564771
segment_boundary_split	OGRN	services_0005__m2718_linebreak	adversarial	mut:linebreak	valid	LEAK	17\n26911266817
segment_boundary_split	OGRN	supply_0002__m1337_linebreak	adversarial	mut:linebreak	valid	hidden	192091621\n4690
segment_boundary_split	OGRN	supply_0002__m1337_linebreak	adversarial	mut:linebreak	valid	hidden	3215830\n91389571
segment_boundary_split	OGRN	supply_0003__m2718_linebreak	adversarial	mut:linebreak	valid	LEAK	18292\n47418977
segment_boundary_split	OGRN	supply_0009__m2718_linebreak	adversarial	mut:linebreak	valid	LEAK	18032136511\n29
segment_boundary_split	OGRN	supply_0015__m2718_linebreak	adversarial	mut:linebreak	valid	LEAK	13923\n82585880
segment_boundary_split	PASSPORT	agency_0005__m2718_linebreak	adversarial	mut:linebreak		LEAK	62 11 0296\n96
segment_boundary_split	PASSPORT	agency_0005__m2718_linebreak	adversarial	mut:linebreak		LEAK	62 11 029\n696
segment_boundary_split	PASSPORT	cession_0001__m2718_linebreak	adversarial	mut:linebreak		LEAK	787-2\n80
segment_boundary_split	PASSPORT	cession_0001__m2718_linebreak	adversarial	mut:linebreak		hidden	90 14 617\n085
segment_boundary_split	PASSPORT	cession_0001__m2718_linebreak	adversarial	mut:linebreak		hidden	90 14 \n617085
segment_boundary_split	PASSPORT	cession_0002__m1337_linebreak	adversarial	mut:linebreak		LEAK	08 19 \n096084
segment_boundary_split	PASSPORT	cession_0002__m1337_linebreak	adversarial	mut:linebreak		LEAK	08 19\n 096084
segment_boundary_split	PASSPORT	cession_0002__m1337_linebreak	adversarial	mut:linebreak		LEAK	92 03 412\n957
segment_boundary_split	PASSPORT	cession_0002__m1337_linebreak	adversarial	mut:linebreak		LEAK	92 03 \n412957
segment_boundary_split	PASSPORT	cession_0002__m1337_linebreak	adversarial	mut:linebreak		LEAK	926-8\n27
segment_boundary_split	PASSPORT	cession_0002__m1337_linebreak	adversarial	mut:linebreak		LEAK	92\n6-827
segment_boundary_split	PASSPORT	cession_0007__m2718_linebreak	adversarial	mut:linebreak		LEAK	356-3\n24
segment_boundary_split	PASSPORT	cession_0007__m2718_linebreak	adversarial	mut:linebreak		hidden	33 21 4925\n46
segment_boundary_split	PASSPORT	cession_0007__m2718_linebreak	adversarial	mut:linebreak		hidden	33\n 21 492546
segment_boundary_split	PASSPORT	labor_0005__m2718_linebreak	adversarial	mut:linebreak		hidden	27\n2-910
segment_boundary_split	PASSPORT	labor_0005__m2718_linebreak	adversarial	mut:linebreak		hidden	28 20 \n210363
segment_boundary_split	PASSPORT	labor_0005__m2718_linebreak	adversarial	mut:linebreak		hidden	28\n 20 210363
segment_boundary_split	PASSPORT	labor_0006__m2718_linebreak	adversarial	mut:linebreak		LEAK	47 14 3502\n76
segment_boundary_split	PASSPORT	labor_0006__m2718_linebreak	adversarial	mut:linebreak		LEAK	47 14 \n350276
segment_boundary_split	PASSPORT	labor_0006__m2718_linebreak	adversarial	mut:linebreak		LEAK	567-2\n40
segment_boundary_split	PASSPORT	labor_0006__m2718_linebreak	adversarial	mut:linebreak		LEAK	56\n7-240
segment_boundary_split	PASSPORT	labor_0008__m1337_linebreak	adversarial	mut:linebreak		hidden	51 23 2\n40817
segment_boundary_split	PASSPORT	labor_0008__m1337_linebreak	adversarial	mut:linebreak		hidden	51 23 \n240817
segment_boundary_split	PASSPORT	labor_0011__m2718_linebreak	adversarial	mut:linebreak		LEAK	37 02 7\n16547
segment_boundary_split	PASSPORT	labor_0011__m2718_linebreak	adversarial	mut:linebreak		LEAK	37 0\n2 716547
segment_boundary_split	PASSPORT	lease_0005__m2718_linebreak	adversarial	mut:linebreak		LEAK	50 23 1592\n43
segment_boundary_split	PASSPORT	lease_0005__m2718_linebreak	adversarial	mut:linebreak		LEAK	50 23 15\n9243
segment_boundary_split	PASSPORT	lease_0005__m2718_linebreak	adversarial	mut:linebreak		hidden	11\n7-042
segment_boundary_split	PASSPORT	lease_0011__m2718_linebreak	adversarial	mut:linebreak		LEAK	77\n7-183
segment_boundary_split	PASSPORT	lease_0011__m2718_linebreak	adversarial	mut:linebreak		hidden	92 17 \n222993
segment_boundary_split	PASSPORT	lease_0011__m2718_linebreak	adversarial	mut:linebreak		hidden	92 1\n7 222993
segment_boundary_split	PASSPORT	loan_0005__m2718_linebreak	adversarial	mut:linebreak		LEAK	321-9\n93
segment_boundary_split	PASSPORT	loan_0005__m2718_linebreak	adversarial	mut:linebreak		LEAK	83 17 76\n5881
segment_boundary_split	PASSPORT	loan_0005__m2718_linebreak	adversarial	mut:linebreak		LEAK	83 17 \n765881
segment_boundary_split	PASSPORT	sale_0001__m2718_linebreak	adversarial	mut:linebreak		LEAK	04\n6-177
segment_boundary_split	PASSPORT	sale_0001__m2718_linebreak	adversarial	mut:linebreak		hidden	44 09 \n565762
segment_boundary_split	PASSPORT	sale_0001__m2718_linebreak	adversarial	mut:linebreak		hidden	44 \n09 565762
segment_boundary_split	PASSPORT	sale_0002__m1337_linebreak	adversarial	mut:linebreak		LEAK	094-9\n25
segment_boundary_split	PASSPORT	sale_0002__m1337_linebreak	adversarial	mut:linebreak		LEAK	094-9\n25
segment_boundary_split	PASSPORT	sale_0002__m1337_linebreak	adversarial	mut:linebreak		LEAK	21 17 122\n959
segment_boundary_split	PASSPORT	sale_0002__m1337_linebreak	adversarial	mut:linebreak		LEAK	21 \n17 122959
segment_boundary_split	PASSPORT	sale_0002__m1337_linebreak	adversarial	mut:linebreak		LEAK	44\n8-818
segment_boundary_split	PASSPORT	sale_0002__m1337_linebreak	adversarial	mut:linebreak		hidden	30\n 09 242640
segment_boundary_split	PASSPORT	sale_0002__m1337_linebreak	adversarial	mut:linebreak		hidden	30\n 09 242640
segment_boundary_split	PASSPORT	sale_0007__m2718_linebreak	adversarial	mut:linebreak		LEAK	69 03 6454\n50
segment_boundary_split	PASSPORT	sale_0007__m2718_linebreak	adversarial	mut:linebreak		LEAK	69 03\n 645450
segment_boundary_split	PASSPORT	sale_0007__m2718_linebreak	adversarial	mut:linebreak		hidden	86\n5-710
segment_boundary_split	PASSPORT	sale_0013__m2718_linebreak	adversarial	mut:linebreak		LEAK	66 11 41\n8017
segment_boundary_split	PASSPORT	sale_0013__m2718_linebreak	adversarial	mut:linebreak		LEAK	66 \n11 418017
segment_boundary_split	PASSPORT	sale_0014__m2718_linebreak	adversarial	mut:linebreak		LEAK	07 23 184\n021
segment_boundary_split	PASSPORT	sale_0014__m2718_linebreak	adversarial	mut:linebreak		LEAK	07 23 \n184021
segment_boundary_split	PASSPORT	sale_0014__m2718_linebreak	adversarial	mut:linebreak		LEAK	306-3\n87
segment_boundary_split	PASSPORT	sale_0014__m2718_linebreak	adversarial	mut:linebreak		LEAK	306-3\n87
segment_boundary_split	PASSPORT	sale_0014__m2718_linebreak	adversarial	mut:linebreak		LEAK	906-6\n55
segment_boundary_split	PASSPORT	sale_0014__m2718_linebreak	adversarial	mut:linebreak		hidden	38 14 \n808218
segment_boundary_split	PASSPORT	sale_0014__m2718_linebreak	adversarial	mut:linebreak		hidden	38 14\n 808218
segment_boundary_split	PASSPORT	services_0002__m1337_linebreak	adversarial	mut:linebreak		LEAK	58\n2-034
segment_boundary_split	PASSPORT	services_0002__m1337_linebreak	adversarial	mut:linebreak		LEAK	63 03 6683\n78
segment_boundary_split	PASSPORT	services_0002__m1337_linebreak	adversarial	mut:linebreak		LEAK	63 0\n3 668378
segment_boundary_split	PASSPORT	services_0002__m1337_linebreak	adversarial	mut:linebreak		hidden	21 17\n 497728
segment_boundary_split	PASSPORT	services_0002__m1337_linebreak	adversarial	mut:linebreak		hidden	21\n 17 497728
segment_boundary_split	PASSPORT	services_0005__m2718_linebreak	adversarial	mut:linebreak		hidden	11\n6-752
segment_boundary_split	PASSPORT	services_0005__m2718_linebreak	adversarial	mut:linebreak		hidden	26 04 644\n140
segment_boundary_split	PASSPORT	services_0005__m2718_linebreak	adversarial	mut:linebreak		hidden	26 04\n 644140
segment_boundary_split	PASSPORT	services_0011__m2718_linebreak	adversarial	mut:linebreak		LEAK	88 03 75\n0941
segment_boundary_split	PASSPORT	services_0011__m2718_linebreak	adversarial	mut:linebreak		LEAK	88 \n03 750941
segment_boundary_split	PASSPORT	services_0014__m2718_linebreak	adversarial	mut:linebreak		LEAK	018-9\n27
segment_boundary_split	PASSPORT	services_0014__m2718_linebreak	adversarial	mut:linebreak		LEAK	01\n8-927
segment_boundary_split	PASSPORT	services_0014__m2718_linebreak	adversarial	mut:linebreak		LEAK	70 15 9\n63951
segment_boundary_split	PASSPORT	services_0014__m2718_linebreak	adversarial	mut:linebreak		LEAK	70 1\n5 963951
segment_boundary_split	PASSPORT	services_0014__m2718_linebreak	adversarial	mut:linebreak		LEAK	79\n8-238
segment_boundary_split	PASSPORT	services_0014__m2718_linebreak	adversarial	mut:linebreak		hidden	01 \n23 263248
segment_boundary_split	PASSPORT	services_0014__m2718_linebreak	adversarial	mut:linebreak		hidden	01\n 23 263248
segment_boundary_split	PASSPORT	supply_0003__m2718_linebreak	adversarial	mut:linebreak		hidden	02 08 \n829967
segment_boundary_split	PASSPORT	supply_0003__m2718_linebreak	adversarial	mut:linebreak		hidden	02 \n08 829967
segment_boundary_split	PASSPORT	supply_0003__m2718_linebreak	adversarial	mut:linebreak		hidden	05\n1-237
segment_boundary_split	PASSPORT	supply_0009__m2718_linebreak	adversarial	mut:linebreak		LEAK	707-7\n48
segment_boundary_split	PASSPORT	supply_0009__m2718_linebreak	adversarial	mut:linebreak		hidden	84 02 \n932671
segment_boundary_split	PASSPORT	supply_0009__m2718_linebreak	adversarial	mut:linebreak		hidden	84\n 02 932671
segment_boundary_split	PASSPORT	supply_0015__m2718_linebreak	adversarial	mut:linebreak		LEAK	06\n1-662
segment_boundary_split	PASSPORT	supply_0015__m2718_linebreak	adversarial	mut:linebreak		LEAK	06\n1-662
segment_boundary_split	PASSPORT	supply_0015__m2718_linebreak	adversarial	mut:linebreak		LEAK	76 05 37\n6027
segment_boundary_split	PASSPORT	supply_0015__m2718_linebreak	adversarial	mut:linebreak		LEAK	76 05 3\n76027
segment_boundary_split	PASSPORT	works_0005__m2718_linebreak	adversarial	mut:linebreak		LEAK	07 12 109\n748
segment_boundary_split	PASSPORT	works_0005__m2718_linebreak	adversarial	mut:linebreak		LEAK	07 12 \n109748
segment_boundary_split	PASSPORT	works_0005__m2718_linebreak	adversarial	mut:linebreak		hidden	683-3\n81
segment_boundary_split	PASSPORT	works_0011__m2718_linebreak	adversarial	mut:linebreak		LEAK	20 17 08\n8328
segment_boundary_split	PASSPORT	works_0011__m2718_linebreak	adversarial	mut:linebreak		LEAK	20 \n17 088328
segment_boundary_split	PASSPORT	works_0011__m2718_linebreak	adversarial	mut:linebreak		LEAK	30\n0-212
segment_boundary_split	PASSPORT	works_0011__m2718_linebreak	adversarial	mut:linebreak		LEAK	30\n0-212
segment_boundary_split	PASSPORT	works_0012__m2718_linebreak	adversarial	mut:linebreak		LEAK	60 25 346\n258
segment_boundary_split	PASSPORT	works_0012__m2718_linebreak	adversarial	mut:linebreak		LEAK	60 25 3\n46258
segment_boundary_split	PASSPORT	works_0012__m2718_linebreak	adversarial	mut:linebreak		LEAK	702-9\n82
segment_boundary_split	PASSPORT	works_0012__m2718_linebreak	adversarial	mut:linebreak		LEAK	70\n2-982
segment_boundary_split	PASSPORT	works_0012__m2718_linebreak	adversarial	mut:linebreak		LEAK	97 20 303\n184
segment_boundary_split	PASSPORT	works_0012__m2718_linebreak	adversarial	mut:linebreak		LEAK	97 20 303\n184
segment_boundary_split	PER	agency_0006	adversarial	cell_boundary_split		hidden	Ким Ен Су
segment_boundary_split	PER	agency_0010__m2718_linebreak	adversarial	mut:linebreak		LEAK	Морозо\nва Екатерина Олеговна
segment_boundary_split	PER	agency_0010__m2718_linebreak	adversarial	mut:linebreak		LEAK	Морозова Екатерина О\nлеговна
segment_boundary_split	PER	agency_0010__m2718_linebreak	adversarial	mut:linebreak		LEAK	Попов О.\n О.
segment_boundary_split	PER	agency_0010__m2718_linebreak	adversarial	mut:linebreak		LEAK	Попов О.\n О.
segment_boundary_split	PER	agency_0010__m2718_linebreak	adversarial	mut:linebreak		LEAK	Попов\n Олег Олегович
segment_boundary_split	PER	agency_0010__m2718_linebreak	adversarial	mut:linebreak		LEAK	поповым о\nлегом олеговичем
segment_boundary_split	PER	agency_0010__m2718_linebreak	adversarial	mut:linebreak		hidden	Морозо\nва Е. О.
segment_boundary_split	PER	agency_0010__m2718_linebreak	adversarial	mut:linebreak		hidden	Поп\nову Олегу Олеговичу
segment_boundary_split	PER	cession_0002__m1337_linebreak	adversarial	mut:linebreak		LEAK	Мак\nаров Юрий Николаевич
segment_boundary_split	PER	cession_0002__m1337_linebreak	adversarial	mut:linebreak		hidden	Иванов\n Иван Егорович
segment_boundary_split	PER	cession_0007__m2718_linebreak	adversarial	mut:linebreak		LEAK	Маме\nдов Рашид Али оглы
segment_boundary_split	PER	cession_0007__m2718_linebreak	adversarial	mut:linebreak		LEAK	ТЕР-ПЕТРОСЯН АРТУР АШОТОВ\nИЧ
segment_boundary_split	PER	labor_0005__m2718_linebreak	adversarial	mut:linebreak		LEAK	фёдоровым владимиром михайло\nвичем
segment_boundary_split	PER	labor_0006__m2718_linebreak	adversarial	mut:linebreak		LEAK	ИВАНО\nВ ЕГОР ОЛЕГОВИЧ
segment_boundary_split	PER	labor_0008__m1337_linebreak	adversarial	mut:linebreak		LEAK	Кры\nлова И. С.
segment_boundary_split	PER	labor_0008__m1337_linebreak	adversarial	mut:linebreak		LEAK	Соколова Ирина\n Ивановна
segment_boundary_split	PER	labor_0008__m1337_linebreak	adversarial	mut:linebreak		hidden	Ершова Екатерина Але\nксеевна
segment_boundary_split	PER	labor_0011__m2718_linebreak	adversarial	mut:linebreak		LEAK	Новико\nв О. Ю.
segment_boundary_split	PER	lease_0005__m2718_linebreak	adversarial	mut:linebreak		LEAK	Беляев Пётр Петр\nович
segment_boundary_split	PER	loan_0005__m2718_linebreak	adversarial	mut:linebreak		LEAK	Кисель Е. \nП.
segment_boundary_split	PER	loan_0005__m2718_linebreak	adversarial	mut:linebreak		LEAK	Кисель Е\n. П.
segment_boundary_split	PER	loan_0005__m2718_linebreak	adversarial	mut:linebreak		LEAK	Кисель Его\nр Петрович
segment_boundary_split	PER	loan_0005__m2718_linebreak	adversarial	mut:linebreak		hidden	КИС\nЕЛЬ ЕГОР ПЕТРОВИЧ
segment_boundary_split	PER	sale_0001__m2718_linebreak	adversarial	mut:linebreak		LEAK	МА\nКСИМОВА АННА МИХАЙЛОВНА
segment_boundary_split	PER	sale_0007__m2718_linebreak	adversarial	mut:linebreak		LEAK	Белов Юрий Але\nксеевич
segment_boundary_split	PER	sale_0007__m2718_linebreak	adversarial	mut:linebreak		hidden	Бело\nв Ю. А.
segment_boundary_split	PER	sale_0007__m2718_linebreak	adversarial	mut:linebreak		hidden	фЁдОрОв Ив\nан
segment_boundary_split	PER	sale_0013__m2718_linebreak	adversarial	mut:linebreak		LEAK	ЕРШОВА ИРИ\nНА ИВАНОВНА
segment_boundary_split	PER	sale_0014__m2718_linebreak	adversarial	mut:linebreak		hidden	Белов Артём Павло\nвич
segment_boundary_split	PER	services_0002__m1337_linebreak	adversarial	mut:linebreak		LEAK	Ершова Ольга Е\nгоровна
segment_boundary_split	PER	supply_0002__m1337_linebreak	adversarial	mut:linebreak		LEAK	Со\nколова Н. Ю.
segment_boundary_split	PER	supply_0002__m1337_linebreak	adversarial	mut:linebreak		hidden	Семёнов О.\n Е.
segment_boundary_split	PER	supply_0002__m1337_linebreak	adversarial	mut:linebreak		hidden	Семёнов Олег Егоров\nич
segment_boundary_split	PER	works_0005__m2718_linebreak	adversarial	mut:linebreak		LEAK	МАКСИМО\nВА МАРИЯ НИКОЛАЕВНА
segment_boundary_split	PER	works_0011__m2718_linebreak	adversarial	mut:linebreak		LEAK	Беляе\nв А. П.
segment_boundary_split	PER	works_0011__m2718_linebreak	adversarial	mut:linebreak		LEAK	Макаров Роман Е\nгорович
segment_boundary_split	PER	works_0011__m2718_linebreak	adversarial	mut:linebreak		hidden	Беляев Артём Петров\nич
segment_boundary_split	PER	works_0012__m2718_linebreak	adversarial	mut:linebreak		LEAK	Бело\nв С. Д.
segment_boundary_split	PER	works_0012__m2718_linebreak	adversarial	mut:linebreak		LEAK	Бело\nву Сергею Дмитриевичу
segment_boundary_split	PER	works_0012__m2718_linebreak	adversarial	mut:linebreak		hidden	Семёнов Юри\nй Михайлович
segment_boundary_split	PHONE	agency_0005__m2718_linebreak	adversarial	mut:linebreak		LEAK	+7 (38\n3) 496-17-58
segment_boundary_split	PHONE	agency_0005__m2718_linebreak	adversarial	mut:linebreak		LEAK	+7 (3\n83) 530-63-99
segment_boundary_split	PHONE	agency_0005__m2718_linebreak	adversarial	mut:linebreak		LEAK	+7\n (495) 217-44-49
segment_boundary_split	PHONE	agency_0010__m2718_linebreak	adversarial	mut:linebreak		LEAK	+7 (495) \n981-19-41
segment_boundary_split	PHONE	agency_0010__m2718_linebreak	adversarial	mut:linebreak		LEAK	+7 (499) 561-\n35-13
segment_boundary_split	PHONE	agency_0010__m2718_linebreak	adversarial	mut:linebreak		hidden	+7\n (846) 584-84-11
segment_boundary_split	PHONE	cession_0001__m2718_linebreak	adversarial	mut:linebreak		LEAK	+7 (495) \n861-21-10
segment_boundary_split	PHONE	cession_0001__m2718_linebreak	adversarial	mut:linebreak		LEAK	+7 (812)\n 135-99-88
segment_boundary_split	PHONE	cession_0001__m2718_linebreak	adversarial	mut:linebreak		LEAK	+7 (8\n12) 689-43-43
segment_boundary_split	PHONE	cession_0002__m1337_linebreak	adversarial	mut:linebreak		LEAK	8(843\n)4341367
segment_boundary_split	PHONE	cession_0002__m1337_linebreak	adversarial	mut:linebreak		LEAK	8-499-6\n61-94-74
segment_boundary_split	PHONE	cession_0002__m1337_linebreak	adversarial	mut:linebreak		LEAK	812\n 4528997
segment_boundary_split	PHONE	cession_0002__m1337_linebreak	adversarial	mut:linebreak		hidden	+73833\n938554
segment_boundary_split	PHONE	cession_0007__m2718_linebreak	adversarial	mut:linebreak		LEAK	+7 (383) 81\n3-50-29
segment_boundary_split	PHONE	cession_0007__m2718_linebreak	adversarial	mut:linebreak		LEAK	+7 (495) 339-51\n-50
segment_boundary_split	PHONE	cession_0007__m2718_linebreak	adversarial	mut:linebreak		LEAK	+7 (812) 989-\n67-15
segment_boundary_split	PHONE	cession_0007__m2718_linebreak	adversarial	mut:linebreak		LEAK	+7 (843)\n 136-92-84
segment_boundary_split	PHONE	labor_0005__m2718_linebreak	adversarial	mut:linebreak		LEAK	+7 (499) 582-\n95-31
segment_boundary_split	PHONE	labor_0005__m2718_linebreak	adversarial	mut:linebreak		LEAK	+7 (846)\n 326-44-18
segment_boundary_split	PHONE	labor_0005__m2718_linebreak	adversarial	mut:linebreak		LEAK	+7 (\n843) 952-85-77
segment_boundary_split	PHONE	labor_0006__m2718_linebreak	adversarial	mut:linebreak		LEAK	+7 (383) 171-28-\n57
segment_boundary_split	PHONE	labor_0006__m2718_linebreak	adversarial	mut:linebreak		LEAK	+7 (812\n) 271-60-20
segment_boundary_split	PHONE	labor_0006__m2718_linebreak	adversarial	mut:linebreak		LEAK	+7 (\n383) 241-93-63
segment_boundary_split	PHONE	labor_0008__m1337_linebreak	adversarial	mut:linebreak		LEAK	+7 (495)\n 581-65-78
segment_boundary_split	PHONE	labor_0008__m1337_linebreak	adversarial	mut:linebreak		LEAK	+7 (499) 22\n7-34-72
segment_boundary_split	PHONE	labor_0008__m1337_linebreak	adversarial	mut:linebreak		hidden	+7 (843) 249-51-42 доб. 5\n41
segment_boundary_split	PHONE	labor_0008__m1337_linebreak	adversarial	mut:linebreak		hidden	+7 (843) 844-\n68-56
segment_boundary_split	PHONE	labor_0011__m2718_linebreak	adversarial	mut:linebreak		LEAK	+7 (495) 209\n-53-87 доб. 890
segment_boundary_split	PHONE	labor_0011__m2718_linebreak	adversarial	mut:linebreak		LEAK	+7 (\n 383) 4‍60-16-53
segment_boundary_split	PHONE	lease_0005__m2718_linebreak	adversarial	mut:linebreak		LEAK	+7 (495)\n 591-73-17
segment_boundary_split	PHONE	lease_0005__m2718_linebreak	adversarial	mut:linebreak		LEAK	+7 (8\n12) 478-76-89
segment_boundary_split	PHONE	lease_0005__m2718_linebreak	adversarial	mut:linebreak		LEAK	+7 (\n499) 634-58-99
segment_boundary_split	PHONE	lease_0011__m2718_linebreak	adversarial	mut:linebreak		LEAK	+7 (846) 359-\n92-48
segment_boundary_split	PHONE	lease_0011__m2718_linebreak	adversarial	mut:linebreak		LEAK	+7 (846) \n893-55-17
segment_boundary_split	PHONE	lease_0011__m2718_linebreak	adversarial	mut:linebreak		LEAK	+7\n (812) 858-94-69
segment_boundary_split	PHONE	loan_0005__m2718_linebreak	adversarial	mut:linebreak		LEAK	+7 (383\n) 315-81-94
segment_boundary_split	PHONE	loan_0005__m2718_linebreak	adversarial	mut:linebreak		LEAK	+7 (499) 111-\n23-18
segment_boundary_split	PHONE	loan_0005__m2718_linebreak	adversarial	mut:linebreak		LEAK	+7 (846) 918-79\n-77
segment_boundary_split	PHONE	loan_0005__m2718_linebreak	adversarial	mut:linebreak		LEAK	+7\n (812) 845-73-33
segment_boundary_split	PHONE	sale_0001__m2718_linebreak	adversarial	mut:linebreak		LEAK	+7 (846\n) 857-13-93
segment_boundary_split	PHONE	sale_0001__m2718_linebreak	adversarial	mut:linebreak		LEAK	+7 (8\n43) 707-95-39
segment_boundary_split	PHONE	sale_0001__m2718_linebreak	adversarial	mut:linebreak		LEAK	+7\n (495) 665-44-97
segment_boundary_split	PHONE	sale_0002__m1337_linebreak	adversarial	mut:linebreak		LEAK	+7 (499) 52\n7-44-47
segment_boundary_split	PHONE	sale_0002__m1337_linebreak	adversarial	mut:linebreak		LEAK	+7 \n(499) 502-23-21
segment_boundary_split	PHONE	sale_0002__m1337_linebreak	adversarial	mut:linebreak		LEAK	+7\n (495) 522-70-34
segment_boundary_split	PHONE	sale_0007__m2718_linebreak	adversarial	mut:linebreak		LEAK	+7 (383)\n 296-94-38
segment_boundary_split	PHONE	sale_0007__m2718_linebreak	adversarial	mut:linebreak		LEAK	+7 (499) 271\n-70-65
segment_boundary_split	PHONE	sale_0007__m2718_linebreak	adversarial	mut:linebreak		LEAK	+7 (843) 7\n92-17-43
segment_boundary_split	PHONE	sale_0013__m2718_linebreak	adversarial	mut:linebreak		LEAK	+7 (499) 4\n91-21-77
segment_boundary_split	PHONE	sale_0013__m2718_linebreak	adversarial	mut:linebreak		LEAK	+7 (843\n) 180-75-28
segment_boundary_split	PHONE	sale_0013__m2718_linebreak	adversarial	mut:linebreak		LEAK	+7 (8\n12) 967-12-42
segment_boundary_split	PHONE	sale_0014__m2718_linebreak	adversarial	mut:linebreak		LEAK	+7 (495) 19\n0-46-48
segment_boundary_split	PHONE	sale_0014__m2718_linebreak	adversarial	mut:linebreak		LEAK	+7 (843) \n194-74-74
segment_boundary_split	PHONE	sale_0014__m2718_linebreak	adversarial	mut:linebreak		LEAK	+7\n (843) 159-96-52
segment_boundary_split	PHONE	sale_0014__m2718_linebreak	adversarial	mut:linebreak		hidden	+7 (499) 932-\n59-55 доб. 979
segment_boundary_split	PHONE	services_0002__m1337_linebreak	adversarial	mut:linebreak		LEAK	+7 (495\n) 782-95-42
segment_boundary_split	PHONE	services_0002__m1337_linebreak	adversarial	mut:linebreak		LEAK	+7 (4\n95) 928-22-73
segment_boundary_split	PHONE	services_0002__m1337_linebreak	adversarial	mut:linebreak		LEAK	+7 (846) 2\n03-23-17
segment_boundary_split	PHONE	services_0005__m2718_linebreak	adversarial	mut:linebreak		LEAK	+7 (495) 612-6\n2-41
segment_boundary_split	PHONE	services_0005__m2718_linebreak	adversarial	mut:linebreak		LEAK	+7 (846) 196-8\n6-13
segment_boundary_split	PHONE	services_0005__m2718_linebreak	adversarial	mut:linebreak		LEAK	+7\n (495) 647-87-62
segment_boundary_split	PHONE	services_0011__m2718_linebreak	adversarial	mut:linebreak		LEAK	+7 (843) \n397-56-67
segment_boundary_split	PHONE	services_0011__m2718_linebreak	adversarial	mut:linebreak		LEAK	+7 (846) 34\n9-73-17
segment_boundary_split	PHONE	services_0011__m2718_linebreak	adversarial	mut:linebreak		LEAK	+7\n (846) 103-32-55
segment_boundary_split	PHONE	services_0014__m2718_linebreak	adversarial	mut:linebreak		LEAK	+7 (495) 4\n03-44-44
segment_boundary_split	PHONE	services_0014__m2718_linebreak	adversarial	mut:linebreak		LEAK	+7 (495) 716-90\n-37
segment_boundary_split	PHONE	services_0014__m2718_linebreak	adversarial	mut:linebreak		LEAK	+7 (49\n9) 672-94-33
segment_boundary_split	PHONE	supply_0002__m1337_linebreak	adversarial	mut:linebreak		LEAK	+7 (383) 987-79-\n52
segment_boundary_split	PHONE	supply_0002__m1337_linebreak	adversarial	mut:linebreak		LEAK	+7 (4\n99) 781-18-35
segment_boundary_split	PHONE	supply_0002__m1337_linebreak	adversarial	mut:linebreak		LEAK	+7 \n(383) 989-48-18
segment_boundary_split	PHONE	supply_0003__m2718_linebreak	adversarial	mut:linebreak		LEAK	+7 (499) 119-6\n1-99
segment_boundary_split	PHONE	supply_0003__m2718_linebreak	adversarial	mut:linebreak		LEAK	+7 (846)\n 368-91-48
segment_boundary_split	PHONE	supply_0003__m2718_linebreak	adversarial	mut:linebreak		LEAK	+7 (\n846) 702-48-21
segment_boundary_split	PHONE	supply_0009__m2718_linebreak	adversarial	mut:linebreak		LEAK	+7 (843) 19\n9-35-45
segment_boundary_split	PHONE	supply_0009__m2718_linebreak	adversarial	mut:linebreak		LEAK	+7 (846) 650\n-81-84
segment_boundary_split	PHONE	supply_0009__m2718_linebreak	adversarial	mut:linebreak		LEAK	+7 (846)\n 251-61-60
segment_boundary_split	PHONE	supply_0015__m2718_linebreak	adversarial	mut:linebreak		LEAK	+7 (495) 8\n19-58-61
segment_boundary_split	PHONE	supply_0015__m2718_linebreak	adversarial	mut:linebreak		LEAK	+7 (499) 397\n-41-64
segment_boundary_split	PHONE	supply_0015__m2718_linebreak	adversarial	mut:linebreak		LEAK	+7 (499) 410-7\n8-86
segment_boundary_split	PHONE	supply_0015__m2718_linebreak	adversarial	mut:linebreak		LEAK	+7 (\n843) 199-34-71
segment_boundary_split	PHONE	works_0005__m2718_linebreak	adversarial	mut:linebreak		LEAK	+7 (499) 492-62-\n74
segment_boundary_split	PHONE	works_0005__m2718_linebreak	adversarial	mut:linebreak		LEAK	+7 (812) 68\n7-35-53
segment_boundary_split	PHONE	works_0005__m2718_linebreak	adversarial	mut:linebreak		LEAK	+7 (843\n) 577-46-12
segment_boundary_split	PHONE	works_0011__m2718_linebreak	adversarial	mut:linebreak		LEAK	+7\n (383) 193-87-47 доб. 687
segment_boundary_split	PHONE	works_0011__m2718_linebreak	adversarial	mut:linebreak		LEAK	8-\n499-293-47-91
segment_boundary_split	PHONE	works_0011__m2718_linebreak	adversarial	mut:linebreak		LEAK	846 174\n5087
segment_boundary_split	PHONE	works_0012__m2718_linebreak	adversarial	mut:linebreak		LEAK	+7 (495) 14\n3-10-37
segment_boundary_split	PHONE	works_0012__m2718_linebreak	adversarial	mut:linebreak		LEAK	+7 (499) 197-46-\n12
segment_boundary_split	PHONE	works_0012__m2718_linebreak	adversarial	mut:linebreak		LEAK	+7 (843) 684-38-\n45
segment_boundary_split	PHONE	works_0012__m2718_linebreak	adversarial	mut:linebreak		hidden	+7 (\n499) 916-97-46 доб. 558
unread_zone_in_footer	PER	agency_0004	adversarial	in_footer		hidden	Смирнов Р. И.
unread_zone_in_footer	PER	agency_0004__m1337_digit_spaces	adversarial	in_footer		hidden	Смирнов Р. И.
unread_zone_in_footer	PER	cession_0004	adversarial	in_footer		LEAK	Волкова Е. А.
unread_zone_in_footer	PER	cession_0004__m1337_cell_split	adversarial	in_footer		LEAK	Волкова Е. А.
unread_zone_in_footer	PER	labor_0004	adversarial	in_footer		hidden	Титова О. Д.
unread_zone_in_footer	PER	labor_0012	adversarial	in_footer		hidden	Тарасов Н. А.
unread_zone_in_footer	PER	labor_0012__m2718_digit_spaces	adversarial	in_footer		hidden	Тарасов Н. А.
unread_zone_in_footer	PER	lease_0002	adversarial	in_footer		hidden	Новиков С. Ю.
unread_zone_in_footer	PER	lease_0002__m1337_digit_spaces	adversarial	in_footer		hidden	Новиков С. Ю.
unread_zone_in_footer	PER	services_0006	adversarial	in_footer		hidden	Семёнов О. Д.
unread_zone_in_footer	PER	services_0006__m2718_digit_spaces	adversarial	in_footer		hidden	Семёнов О. Д.
unread_zone_in_footer	PER	works_0008	adversarial	in_footer		hidden	Крылова Ю. Е.
unread_zone_in_footer	PHONE	agency_0004	adversarial	in_footer		hidden	8(383)1784068
unread_zone_in_footer	PHONE	cession_0004	adversarial	in_footer		hidden	8(812)6188052
unread_zone_in_footer	PHONE	cession_0004__m1337_cell_split	adversarial	in_footer		hidden	8(812)6188052
unread_zone_in_footer	PHONE	labor_0004	adversarial	in_footer		hidden	8(495)9226482
unread_zone_in_footer	PHONE	labor_0004__m2718_case	adversarial	in_footer		hidden	8(495)9226482
unread_zone_in_footer	PHONE	labor_0012	adversarial	in_footer		hidden	8(846)8968487
unread_zone_in_footer	PHONE	lease_0002	adversarial	in_footer		hidden	8(495)4852257
unread_zone_in_footer	PHONE	services_0006	adversarial	in_footer		hidden	8(812)6098160
unread_zone_in_footer	PHONE	works_0008	adversarial	in_footer		hidden	8(499)4716335
unread_zone_in_footnote	ADDRESS	agency_0006	adversarial	in_footnote		LEAK	101000, г. Москва, пер. Полевая, д. 30, кв. 194
unread_zone_in_footnote	ADDRESS	cession_0006	adversarial	in_footnote		hidden	141400, г. Химки, ул. Мира, д. 2, кв. 39
unread_zone_in_footnote	ADDRESS	labor_0006	adversarial	in_footnote		LEAK	344002, г. Ростов-на-Дону, ш. Космонавтов, д. 82, кв. 31
unread_zone_in_footnote	ADDRESS	lease_0012	adversarial	in_footnote		hidden	394000, г. Воронеж, ш. Лесная, д. 59, кв. 143
unread_zone_in_footnote	ADDRESS	lease_0012__m1337_cell_split	adversarial	in_footnote		hidden	394000, г. Воронеж, ш. Лесная, д. 59, кв. 143
unread_zone_in_footnote	ADDRESS	loan_0006	adversarial	in_footnote		LEAK	344002, г. Ростов-на-Дону, ул. Пушкина, д. 85, кв. 31
unread_zone_in_footnote	ADDRESS	sale_0002	adversarial	in_footnote		LEAK	614000, г. Пермь, просп. Кутузовский, д. 64, кв. 99
unread_zone_in_footnote	ADDRESS	sale_0002__m2718_cell_split	adversarial	in_footnote		LEAK	614000, г. Пермь, просп. Кутузовский, д. 64, кв. 99
unread_zone_in_footnote	ADDRESS	sale_0012	adversarial	in_footnote		LEAK	143000, г. Одинцово, пер. Космонавтов, д. 9, кв. 55
unread_zone_in_footnote	ADDRESS	services_0008	adversarial	in_footnote		LEAK	141300, г. Сергиев Посад, пер. Полевая, д. 63, кв. 27
unread_zone_in_footnote	INN	agency_0006	adversarial	in_footnote		hidden	6584461879
unread_zone_in_footnote	INN	cession_0006	adversarial	in_footnote		hidden	0184096116
unread_zone_in_footnote	INN	labor_0006	adversarial	in_footnote		hidden	2916792527
unread_zone_in_footnote	INN	labor_0006__m1337_case	adversarial	in_footnote		hidden	2916792527
unread_zone_in_footnote	INN	lease_0012	adversarial	in_footnote		hidden	2269514711
unread_zone_in_footnote	INN	lease_0012__m1337_cell_split	adversarial	in_footnote		hidden	2269514711
unread_zone_in_footnote	INN	loan_0006	adversarial	in_footnote		hidden	6541079263
unread_zone_in_footnote	INN	sale_0002	adversarial	in_footnote		hidden	3491768608
unread_zone_in_footnote	INN	sale_0002__m2718_cell_split	adversarial	in_footnote		hidden	3491768608
unread_zone_in_footnote	INN	sale_0012	adversarial	in_footnote		hidden	2565142492
unread_zone_in_footnote	INN	sale_0012__m2718_case	adversarial	in_footnote		hidden	2565142492
unread_zone_in_footnote	INN	services_0008	adversarial	in_footnote		hidden	7795727671
unread_zone_in_footnote	PER	agency_0006	adversarial	in_footnote		hidden	Кузнецов Роман Николаевич
unread_zone_in_footnote	PER	cession_0006	adversarial	in_footnote		hidden	Смирнова Татьяна Андреевна
unread_zone_in_footnote	PER	cession_0006__m2718_digit_spaces	adversarial	in_footnote		hidden	Смирнова Татьяна Андреевна
unread_zone_in_footnote	PER	labor_0006	adversarial	in_footnote		hidden	Пирогова Светлана Егоровна
unread_zone_in_footnote	PER	lease_0012	adversarial	in_footnote		hidden	Орлов Владимир Михайлович
unread_zone_in_footnote	PER	lease_0012__m1337_cell_split	adversarial	in_footnote		hidden	Орлов Владимир Михайлович
unread_zone_in_footnote	PER	loan_0006	adversarial	in_footnote		hidden	Сидоров Роман Егорович
unread_zone_in_footnote	PER	sale_0002	adversarial	in_footnote		hidden	Максимова Светлана Петровна
unread_zone_in_footnote	PER	sale_0002__m2718_cell_split	adversarial	in_footnote		hidden	Максимова Светлана Петровна
unread_zone_in_footnote	PER	sale_0012	adversarial	in_footnote		hidden	Киселёв Михаил Владимирович
unread_zone_in_footnote	PER	services_0008	adversarial	in_footnote		hidden	Зайцев Михаил Дмитриевич
unread_zone_in_footnote	PER	services_0008__m1337_digit_spaces	adversarial	in_footnote		hidden	Зайцев Михаил Дмитриевич
unread_zone_in_header	EMAIL	agency_0002	adversarial	in_header		hidden	sidorova@mail.ru
unread_zone_in_header	EMAIL	agency_0002__m2718_digit_spaces	adversarial	in_header		hidden	sidorova@mail.ru
unread_zone_in_header	EMAIL	cession_0002	adversarial	in_header		hidden	makarov@gmail.com
unread_zone_in_header	EMAIL	cession_0002__m2718_cell_split	adversarial	in_header		hidden	makarov@gmail.com
unread_zone_in_header	EMAIL	labor_0002	adversarial	in_header		hidden	oganesyan@romashka.ru
unread_zone_in_header	EMAIL	labor_0010	adversarial	in_header		hidden	melnik@sibtrans.ru
unread_zone_in_header	EMAIL	labor_0010__m1337_cell_split	adversarial	in_header		hidden	melnik@sibtrans.ru
unread_zone_in_header	EMAIL	sale_0008	adversarial	in_header		hidden	ershova@gmail.com
unread_zone_in_header	EMAIL	sale_0008__m1337_digit_spaces	adversarial	in_header		hidden	ershova@gmail.com
unread_zone_in_header	EMAIL	services_0004	adversarial	in_header		hidden	orlov@bk.ru
unread_zone_in_header	EMAIL	services_0004__m1337_cell_split	adversarial	in_header		hidden	orlov@bk.ru
unread_zone_in_header	EMAIL	services_0014	adversarial	in_header		hidden	guseva@sibtrans.ru
unread_zone_in_header	EMAIL	services_0014__m1337_case	adversarial	in_header		hidden	guseva@sibtrans.ru
unread_zone_in_header	EMAIL	works_0006	adversarial	in_header		hidden	novikov@gmail.com
unread_zone_in_header	EMAIL	works_0006__m1337_digit_spaces	adversarial	in_header		hidden	novikov@gmail.com
unread_zone_in_header	PHONE	agency_0002	adversarial	in_header		hidden	+7 (383) 383-56-70
unread_zone_in_header	PHONE	cession_0002	adversarial	in_header		hidden	+7 (499) 125-61-37
unread_zone_in_header	PHONE	cession_0002__m2718_cell_split	adversarial	in_header		hidden	+7 (499) 125-61-37
unread_zone_in_header	PHONE	labor_0002	adversarial	in_header		hidden	+7 (383) 186-40-57
unread_zone_in_header	PHONE	labor_0010	adversarial	in_header		hidden	+7 (499) 711-73-62
unread_zone_in_header	PHONE	labor_0010__m1337_cell_split	adversarial	in_header		hidden	+7 (499) 711-73-62
unread_zone_in_header	PHONE	sale_0008	adversarial	in_header		hidden	+7 (846) 406-40-97
unread_zone_in_header	PHONE	services_0004	adversarial	in_header		hidden	+7 (812) 672-45-37
unread_zone_in_header	PHONE	services_0004__m1337_cell_split	adversarial	in_header		hidden	+7 (812) 672-45-37
unread_zone_in_header	PHONE	services_0014	adversarial	in_header		hidden	+7 (383) 779-15-94
unread_zone_in_header	PHONE	services_0014__m1337_case	adversarial	in_header		hidden	+7 (383) 779-15-94
unread_zone_in_header	PHONE	works_0006	adversarial	in_header		hidden	+7 (812) 229-62-35
unread_zone_in_header	PHONE	works_0006__m1337_digit_spaces	adversarial	in_header		hidden	+7 (812) 229-62-35
unread_zone_in_textbox	PER	agency_0008	adversarial	in_textbox		hidden	Семёнов Сергей Егорович
unread_zone_in_textbox	PER	cession_0008	adversarial	in_textbox		hidden	Семёнов Владимир Михайлович
unread_zone_in_textbox	PER	cession_0008__m1337_digit_spaces	adversarial	in_textbox		hidden	Семёнов Владимир Михайлович
unread_zone_in_textbox	PER	labor_0008	adversarial	in_textbox		hidden	Ершова Екатерина Алексеевна
unread_zone_in_textbox	PER	labor_0008__m2718_cell_split	adversarial	in_textbox		hidden	Ершова Екатерина Алексеевна
unread_zone_in_textbox	PER	lease_0006	adversarial	in_textbox		hidden	Петрова Наталья Ивановна
unread_zone_in_textbox	PER	loan_0008	adversarial	in_textbox		hidden	Титова Наталья Олеговна
unread_zone_in_textbox	PER	sale_0004	adversarial	in_textbox		hidden	Волков Олег Павлович
unread_zone_in_textbox	PER	sale_0004__m1337_cell_split	adversarial	in_textbox		hidden	Волков Олег Павлович
unread_zone_in_textbox	PER	sale_0014	adversarial	in_textbox		hidden	Белов Артём Павлович
unread_zone_in_textbox	PER	services_0010	adversarial	in_textbox		hidden	Виноградов Сергей Петрович
unread_zone_in_textbox	PER	works_0002	adversarial	in_textbox		hidden	Кузнецова Вера Андреевна
unread_zone_in_textbox	PER	works_0002__m1337_cell_split	adversarial	in_textbox		hidden	Кузнецова Вера Андреевна
unread_zone_in_textbox	PER	works_0012	adversarial	in_textbox		hidden	Семёнов Юрий Михайлович
unread_zone_in_textbox	PHONE	agency_0008	adversarial	in_textbox		hidden	+7 (383) 140-80-23 доб. 510
unread_zone_in_textbox	PHONE	agency_0008__m2718_case	adversarial	in_textbox		hidden	+7 (383) 140-80-23 доб. 510
unread_zone_in_textbox	PHONE	cession_0008	adversarial	in_textbox		hidden	+7 (499) 583-65-19 доб. 343
unread_zone_in_textbox	PHONE	labor_0008	adversarial	in_textbox		hidden	+7 (843) 249-51-42 доб. 541
unread_zone_in_textbox	PHONE	labor_0008__m2718_cell_split	adversarial	in_textbox		hidden	+7 (843) 249-51-42 доб. 541
unread_zone_in_textbox	PHONE	lease_0006	adversarial	in_textbox		hidden	+7 (846) 854-96-55 доб. 518
unread_zone_in_textbox	PHONE	lease_0006__m2718_case	adversarial	in_textbox		hidden	+7 (846) 854-96-55 доб. 518
unread_zone_in_textbox	PHONE	loan_0008	adversarial	in_textbox		hidden	+7 (846) 173-27-20 доб. 109
unread_zone_in_textbox	PHONE	loan_0008__m2718_case	adversarial	in_textbox		hidden	+7 (846) 173-27-20 доб. 109
unread_zone_in_textbox	PHONE	sale_0004	adversarial	in_textbox		hidden	+7 (846) 289-43-11 доб. 259
unread_zone_in_textbox	PHONE	sale_0004__m1337_cell_split	adversarial	in_textbox		hidden	+7 (846) 289-43-11 доб. 259
unread_zone_in_textbox	PHONE	sale_0014	adversarial	in_textbox		hidden	+7 (499) 932-59-55 доб. 979
unread_zone_in_textbox	PHONE	sale_0014__m1337_case	adversarial	in_textbox		hidden	+7 (499) 932-59-55 доб. 979
unread_zone_in_textbox	PHONE	services_0010	adversarial	in_textbox		hidden	+7 (495) 905-88-44 доб. 188
unread_zone_in_textbox	PHONE	works_0002	adversarial	in_textbox		hidden	+7 (843) 982-79-72 доб. 910
unread_zone_in_textbox	PHONE	works_0002__m1337_cell_split	adversarial	in_textbox		hidden	+7 (843) 982-79-72 доб. 910
unread_zone_in_textbox	PHONE	works_0012	adversarial	in_textbox		hidden	+7 (499) 916-97-46 доб. 558
unread_zone_in_textbox	PHONE	works_0012__m1337_case	adversarial	in_textbox		hidden	+7 (499) 916-97-46 доб. 558
unread_zone_nested_table	ACCOUNT	agency_0002	adversarial	nested_table		hidden	40802810445145901597
unread_zone_nested_table	ACCOUNT	agency_0010	adversarial	nested_table		hidden	40802810717011235378
unread_zone_nested_table	ACCOUNT	agency_0010__m1337_case	adversarial	nested_table		hidden	40802810717011235378
unread_zone_nested_table	ACCOUNT	labor_0010	adversarial	nested_table		hidden	40817810661898519375
unread_zone_nested_table	ACCOUNT	labor_0010__m1337_cell_split	adversarial	nested_table		hidden	40817810661898519375
unread_zone_nested_table	ACCOUNT	sale_0006	adversarial	nested_table		hidden	40802810166008185855
unread_zone_nested_table	ACCOUNT	services_0004	adversarial	nested_table		hidden	40802810900664549727
unread_zone_nested_table	ACCOUNT	services_0004__m1337_cell_split	adversarial	nested_table		hidden	40802810900664549727
unread_zone_nested_table	ACCOUNT	services_0012	adversarial	nested_table		hidden	40802810517983701081
unread_zone_nested_table	ACCOUNT	services_0012__m2718_case	adversarial	nested_table		hidden	40802810517983701081
unread_zone_nested_table	PER	agency_0002	adversarial	nested_table		hidden	Беляев О. О.
unread_zone_nested_table	PER	agency_0002__m2718_digit_spaces	adversarial	nested_table		hidden	Беляев О. О.
unread_zone_nested_table	PER	agency_0010	adversarial	nested_table		LEAK	Попов О. О.
unread_zone_nested_table	PER	labor_0010	adversarial	nested_table		hidden	Сидоров Ю. О.
unread_zone_nested_table	PER	labor_0010__m1337_cell_split	adversarial	nested_table		hidden	Сидоров Ю. О.
unread_zone_nested_table	PER	sale_0006	adversarial	nested_table		hidden	Волков В. С.
unread_zone_nested_table	PER	sale_0006__m2718_digit_spaces	adversarial	nested_table		hidden	Волков В. С.
unread_zone_nested_table	PER	services_0004	adversarial	nested_table		hidden	Белов Р. Д.
unread_zone_nested_table	PER	services_0004__m1337_cell_split	adversarial	nested_table		hidden	Белов Р. Д.
unread_zone_nested_table	PER	services_0012	adversarial	nested_table		hidden	Семёнов М. О.
unread_zone_out_of_body	ADDRESS	agency_0006__m1337_combo	adversarial	mut:combo		LEAK	101О­00 , г. МоСkВа, ПеР. пО‍ЛеВаЯ, д. 30, Кв. І9Ч
unread_zone_out_of_body	ADDRESS	agency_0006__m2718_homoglyph	adversarial	mut:homoglyph		LEAK	10І00О, г. Moсква, пер. Полевая, д. 30, кв. 194
unread_zone_out_of_body	ADDRESS	cession_0006__m1337_invisible	adversarial	mut:invisible		LEAK	141400, г. Химки,­ ул. Ми⁠ра, д. 2,­ кв. 39
unread_zone_out_of_body	ADDRESS	cession_0006__m2718_digit_spaces	adversarial	mut:digit_spaces		hidden	141-400, г. Химки, ул. Мира, д. 2, кв. 39
unread_zone_out_of_body	ADDRESS	labor_0006__m1337_case	adversarial	mut:case		LEAK	344002, г. РоСтОв-нА-ДоНу, Ш. кОсМоНаВтОв, Д. 82, кВ. 31
unread_zone_out_of_body	ADDRESS	labor_0006__m2718_linebreak	adversarial	mut:linebreak		LEAK	344002, г. Ростов-на-Дону, ш. Космонавтов, д. 82\n, кв. 31
unread_zone_out_of_body	ADDRESS	lease_0012__m2718_invisible	adversarial	mut:invisible		LEAK	3‍94 000, г. Воронеж, ш. Лесная,​ д. 59, кв. 143
unread_zone_out_of_body	ADDRESS	loan_0006__m1337_combo	adversarial	mut:combo		LEAK	3ч4оо2, г. pостов-на- дону, у л. пушкин а, д. 85, кв. 31
unread_zone_out_of_body	ADDRESS	loan_0006__m2718_homoglyph	adversarial	mut:homoglyph		LEAK	З44002, г. Ростoв-нa-Дoну, ул. Пушкина, д. 85, кв. 31
unread_zone_out_of_body	ADDRESS	sale_0002__m1337_linebreak	adversarial	mut:linebreak		LEAK	614000, г. Пермь, просп. Кутузовский, д\n. 64, кв. 99
unread_zone_out_of_body	ADDRESS	sale_0012__m1337_homoglyph	adversarial	mut:homoglyph		LEAK	1Ч3000, г. Одинцoво, пep. Космонавтов, д. 9, кв. 55
unread_zone_out_of_body	ADDRESS	sale_0012__m2718_case	adversarial	mut:case		LEAK	143000, Г. ОДИНЦОВО, ПЕР. КОСМОНАВТОВ, Д. 9, КВ. 55
unread_zone_out_of_body	ADDRESS	services_0008__m1337_digit_spaces	adversarial	mut:digit_spaces		LEAK	141 3 00, г. Сергиев Посад, пер. Полевая, д. 63, кв. 27
unread_zone_out_of_body	ADDRESS	services_0008__m2718_combo	adversarial	mut:combo		LEAK	14і30о, г. cергиев пo сад,­ пер. полевая, д. 63, кв. ⁠27
unread_zone_out_of_body	EMAIL	agency_0002__m1337_invisible	adversarial	mut:invisible		hidden	sidor⁠ov­a@mail.ru
unread_zone_out_of_body	EMAIL	cession_0002__m1337_linebreak	adversarial	mut:linebreak		hidden	makarov@gma\nil.com
unread_zone_out_of_body	EMAIL	labor_0002__m1337_combo	adversarial	mut:combo		hidden	O‍GANESYAN@RОМASH КА.R​U
unread_zone_out_of_body	EMAIL	labor_0002__m2718_homoglyph	adversarial	mut:homoglyph		hidden	oganesyan@rоmashкa.ru
unread_zone_out_of_body	EMAIL	labor_0010__m2718_invisible	adversarial	mut:invisible		hidden	m elnik@sibt⁠r ans.ru
unread_zone_out_of_body	EMAIL	loan_0002__m1337_invisible	adversarial	mut:invisible		hidden	p​iro gova@gmail.⁠com
unread_zone_out_of_body	EMAIL	sale_0008__m2718_combo	adversarial	mut:combo		hidden	eRs​hO­Vа@gMaIl.cOм
unread_zone_out_of_body	EMAIL	services_0004__m2718_invisible	adversarial	mut:invisible		hidden	orl⁠ov@bk.ru
unread_zone_out_of_body	EMAIL	services_0014__m2718_linebreak	adversarial	mut:linebreak		hidden	guseva@sibtr\nans.ru
unread_zone_out_of_body	EMAIL	works_0006__m2718_combo	adversarial	mut:combo		hidden	N​OVIКОV@GМАIL‍.COM
unread_zone_out_of_body	INN	agency_0006__m1337_combo	adversarial	mut:combo		hidden	658Ч4бІ87 9
unread_zone_out_of_body	INN	agency_0006__m2718_homoglyph	adversarial	mut:homoglyph		hidden	6584Чб1879
unread_zone_out_of_body	INN	cession_0006__m1337_invisible	adversarial	mut:invisible		hidden	01840 96116
unread_zone_out_of_body	INN	cession_0006__m2718_digit_spaces	adversarial	mut:digit_spaces		hidden	018 409 61 16
unread_zone_out_of_body	INN	labor_0006__m2718_linebreak	adversarial	mut:linebreak		hidden	2916792\n527
unread_zone_out_of_body	INN	lease_0012__m2718_invisible	adversarial	mut:invisible		hidden	22695147 11
unread_zone_out_of_body	INN	loan_0006__m1337_combo	adversarial	mut:combo		hidden	б5410­79263
unread_zone_out_of_body	INN	loan_0006__m2718_homoglyph	adversarial	mut:homoglyph		hidden	65Ч10792б3
unread_zone_out_of_body	INN	sale_0002__m1337_linebreak	adversarial	mut:linebreak		hidden	349176\n8608
unread_zone_out_of_body	INN	sale_0012__m1337_homoglyph	adversarial	mut:homoglyph		hidden	2565І42492
unread_zone_out_of_body	INN	services_0008__m1337_digit_spaces	adversarial	mut:digit_spaces		hidden	7795 7276 7 1
unread_zone_out_of_body	INN	services_0008__m2718_combo	adversarial	mut:combo		hidden	77957­2767І
unread_zone_out_of_body	PER	agency_0004__m2718_combo	adversarial	mut:combo		hidden	СMИРН­ОВ P­. И.
unread_zone_out_of_body	PER	agency_0006__m1337_combo	adversarial	mut:combo		hidden	k​yЗнЕцОв рОм­аН Hи kОлАеВиЧ
unread_zone_out_of_body	PER	agency_0006__m2718_homoglyph	adversarial	mut:homoglyph		hidden	Кузнецов Роман Ниkолаевич
unread_zone_out_of_body	PER	cession_0004__m2718_invisible	adversarial	mut:invisible		LEAK	Волков­а­ Е. А.
unread_zone_out_of_body	PER	cession_0006__m1337_invisible	adversarial	mut:invisible		hidden	Сми⁠р нова Татьяна Андреевн‍а
unread_zone_out_of_body	PER	labor_0004__m1337_homoglyph	adversarial	mut:homoglyph		hidden	Титова O. Д.
unread_zone_out_of_body	PER	labor_0004__m2718_case	adversarial	mut:case		hidden	тИтОвА О. д.
unread_zone_out_of_body	PER	labor_0006__m1337_case	adversarial	mut:case		hidden	ПИРОГОВА СВЕТЛАНА ЕГОРОВНА
unread_zone_out_of_body	PER	labor_0006__m2718_linebreak	adversarial	mut:linebreak		hidden	Пирогов\nа Светлана Егоровна
unread_zone_out_of_body	PER	labor_0012__m1337_invisible	adversarial	mut:invisible		hidden	Та­расо​в Н. А.
unread_zone_out_of_body	PER	lease_0002__m2718_combo	adversarial	mut:combo		hidden	нoвикoв c.  ю­.
unread_zone_out_of_body	PER	lease_0012__m2718_invisible	adversarial	mut:invisible		hidden	Орлов Владимир М​иха йл⁠ович
unread_zone_out_of_body	PER	loan_0004__m2718_combo	adversarial	mut:combo		hidden	бeл­oв е. п.
unread_zone_out_of_body	PER	loan_0006__m1337_combo	adversarial	mut:combo		hidden	CИДOPОВ РO МАН ЕГОР­О⁠ВИЧ
unread_zone_out_of_body	PER	loan_0006__m2718_homoglyph	adversarial	mut:homoglyph		hidden	Сидоpов Ромaн Егoрoвич
unread_zone_out_of_body	PER	sale_0002__m1337_linebreak	adversarial	mut:linebreak		hidden	Максимова Светла\nна Петровна
unread_zone_out_of_body	PER	sale_0012__m1337_homoglyph	adversarial	mut:homoglyph		LEAK	Kиcелёв Mихаил Владиmирович
unread_zone_out_of_body	PER	sale_0012__m2718_case	adversarial	mut:case		hidden	кИсЕлЁв мИхАиЛ ВлАдИмИрОвИч
unread_zone_out_of_body	PER	services_0006__m1337_invisible	adversarial	mut:invisible		hidden	Сем ёнов ­О. Д.
unread_zone_out_of_body	PER	services_0008__m2718_combo	adversarial	mut:combo		hidden	3a й цев  mихaил дмитриевич
unread_zone_out_of_body	PER	works_0008__m1337_combo	adversarial	mut:combo		hidden	кpылова⁠ ю. e­.
unread_zone_out_of_body	PER	works_0008__m2718_homoglyph	adversarial	mut:homoglyph		hidden	Крылова Ю. E.
unread_zone_out_of_body	PHONE	agency_0002__m1337_invisible	adversarial	mut:invisible		hidden	+7 (3‍83) 383­-56-7 0
unread_zone_out_of_body	PHONE	agency_0002__m2718_digit_spaces	adversarial	mut:digit_spaces		hidden	+7 (383-) 383--56-70
unread_zone_out_of_body	PHONE	agency_0004__m1337_digit_spaces	adversarial	mut:digit_spaces		hidden	8(383)178 4 068
unread_zone_out_of_body	PHONE	agency_0004__m2718_combo	adversarial	mut:combo		hidden	8 (З83)17­840б8
unread_zone_out_of_body	PHONE	cession_0002__m1337_linebreak	adversarial	mut:linebreak		hidden	+7 (499) 125-61\n-37
unread_zone_out_of_body	PHONE	cession_0004__m2718_invisible	adversarial	mut:invisible		hidden	8(­812)6­188052
unread_zone_out_of_body	PHONE	labor_0002__m1337_combo	adversarial	mut:combo		hidden	+7  (38З‍)  18б-40-57
unread_zone_out_of_body	PHONE	labor_0002__m2718_homoglyph	adversarial	mut:homoglyph		hidden	+7 (З83) І86-4О-57
unread_zone_out_of_body	PHONE	labor_0004__m1337_homoglyph	adversarial	mut:homoglyph		hidden	8(Ч95)9226Ч82
unread_zone_out_of_body	PHONE	labor_0010__m2718_invisible	adversarial	mut:invisible		hidden	+7­ (499) 71 1-7⁠3-62
unread_zone_out_of_body	PHONE	labor_0012__m1337_invisible	adversarial	mut:invisible		hidden	8(846⁠)896​8487
unread_zone_out_of_body	PHONE	labor_0012__m2718_digit_spaces	adversarial	mut:digit_spaces		hidden	8(846)8968 48 7
unread_zone_out_of_body	PHONE	lease_0002__m1337_digit_spaces	adversarial	mut:digit_spaces		hidden	8(495 )4852 257
unread_zone_out_of_body	PHONE	lease_0002__m2718_combo	adversarial	mut:combo		hidden	8(495)‍Ч8 52257
unread_zone_out_of_body	PHONE	loan_0002__m1337_invisible	adversarial	mut:invisible		hidden	+7 (⁠8‍12 ) 116-82-15
unread_zone_out_of_body	PHONE	loan_0004__m2718_combo	adversarial	mut:combo		hidden	8( 8І2)б519​б87
unread_zone_out_of_body	PHONE	sale_0008__m1337_digit_spaces	adversarial	mut:digit_spaces		hidden	+7 (846) 406 -40-97
unread_zone_out_of_body	PHONE	sale_0008__m2718_combo	adversarial	mut:combo		hidden	+‍7 (84б­) 40 б-40-97
unread_zone_out_of_body	PHONE	services_0004__m2718_invisible	adversarial	mut:invisible		hidden	+7  ​( 812) 672-45-37
unread_zone_out_of_body	PHONE	services_0006__m1337_invisible	adversarial	mut:invisible		hidden	8(812​) 6098160
unread_zone_out_of_body	PHONE	services_0006__m2718_digit_spaces	adversarial	mut:digit_spaces		hidden	8(812-)609-816-0
unread_zone_out_of_body	PHONE	services_0014__m2718_linebreak	adversarial	mut:linebreak		hidden	+7 (383) 779-\n15-94
unread_zone_out_of_body	PHONE	works_0006__m2718_combo	adversarial	mut:combo		hidden	+7 (812) ​2 29-б2-‍35
unread_zone_out_of_body	PHONE	works_0008__m1337_combo	adversarial	mut:combo		hidden	8(499)4716 З 35
unread_zone_out_of_body	PHONE	works_0008__m2718_homoglyph	adversarial	mut:homoglyph		hidden	8(499)Ч716ЗЗ5
